psa_id,domain,title,text,language,source_url,published_at,urgency,organization,metadata
psa_2026_000001,governance,PUBLIC NOTICE15th Jul 2026,"The Commission reminds all voters that taking photographs or recording images of marked ballot papers inside the polling booth is strictly prohibited and constitutes an election offence under Section 7(3)(e) of the Election Offences Act, No. 37 of 2016. Section 7(3)(e) of the Election Offences Act states that a person attending any proceedings relating to an election who, without lawful excuse, captures an image of any marked ballot for purposes of financial gain or for showing allegiance, commits an offence. The offence is punishable by a fine not exceeding KSh 1 million, or imprisonment for a term not exceeding three years, or both. The Commission urges all voters to comply with this legal requirement in order to protect the secrecy and integrity of the ballot. For accurate and up-to-date information, please visit our official website (https://iebc.or.ke) and follow our verified social media platforms (@IEBCKenya). #16thJulyByElection #YourVoteYourVoice #TalkWithIEBC #StopFakeNews",en,https://www.iebc.or.ke/news/?PUBLIC_NOTICE,,low,Independent Electoral and Boundaries Commission,"{""adapter"": ""generic_html""}"
psa_2026_000004,governance,Tomorrow is Voting Day15th Jul 2026,"Tomorrow is Voting Day! The people of Ol Kalou Constituency in Nyandarua County will head to the polls to elect their Member of the National Assembly in the #16thJulyByElection. Polling stations will be open from 6:00 a.m. to 5:00 p.m. To vote, you must present your original National Identity Card or a valid Kenyan passport at your designated polling station. Any time lost during the opening of polling stations will be compensated at closing. All voters who are in the queue by 5:00 p.m. will be allowed to vote. For accurate, timely and verified election information, visit our official website at https://iebc.or.ke and follow our verified social media platforms @IEBCKenya. #16thJulyByElection #YourVoteYourVoice #TalkWithIEBC #StopFakeNews",en,https://www.iebc.or.ke/news/?Tomorrow_is_Voting_Day,,low,Independent Electoral and Boundaries Commission,"{""adapter"": ""generic_html""}"
psa_2026_000009,governance,IEBC Electoral Code Committee Finds Nakuru Town East MP Guilty of Code of Conduct Breach14th Jul 2026,"The IEBC Electoral Code of Conduct Enforcement Committee, chaired by Commissioner Dr. Alutalala Mukhwana, has found the Member of the National Assembly for Nakuru Town East, Hon. David Gikaria, guilty of breaching the Electoral Code of Conduct. The Committee imposed several sanctions, including directing the legislator to issue a public apology and formally retract the offending remarks. He was also warned against committing similar violations in future, with the Committee cautioning that any subsequent breaches will attract more severe penalties, including the possibility of being barred from participating in elective politics. Additionally, Hon. Gikaria has been ordered to pay a fine of KSh 2.5 million within 48 hours. The Committee has also referred the matter to the Office of the Director of Public Prosecutions (ODPP) for investigation into possible offences under the Election Offences Act. #16thJulyByElection #YourVoteYourVoice #TalkWithIEBC #StopFakeNews",en,https://www.iebc.or.ke/news/?IEBC_Electoral_Code_Committee_Finds_Nakuru_Town_East_MP_Guilty_of_Code_of_Conduct_Breach,,high,Independent Electoral and Boundaries Commission,"{""adapter"": ""generic_html""}"
psa_2026_000010,governance,Press Release -  Update on Preparedness for the 16th July 2026 Ol Kalou By-Election14th Jul 2026,"The Commission wishes to inform the nation that all preparations for the by-election scheduled for Thursday, 16th July 2026, to fill the position of Member of National Assembly for Ol Kalou Constituency in Nyandarua County are progressing as planned. All registered voters in Ol Kalou Constituency MUST present their national identity card or valid passport on polling day, as these remain the primary identification documents required for voting. The Register of Voters for the Ol Kalou Constituency by-election remains secure. Claims that the Register has been manipulated are false, misleading and unsupported by evidence. The Commission condemns such misleading claims and urges all stakeholders to refrain from spreading misinformation and disinformation. Polling stations will open at 6:00 a.m. and close at 5:00 p.m. Where polling commences later than scheduled due to unforeseen circumstances, the lost time will be compensated to ensure that voters receive the full polling period. All voters who are in the queue by 5:00 p.m. will be allowed to cast their ballots. Taking photographs or recording images of marked ballot papers inside the polling booth is strictly prohibited and constitutes an election offence under Section 7(3)(e) of the Election Offences Act, No. 37 of 2016. The Commission, in close collaboration with the National Police Service, has put in place adequate security arrangements to ensure a peaceful and orderly electoral process. Two uniformed police officers will be deployed at every polling station, while additional officers will be stationed at tallying centres to maintain law and order and safeguard the integrity of the election. All political parties, candidates, agents and supporters are reminded that compliance with the Electoral Code of Conduct is mandatory. The Commission will not hesitate to invoke all enforcement measures provided for under the Electoral Code of Conduct without fear or favour. The Commission's investigation team is actively investigating all alleged violations with a view to fully enforcing the Code. The Commission calls upon voters, political parties, candidates, observers, civil society organizations and members of the public to report any electoral offence or breach of the Electoral Code of Conduct. Members of the public are encouraged to REPORT and PROVIDE evidence of any electoral malpractice to the Commission, the National Police Service or any other authorized investigative agency. The Commission remains steadfast in its commitment to delivering a peaceful, free, fair, transparent and credible election whose outcome reflects the freely expressed will of the people. Registered voters of Ol Kalou Constituency: Your vote is your voice. Turn out in large numbers, cast your ballot and peacefully shape the future of your constituency. Download: https://bit.ly/3R5P5sh #16thJulyByElection #YourVoteYourVoice #TalkWithIEBC #StopFakeNews",en,https://www.iebc.or.ke/news/?Press_Release_-__Update_on_Preparedness_for_the_16th_July_2026_Ol_Kalou_By-Election,,low,Independent Electoral and Boundaries Commission,"{""adapter"": ""generic_html""}"
psa_2026_000017,governance,"IEBC, UNDP Collaborate to Enhance Electoral Integrity and Preparedness for 20279th Jun 2026","The Commission, led by Chairperson Erastus Ethekon, today attended a meeting of the local Project Appraisal Committee (LPAC) of the UNDP-led Elections Project document to finalise plans for the Elections Basket Fund project ahead of the 2027 General Election. Speaking during the meeting, Ethekon thanked the development partners, security agencies, gender, youth and women groups present for their support and noted that an election is not a one-day event but a journey where agencies walk together to help achieve an inclusive, transparent, credible, free and fair election. ""This collaboration is important for us to build trust and legitimacy of the electoral processes. It is the framework to support elections and a vehicle to mobilise resources for both technical and financial support in the build-up to the 2027 General Election,"" said Ethekon. The Elections Project document defines the scope, outcomes, outputs and activities required to be implemented prior to the 2027 General Election. If approved and implemented, it will enhance stakeholder engagement and strengthen efforts towards delivering a transparent and credible election. ""Election is a journey and I call upon everyone present here today to act responsibly, be accountable for the resources available and work together to achieve tangible results. This document will be taken to the Attorney General and National Treasury for approval before we sign and implement it. I will follow up on the remaining processes to ensure that it is cleared and approved,"" said Ethekon. Commissioner Ann Nderitu, CBS, said the Elections Project document is anchored on five priorities arising from the 2025 Needs Assessment Mission, including: participation of youth, women and people living with disabilities; strengthening stakeholder engagement and communication; capacity building and technical assistance; electoral security, preparation and early risk awareness coordination; and information integrity to counter misinformation, disinformation and online harm. UNDP’s Resident Representative Jean-Luc Stalon reiterated their support in ensuring the Commission delivers on its constitutional mandate. UNDP has played a pivotal role over successive elections in supporting Kenya to deepen its democracy by contributing to institutional capacity and electoral integrity. LPAC is a mandatory review mechanism where key national partners and concerned UN agencies formally evaluate the project's design, budget availability and technical alignment. The expected outcome is a formal endorsement of the project document before submission to the Office of the Attorney General and National Treasury for approval. #16thJulyByelection #KuraYakoSautiYako #IEBCStrategicPlan #IEBCEOP",en,"https://www.iebc.or.ke/news/?IEBC,_UNDP_Collaborate_to_Enhance_Electoral_Integrity_and_Preparedness_for_2027",,medium,Independent Electoral and Boundaries Commission,"{""adapter"": ""generic_html""}"
psa_2026_000019,governance,Accreditation Open for Election Observers and Media Practitioners for Ol-Kalou By-Election4th Jun 2026,"PUBLIC NOTICE The Independent Electoral and Boundaries Commission (IEBC) invites applications from eligible organizations to be accredited as: 1. Election Observers 2. Media Practitioners for the Ol-Kalou Constituency Member of National Assembly (MNA) By-Election scheduled for Thursday, 16th July 2026. How to Apply: Submit your application via the IEBC Accreditation Management System (AMS): https://ams.iebc.or.ke Application Deadline: Tuesday, 30th June 2026 at 5.00 p.m. Download the official advert: https://bit.ly/49Le0rr #16thJulyByelection #KuraYakoSautiYako #IEBCStrategicPlan #IEBCEOP",en,https://www.iebc.or.ke/news/?Accreditation_Open_for_Election_Observers_and_Media_Practitioners_for_Ol-Kalou_By-Election,,high,Independent Electoral and Boundaries Commission,"{""adapter"": ""generic_html""}"
psa_2026_000022,governance,IEBC Holds Planning Meeting Ahead of Ol-Kalou Parliamentary By-Election19th May 2026,"The Commission today held a planning meeting ahead of the Ol-Kalou Constituency parliamentary by-election scheduled for 16th July 2026. The meeting brought together election officials to review preparedness and align operational plans for the upcoming exercise. Speaking during the meeting, Commissioner Ann Nderitu, CBS officially opened the session and emphasized areas critical to the successful conduct of the by-election. These included data protection, photography within the polling booth, access control at polling centres, and the expected conduct of election officials throughout the electoral process. The planning meeting provided a platform for officials to share lessons learned from previous elections, identify emerging issues requiring intervention, and develop appropriate mitigation measures. Participants also reviewed key by-election activities, timelines, budgets, operational procedures, and expectations as part of the Commission’s preparations to deliver a free, fair and credible election. #16thJulyByelection #YourVoteYourFuture #TalkWithIEBC #StopFakeNews",en,https://www.iebc.or.ke/news/?IEBC_Holds_Planning_Meeting_Ahead_of_Ol-Kalou_Parliamentary_By-Election,,medium,Independent Electoral and Boundaries Commission,"{""adapter"": ""generic_html""}"
psa_2026_000024,governance,"IEBC, Ministry of Interior Hold Consultative Meeting Ahead of 2027 General Election15th May 2026","The Commission today, in Nairobi, held a consultative meeting with the Ministry of Interior and National Administration. The engagement focused on strengthening collaboration, particularly in the area of issuance of national identification cards, election security preparedness and conflict management and peacebuilding. While addressing the meeting, the Cabinet Secretary for Interior and National Administration, Kipchumba Murkomen, assured the Commission of the Ministry’s commitment to continuous collaboration and consultation to ensure that the 2027 General Election is credible, peaceful, and reflective of the fundamental principles of good governance. IEBC Chairperson, Erastus Edung Ethekon, thanked the Ministry for its support during the recently concluded Enhanced Continuous Voter Registration drive, as well as the by-elections conducted peacefully on Thursday, May 14. “Today’s engagement is both timely and necessary. Elections are not the responsibility of a single institution. Successful elections require strong coordination, continuous consultation, and mutual support among institutions charged with safeguarding democracy, peace, security, and the rule of law,” said Ethekon. The Chairperson further emphasized that the success of the 2027 General Election will largely depend on how effectively institutions coordinate and collaborate today. He reaffirmed the IEBC’s commitment to working closely with the Ministry of Interior and National Administration, development partners, and all relevant stakeholders to ensure peaceful, transparent, credible, and inclusive elections. #16thJulyByelections #YourVoteYourFuture #TalkWithIEBC #StopFakeNews",en,"https://www.iebc.or.ke/news/?IEBC,_Ministry_of_Interior_Hold_Consultative_Meeting_Ahead_of_2027_General_Election",,low,Independent Electoral and Boundaries Commission,"{""adapter"": ""generic_html""}"
psa_2026_000025,governance,Public Notice: No Photos or Videos Allowed Inside Polling Booths14th May 2026,"Public Notice DO NOT take Photos or Record videos in the Polling Booth. The secrecy and sanctity of the vote must be preserved at all times. Photography and Video Recording is strictly PROHIBITED in the POLLING BOOTH. Doing so constitutes an election offence under Section 7(3)(e) of the Election Offences Act, No. 37 of 2016. Section 7(3)(e) of the Election Offences Act states that a person attending any proceedings relating to an election who, without lawful excuse, captures an image of any marked ballot for purposes of financial gain or for showing allegiance, commits an offence. The offence is punishable by: a fine not exceeding KSh 1 million, or imprisonment for a term not exceeding 3 years, or both. #14thMayByelections #16thJulyByelections #YourVoteYourFuture #TalkWithIEBC #StopFakeNews",en,https://www.iebc.or.ke/news/?Public_Notice:_No_Photos_or_Videos_Allowed_Inside_Polling_Booths,,medium,Independent Electoral and Boundaries Commission,"{""adapter"": ""generic_html""}"
psa_2026_000026,governance,"IEBC Vice Chairperson Fahima Araphat Abdallah, OGW, Leads IEBC Team in 2027 Budget Presentation to JLAC14th May 2026","The Commission, led by Vice Chairperson Fahima Araphat Abdallah, OGW, appeared before the National Assembly Departmental Committee on Justice and Legal Affairs (JLAC) on May 12th 2026, chaired by Hon. George Gitonga Murugara, to present the 2027 General Election budget, implementation status for the FY 2025/26 budget, project information, proposed new projects and pending bills. The Vice-Chairperson emphasized that credible elections require more than ballot papers, highlighting the importance of logistics, ICT systems, transport, ballot boxes and other operational services. Further, she observed that stakeholder engagements with diverse groups across the country is essential for electoral preparedness ahead of the 2027 General Election. She explained that different forums are required for youth, persons with disabilities, marginalized communities, and constituency-based stakeholders. The Commission also confirmed that simulation exercises and testing of election technology had been budgeted for to ensure adequate preparedness. Other activities include Enhanced Continuous Voter Registration - Phase Two, expansion of diaspora voter registration to more countries, procurement of additional Kenya Integrated Management System kits, and geospatial mapping of new polling stations in response to growth in the register of voters. JLAC members urged the Commission to have clear electoral timelines and timely reforms. In response, the Commission stated that all timelines had been incorporated into the Electoral Operations Plan and Strategic Plan, which are to be launched in June 2026 following stakeholder validation. The Committee assured the Commission of its support, while emphasizing the need for timely preparations, cost efficiency and value for public funds. #14thMayByelections #16thJulyByelections #YourVoteYourFuture #TalkWithIEBC #StopFakeNews",en,"https://www.iebc.or.ke/news/?IEBC_Vice_Chairperson_Fahima_Araphat_Abdallah,_OGW,_Leads_IEBC_Team_in_2027_Budget_Presentation_to_JLAC",,low,Independent Electoral and Boundaries Commission,"{""adapter"": ""generic_html""}"
psa_2026_000027,governance,IEBC Commissioner Dr. Alutalala Joins African Dialogue on Election Observer Accreditation12th May 2026,"Today, IEBC Commissioner Dr. Alutalala Mukhwana, Chairperson of the Voter Education, Partnerships, Communication and Stakeholder Engagement Committee, attended a Joint Dialogue on Citizen Election Observer Accreditation in Africa. The event brought together senior electoral commissioners and directors from Election Management Bodies (EMBs) in Ghana, Malawi, the Democratic Republic of Congo, South Africa, Nigeria, and Kenya to discuss strengthening accreditation frameworks for citizen election observers across the continent. While opening the roundtable discussion, Dr. Mukhwana noted that elections in Africa attract enormous public interest and expectation. He emphasized that election observation is no longer a ceremonial addition to the democratic process, but an integral part of electoral integrity. He added that the presence of observers helps simplify and communicate complex electoral processes to the public, thereby enhancing transparency, accountability, and trust in electoral administration. He further observed that EMBs and observer groups continue to face challenges such as administrative friction, scalability, and technological changes. He stated that IEBC is currently undertaking efforts to modernize its accreditation management systems, adding that such dialogues provide an important platform for progressive solutions and institutional reform. Dr. Alutalala underscored that despite differing national experiences, the shared objective remains the establishment of a gold standard for accreditation that balances the integrity and security of electoral processes with inclusivity and openness. He concluded by stressing that true democratic fidelity requires grassroots civil society organizations, community networks, and observer groups to have a place at the national democratic table. Mr. Richard Klein, Global Director for Elections at the National Democratic Institute (NDI), noted that EMBs and non-partisan citizen election observers have both built significant capacity over the past four decades in promoting credible elections. He added that while accreditation is intended to support transparent, participatory, and accountable elections, global trends show that the process is becoming increasingly complex, creating challenges for both EMBs and observer groups. The event serves as a platform for constructive networking and engagement between EMBs and citizen observer groups, reaffirming non-partisan citizen observation as a cornerstone of transparent and accountable elections across Africa.",en,https://www.iebc.or.ke/news/?IEBC_Commissioner_Dr._Alutalala_Joins_African_Dialogue_on_Election_Observer_Accreditation,,medium,Independent Electoral and Boundaries Commission,"{""adapter"": ""generic_html""}"
psa_2026_000029,governance,IEBC Receives Ballot Papers Ahead of 14th May By-Elections11th May 2026,"Independent Electoral and Boundaries Commission(IEBC) today morning received three pallets containing ballot papers and statutory forms at Jomo Kenyatta International Airport (JKIA), Nairobi, ahead of 14th May 2026 By-elections for Member of National Assembly for Emurua Dikirr Constituency in Narok County and Member of County Assembly: Porro Ward in Samburu County and Endo Ward in Elgeyo Marakwet County. The ballot papers and statutory forms were printed by Inform Lykos (Hellas) SA in Athens, Greece. The Commission invited political parties and the media to witness the arrival and dispatch of the election materials to enhance transparency as it emphasized its dedication to conducting free, fair, and credible elections. The Pallets were then ferried to the Commission’s central warehouse in Nairobi Industrial area, where dispatch of all election materials to constituency tallying centres is set to begin this morning. All other preparations for the by-elections including security and dispatch of materials, are at an advanced stage. The Commission is currently training polling officials, after which all trainees will take the Oath of Secrecy. Campaigns end today at 5pm. With all systems in place, the Commission is fully prepared to conduct the by-elections. #14thMayByelections | #YourVoteYourFuture | #TalkwithIEBC | #StopFakeNews",en,https://www.iebc.or.ke/news/?IEBC_Receives_Ballot_Papers_Ahead_of_14th_May_By-Elections,,medium,Independent Electoral and Boundaries Commission,"{""adapter"": ""generic_html""}"
psa_2026_000033,governance,IEBC Holds Election Operation Plan Validation Workshop Ahead of 2027 General Election9th May 2026,"The Commission held an Election Operation Plan (EOP) 2025–2027 validation workshop. The EOP is a comprehensive document covering key electoral operations such as voter registration, boundary delimitation, technology deployment, logistics, staff recruitment and training, election security, as well as risk management and accountability frameworks to safeguard the integrity of the electoral cycle. Joyce Ekuam, Acting Director of Voter Education, Partnerships and Communications (DVEP&C), noted that voter registration is still ongoing at IEBC constituency offices, Huduma Centres, and the Customer Experience Centre at Anniversary Towers. She urged eligible citizens to turn out in large numbers and register as voters, emphasizing that voter registration is the gateway to democratic participation. Dr. Meshack Lomoywara, Acting Director of Research, Electoral Boundaries and Risk Management (DREB&RM), noted that the draft Election Operation Plan (EOP) is being reviewed during the workshop to ensure consensus before its official launch. He stated that the document will also undergo internal and external stakeholder validation before proceeding to the next phase for approval and adoption. He emphasized the importance of the team present at the workshop, noting that their contribution to the development of the plan is significant and should not be taken for granted. He also appreciated the participants for their commitment and input in shaping the document. Ruth Kulundu, DCS - Operations, while officially opening the workshop, noted that the 2027 General Election (#2027GE) will be a high-stakes election requiring high levels of public confidence in IEBC. She stated that the Commission’s role is to ensure elections are free from operational disruptions, with credible systems inorder to deliver peaceful and secure processes trusted by all stakeholders. She further emphasized that operational readiness must cover all counties, including remote areas, through adequate distribution of materials and proper training of personnel. She added that the Election Operation Plan (EOP) provides timelines for key activities and identifies responsible officers, strongly urging participants to remain focused and committed to strengthening preparedness for a credible electoral process.",en,https://www.iebc.or.ke/news/?IEBC_Holds_Election_Operation_Plan_Validation_Workshop_Ahead_of_2027_General_Election,,low,Independent Electoral and Boundaries Commission,"{""adapter"": ""generic_html""}"
psa_2026_000035,governance,IEBC Chairperson Rallies Elgeyo Marakwet Stakeholders to Boost Voter Registration Erastus Ethekon Leads Voter Registration Mobilization Drive in Elgeyo Marakwet25th Apr 2026,"The Commission Chairperson Erastus Ethekon paid a courtesy call on the Elgeyo Marakwet County Governor, Wisley Kipyegon Rotich, and David Kosgei, County Commission, during his tour of Elgeyo Marakwet, as part of stakeholder engagement with local leaders and to provide support, quality assurance and oversight of the Enhanced Continuous Voter Registration (ECVR). During the engagement, Ethekon said elections start with a credible voters roll. As citizen, it’s your civic duty to participate in the election process to deepen our democracy. Independent Electoral and Boundaries Commission(IEBC) will clean the register so as to have an inclusive and verified Register of Voters. He urged local leaders, the clergy and all stakeholders to support @IEBCKenya activities and link voter registration to services provided by government for the youth to feel essence of belonging. “Our Commissioners and staff are traversing the entire country to engage the people to understand their challenges and successes. Democracy is about a government by the people for the people. Register as a voter, exercise your voting right and elect a government of your choice,” said Ethekon. Governor Rotich observed that his government will go to the villages, especially on Saturday to Tuesday, to mobilise all remaining eligible citizens to come up and register as voters prior to the closure of the #ECVR2026 on 28th April, 2026. “There are many reasons why you need to enlist as a voter. Resource allocation from national and county government is pegged on the population. The bursary, roads, electricity and many other resources are shared based on numbers. So when we register, we will have our voice heard on the national resource sharing table.” Governor Rotich said that the County was strategizing on how to have 100 percent turnout for youth and all eligible people who wish to register, transfer their polling stations or change particulars can utilize the remaining days to visit registration centres. He applauded IEBC on being innovative and addressing emerging challenges concerning youth voter registration. #ECVR2026 #YourVoteYourFuture #14thMayByelections #TalkWithIEBC #StopFakeNews",en,https://www.iebc.or.ke/news/?IEBC_Chairperson_Rallies_Elgeyo_Marakwet_Stakeholders_to_Boost_Voter_Registration_Erastus_Ethekon_Leads_Voter_Registration_Mobilization_Drive_in_Elgeyo_Marakwet,,medium,Independent Electoral and Boundaries Commission,"{""adapter"": ""generic_html""}"
psa_2026_000036,governance,IEBC Commissioner Prof. Francis Aduol Strengthens Voter Registration Drive in Migori25th Apr 2026,"Huduma Centre–based voter registration has emerged as a key milestone in the ongoing voter registration drive. During his visit to Migori County, IEBC Commissioner Prof. Francis Aduol engaged with clerks and officials overseeing the Enhanced Continuous Voter Registration (ECVR), including those stationed at the Huduma Centre in Migori Town. As part of his backstopping tour of Migori county, Prof. Aduol paid courtesy calls to the County Governor Prof. Ochilo Ayacko as well as the County Commissioner Mr. Kisilu Mutua. Both leaders affirmed their commitment to mobilizing all available resources and administrative structures to ensure that every eligible voter is reached and encouraged to register. The Commissioner also held discussions with various stakeholders, including boda boda operators, who pledged to promote peace and encourage full participation in the electoral process. Prof. Aduol, in turn, assured stakeholders of the Commission’s commitment to delivering elections that are free, fair, and transparent. #ECVR2026 #YourVoteYourFuture #14thMayByelections #TalkWithIEBC #StopFakeNews",en,https://www.iebc.or.ke/news/?IEBC_Commissioner_Prof._Francis_Aduol_Strengthens_Voter_Registration_Drive_in_Migori,,medium,Independent Electoral and Boundaries Commission,"{""adapter"": ""generic_html""}"
psa_2026_000037,governance,IEBC Vice Chairperson Fahima Araphat Rallies Taita Taveta Residents for Final Voter Registration Push25th Apr 2026,"IEBC Vice Chairperson Fahima Araphat Abdallah, OGW was in Taita Taveta County holding a forum with State Actors to receive feedback and share ways to mobilize citizens to come out and register as voters. The meeting was preceded by a 2.5km walk in Voi town, where residents were mobilized to take part in the ongoing voter registration exercise. The Vice Chairperson called on all eligible Kenyans to take advantage of the remaining five days to register as voters and to surpass the set targets, stressing that elections are a continuous process that begins with registration. She urged citizens to participate actively while remaining peaceful and to reject any form of incitement that could undermine national unity. Speaking during the forum, the Vice Chairperson emphasized that peace and security remain the foundation of any successful electoral process, noting that instability in some regions locally and globally has shown how quickly lives, education and economic progress can be disrupted, hence the need to safeguard peace in the country. Drawing from experiences in Lamu and cases of students forced to return home from conflict affected countries, she noted that instability comes at a heavy personal and national cost, reinforcing the importance of maintaining peace especially during the electoral period. She also reaffirmed the Commission’s commitment to inclusivity and transparency, noting that no eligible voter will be left behind, including youth, women, persons with disabilities and inmates. She assured stakeholders that the Commission is prepared to deliver free, fair, inclusive, credible, and transparent elections, emphasizing that success will depend on the collective responsibility of all Kenyans to uphold peace and support the electoral process. Ag. CEM Taita Taveta County Christine Munga noted that the county’s vastness and remoteness continue to pose challenges to voter registration, while Deputy County Commissioner (DCC) Voi Mugo Gichiri assured that the administration will support the Commission and work closely with other stakeholders to ensure the success of the exercise. The meeting was attended by the DCC, Taita Taveta National Polytechnic (TTNP) Principal Shaw Fondo Kalama, the County Head of Security, County Heads of Departments including Education and the Registrar of Persons, administrative units comprising Chiefs and Assistant Chiefs, as well as IEBC staff from the county. #ECVR2026 #YourVoteYourFuture #14thMayByelections #TalkWithIEBC #StopFakeNews",en,https://www.iebc.or.ke/news/?IEBC_Vice_Chairperson_Fahima_Araphat_Rallies_Taita_Taveta_Residents_for_Final_Voter_Registration_Push,,medium,Independent Electoral and Boundaries Commission,"{""adapter"": ""generic_html""}"
psa_2026_000038,governance,IEBC Commissioner Dr. Alutalala Mukhwana Strengthens ECVR Drive in Marsabit and Laikipia25th Apr 2026,"As the Marsabit County ECVR mobilization and backstopping mission concluded, Commissioner Dr. Alutalala Mukhwana visited the Independent Electoral and Boundaries Commission(IEBC) Laisamis Constituency Office, where he engaged Senior Elections Officer Benson Esuza and ECVR clerks for feedback. He commended the team for an exceptional performance surpassing their target at 124% despite challenging conditions, with success attributed to strong collaboration with chiefs, assistant chiefs, and village elders. The Commissioner then proceeded to Laikipia County, where he paid a courtesy call to County Commissioner Duncan Muyesu, appreciating the continued partnership with the IEBC Laikipia team. The County Commissioner reaffirmed his commitment to ensuring that no eligible voter is left behind. In a subsequent engagement, Commissioner Dr. Alutalala Mukhwana met IEBC Laikipia staff led by County Elections Manager Obadiah Gacoki, alongside ECVR clerks and key stakeholders, including Boda Boda representatives from Nanyuki. He applauded their efforts and urged them to maximize the remaining days of registration. The session also provided a platform for feedback, voter education, and strategy alignment to accelerate outreach. The takeaway: collaboration, local leadership and urgency remain central to delivering an inclusive and successful voter registration exercise. #ECVR2026 #YourVoteYourFuture #14thMayByelections #TalkWithIEBC #StopFakeNews",en,https://www.iebc.or.ke/news/?IEBC_Commissioner_Dr._Alutalala_Mukhwana_Strengthens_ECVR_Drive_in_Marsabit_and_Laikipia,,medium,Independent Electoral and Boundaries Commission,"{""adapter"": ""generic_html""}"
psa_2026_000039,governance,IEBC Commissioner Marykaren Sorobit Oversees Voter Registration in Bomet County25th Apr 2026,"IEBC Commissioner Marykaren Sorobit visited Bomet County to oversee the ongoing Enhanced Continuous Voter Registration (ECVR) exercise taking place across the country. The Commissioner met security representatives from Bomet County to strengthen collaboration and explore practical ways of addressing emerging issues on the ground, and ensuring that adequate security is maintained throughout the exercise. Commissioner Sorobit also held a consultatitive meeting with Bomet County staff led by the County Elections Manager Naisiae Tobiko. The meeting highlighted challenges faced by registration officers, and discussed sustainable solutions moving forward. Commissioner Sorobit assured the team of the Commission’s continued support during the exercise and beyond. #ECVR2026 #YourVoteYourFuture #14thMayByelections #TalkWithIEBC #StopFakeNews",en,https://www.iebc.or.ke/news/?IEBC_Commissioner_Marykaren_Sorobit_Oversees_Voter_Registration_in_Bomet_County,,medium,Independent Electoral and Boundaries Commission,"{""adapter"": ""generic_html""}"
psa_2026_000040,governance,"IEBC Commissioner Dr. Ann Nderitu, CBS Calls for Public Trust and Institutional Strengthening at ICS Conference25th Apr 2026","IEBC Commissioner Dr. Ann Nderitu, CBS attended the Institute of Certified Secretaries (ICS) 30th Annual International Conference in Mombasa, themed “Resilient Governance for Thriving Economies.” Commissioner Dr. Ann took part in a panel discussion on rebuilding public trust in electoral institutions, alongside JLAC’s Chairperson Hon. George Gitonga Murugara, CBS (MP for Tharaka Constituency), Senior Counsel Charles Kanjama, President of the Law Society of Kenya (LSK), and Amb. FCS Dr. Koki Muli Grignon. Dr. Ann likened the electoral process to the role of a midwife, explaining that just as a midwife ensures the safe delivery of a child without determining the gender, the Commission facilitates the electoral process without influencing the outcome. This, she noted, underscores the Commission's commitment to delivering a transparent, credible, free, fair and inclusive electoral process. She highlighted the importance of shared responsibility in protecting electoral institutions. While public scrutiny is necessary, sustained attacks on institutions can weaken public confidence and hinder their effectiveness. She urged Kenyans to foster patience and trust in institutional processes while continuing to demand accountability. Dr. Ann also stressed the need to strengthen institutional capacity through continuous staff training, adequate resourcing and proper management of the Register of Voters (RoV) and election materials. She added that sufficient funding is critical, as elections are resource-intensive and require proper financial support to ensure effective implementation. She concluded by underscoring that credible elections depend on collaboration among all electoral stakeholders, including the government, the electoral body, voters, citizens, inter alia. She noted that such collaboration would ensure that IEBC delivers transparent, inclusive, free, fair elections, which are key to building public trust and strengthening democracy. #ECVR2026 #YourVoteYourFuture #14thMayByelections #TalkWithIEBC #StopFakeNews",en,"https://www.iebc.or.ke/news/?IEBC_Commissioner_Dr._Ann_Nderitu,_CBS_Calls_for_Public_Trust_and_Institutional_Strengthening_at_ICS_Conference",,medium,Independent Electoral and Boundaries Commission,"{""adapter"": ""generic_html""}"
psa_2026_000041,governance,IEBC Chairperson Leads CSR and Stakeholder Engagement in Turkana During ECVR25th Apr 2026,"The Independent Electoral and Boundaries Commission(IEBC) Chairperson Erastus Ethekon together with Kenya Literature Bureau (KLB) Managing Director George Wanga, jointly undertook a Corporate Social Responsibility (CSR) by distributing textbooks, stationery and footballs to several schools that converged at RCEA Secondary School in Lokori, Turkana East Constituency during quality assurance and oversight of the Enhanced Continuous Voter Registration (ECVR). The Commission also held a stakeholder engagement forum and met with local youth groups, women groups, elders, marginalized communities, PWDs, CBO, religious leaders and Turkana Professional Association. The locals voiced their challenges in accessing voter registration centers owing to poor road network and insecurity. “We are here to listen to all Kenyans and your petitions will be reviewed and acted upon. IEBC’s verification portal is accurate and working and any voter can verify their details in the system using their mobile phones or online,” said Ethekon. The Chairperson said that the Commission had agreed not to stay in office, but to visit each part of the country to oversee the registration of voters and engage stakeholders including the national government to enhance issuance of national Identity Cards to make all Kenyans participate in the electoral process and have a legitimate and transparent 2027 General Election. Locals leaders shared challenges affecting Turkana County such as accessibility of registration centers, insecurity, boundaries and inclusion. However, the Chaiperson observed that without the required population number, there cannot be as many wards as communities want “Distribution of national resources requires numbers, even at county level the distribution is based on population,” he said. Ethekon urged Kenyans to come out register and be counted. He also called upon religious leaders to take the registration exercise seriously and ask their congregants to embrace the exercise. The Chairperson also took the opportunity to meet IEBCTurkana County staff led by County Elections Manager Amos Obonyo, who voiced their challenges and concerns in implementating #ECVR2026. Turkana county is among the top ten counties leading in new voter registration in the ongoing ECVR. Ethekon lauded the efforts put in place by the IEBC staff, the local leadership and all stakeholders in Turkana County to ensure ECVR is a success. The Commission targets to register over 2.5 million new voters during the ECVR, which ends on 28th April 2026. Thereafter, the Continuous Voter Registration (CVR) will resume at the 57 Huduma centres, @IEBCKenya 290 constituencies across the country and Customer Experience Center at Anniversary Towers. Turkana East MP Nicholas Nixon Ngikolong, who handed a memorandum/petition to the chairperson, highlighted the challenges the constituents are enduring in a bid to access registration as voters under the ongoing ECVR exercise. The vast constituency covers roughly 70,000 square kilometres. #ECVR2026 #YourVoteYourFuture #14thMayByelections #TalkWithIEBC #StopFakeNews",en,https://www.iebc.or.ke/news/?IEBC_Chairperson_Leads_CSR_and_Stakeholder_Engagement_in_Turkana_During_ECVR,,low,Independent Electoral and Boundaries Commission,"{""adapter"": ""generic_html""}"
psa_2026_000043,governance,"IEBC Commissioner Hassan Noor Hassan, EBS Rallies Voters in Tharaka Nithi and Meru Ahead of ECVR Deadline21st Apr 2026","With 7 days in the offing to the conclusion of the 2026 Enhanced Continuous Voter Registration (ECVR) exercise, IEBC Commissioner Hassan Noor Hassan held stakeholder engagements in Tharaka Nithi and Meru Counties, calling on eligible voters to register before the fast-approaching deadline of Tuesday 28th April 2026. Commissioner Hassan met the security leadership led by County Commissioner (CC)Tharaka Nithi County, David Kitonga and Deputy County Commissioner (DCC) Chuka, Benson Karani who reiterated their assured security support to the IEBC team, electoral materials and activities throughout the electoral cycle. “You’re currently located in a Church, hopefully, in the near future, we can work with the Returning Officer to see if we could move IEBC premises to a secured area, to enhance your security,” said CC Kitonga. Separately, County Commissioner of Meru, Jacob Ouma called on residents to collect identification cards at their offices, saying that many remain uncollected, directly affecting their eligibility to register as voters. On his part Commissioner Hassan emphasised the need of intensified security as the General Elections draw near. “Peaceful elections are 70% security dependant, continue supporting our staff in security related matters, identify hot spots and create early warnings.Ensure all polling stations are protected, safety of staff taken seriously. Create a situation room,” Commissioner Hassan said. As the Chairperson of Human Resources (HR) and Administration Committee, Commissioner Hassan met staff based in the two counties, assuring them of continued support and assured security during the entire electoral cycle. “The Commission is looking into pertinent HR issues that have been left unattended for a while: we value your input and dedication to the electoral cause.” #ECVR2026 #YourVoteYourFuture #14thMayByelections #TalkWithIEBC #StopFakeNews",en,"https://www.iebc.or.ke/news/?IEBC_Commissioner_Hassan_Noor_Hassan,_EBS_Rallies_Voters_in_Tharaka_Nithi_and_Meru_Ahead_of_ECVR_Deadline",,high,Independent Electoral and Boundaries Commission,"{""adapter"": ""generic_html""}"
psa_2026_000044,governance,IEBC Vice Chairperson Rallies Kilifi Stakeholders as Voter Registration Deadline Nears16th Apr 2026,"With 12 days remaining before the conclusion of the Enhanced Continuous Voter Registration (ECVR) exercise, IEBC Vice Chairperson Fahima Araphat Abdallah, OGW, led Kilifi County stakeholder engagement forum aimed at strengthening voter registration efforts. The forum seeks to gather input and support from various stakeholders while encouraging eligible residents to register before the deadline on Thursday 28th April 2026. The engagement brought together representatives from government, civil society, the private sector, and community leadership to discuss practical strategies for increasing voter turnout. Discussions focused on addressing barriers to registration and enhancing collaboration to ensure more eligible citizens are reached within the remaining period. The Vice Chairperson noted that the Commission launched the exercise on 30th March to bring services closer to the people. Over 12,000 clerks, largely youth, were deployed across wards nationwide, with some conducting door to door registration to ensure inclusivity, particularly for persons with disabilities and other underserved groups. She emphasized that there will be no extension beyond 28th April 2026 due to budgetary constraints and urged eligible citizens to take advantage of the remaining days. After the deadline, registration services will continue at constituency offices, Huduma Centres, and the IEBC Customer Experience Centre at Anniversary Towers. She also reminded citizens that only a national ID or valid passport is required to vote not the acknowledge slip. The Vice Chairperson commended the national government for providing security during the exercise and stressed the importance of maintaining peace and stability. She called on all stakeholders to work together in safeguarding the country’s stability and to act as ambassadors in mobilizing more citizens to register. During the forum, Acting County Elections Manager Jumaa Musa Jumaa outlined strategies to enhance voter registration in Kilifi County, emphasizing the importance of a credible voter register and community based approaches. Kilifi North Deputy County Commissioner Samuel Mutisya also appreciated the initiative, noting ongoing mobilization efforts but highlighting delays in national ID issuance as a key challenge, and calling for expedited processing to improve registration outcomes. #ECVR2026 #YourVoteYourFuture #14thMayByelections #TalkWithIEBC #StopFakeNews",en,https://www.iebc.or.ke/news/?IEBC_Vice_Chairperson_Rallies_Kilifi_Stakeholders_as_Voter_Registration_Deadline_Nears,,high,Independent Electoral and Boundaries Commission,"{""adapter"": ""generic_html""}"
psa_2026_000046,governance,Commissioner Dr. Alutalala Leads ECVR Backstopping Mission to Boost Registration in Vihiga County16th Apr 2026,"Commissioner Dr. Alutalala Mukhwana undertook an Enhanced Continuous Voter Registration (ECVR) backstopping visit in Vihiga County to review progress and gather feedback on ongoing voter registration efforts. During the visit, he met with Vihiga County Commissioner Peter Maina and County Police Commander Daniel Chirchir, who pledged full administrative and security support to ensure a peaceful and effective registration exercise. Dr. Alutalala also held discussions with the IEBC Vihiga County team led by Hudson Salonei, Ag. County Elections Manager, who highlighted key operational challenges including voter apathy and low collection of national ID cards, among others. The IEBC Vihiga County team also convened a stakeholder engagement meeting that brought together representatives from across the county, including youth, women, and persons with disabilities (PWDs), as well as state and non-state actors, NGAO, media, and community representatives. The forum provided a platform for inclusive dialogue, feedback, and strengthened collaboration in support of the ECVR exercise. The County Commissioner, who was present during the meeting, assured the IEBC team of targeted interventions, particularly through strengthened collaboration with chiefs in Vihiga County to ensure that uncollected IDs are issued so that young people can register as voters. He emphasized improved inter-agency coordination, enhanced field support, and continuous feedback mechanisms to boost voter registration and ensure Vihiga County meets its target for new registered voters. #ECVR2026 #YourVoteYourFuture #14thMayByelections #TalkWithIEBC #StopFakeNews",en,https://www.iebc.or.ke/news/?Commissioner_Dr._Alutalala_Leads_ECVR_Backstopping_Mission_to_Boost_Registration_in_Vihiga_County,,medium,Independent Electoral and Boundaries Commission,"{""adapter"": ""generic_html""}"
psa_2026_000047,governance,IEBC Intensifies Stakeholder Engagement to Boost Voter Registration in Busia14th Apr 2026,"As the Enhanced Continuous Voter Registration (ECVR) exercise progresses, Independent Electoral and Boundaries Commission(IEBC) continues to intensify stakeholder engagement across the country to ensure that as many eligible Kenyans as possible are registered within the ongoing 30-day exercise ending on 28th April 2026. Led by Commissioner Dr. Alutalala Mukhwana, the Commission today engaged a wide range of stakeholders, including Busia County leadership, County Commissioner, Sub-County administrators, media, representatives of persons with disabilities (PWDs), women, youth, county security teams, the Registrar of Persons, as well as civil society and community representatives. The engagement reaffirmed that credible and inclusive elections are a shared responsibility that extends beyond the Commission. During the discussions, several key issues were raised that are crucial to the success of the ECVR exercise. Stakeholders highlighted the challenge of uncollected national identification cards, noting that many eligible citizens remain unregistered simply because they have not picked up their IDs. To address this, there were strong calls for enhanced collaboration between IEBC, the National Registration Bureau (NRB), National Government Administrative Officers (NGAO), and Nyumba Kumi elders to facilitate the delivery of IDs to their rightful owners, while the Commission simultaneously deploys voter registration kits closer to communities. Dr. Paul Otuoma, Governor of Busia County, pledged full support and continued collaboration with IEBC, both during the ECVR period and beyond. He called upon all county government structures—including CECs and Heads of Departments—to actively mobilize the public, especially the youth, to come out and register. He underscored that elections cannot be left to IEBC alone and urged a multi-stakeholder approach to ensure that no eligible Kenyan with an ID is left out of the process. Stephen Orinde, Busia County Commissioner, pledged to work closely with IEBC offices, sub-county administrators, chiefs, assistant chiefs and village elders to ensure maximum outreach. He also assured the public of adequate security during voter registration and in the lead-up to the General Election, reinforcing confidence in a safe and orderly process. In a strong show of support, NGAO assured the Commission of its commitment to help achieve voter registration targets by mobilizing communities at the grassroots level, learning from high-performing sub-counties, and replicating best practices across the region. Additionally, NGAO reaffirmed its role in ensuring security throughout the exercise, committing to curb any form of goonism or insecurity and to guarantee a peaceful and conducive environment for voter registration. Stakeholders also emphasized the urgent need to address the growing threat of misinformation, disinformation, and mal-information, particularly on social media platforms. There was a collective call for all partners and the public to verify information through official IEBC channels before acting on or sharing it, in order to safeguard the integrity of the electoral process. #ECVR2026 #YourVoteYourFuture #14thMayByelections #TalkWithIEBC #StopFakeNews",en,https://www.iebc.or.ke/news/?IEBC_Intensifies_Stakeholder_Engagement_to_Boost_Voter_Registration_in_Busia,,high,Independent Electoral and Boundaries Commission,"{""adapter"": ""generic_html""}"
psa_2026_000048,governance,IEBC Engages Laikipia Stakeholders to Boost Voter Registration and Inclusion14th Apr 2026,"Independent Electoral and Boundaries Commission(IEBC) today led by Commissioner Dr. Ann Nderitu CBS, convened a stakeholder engagement meeting in Laikipia County, bringing together stakeholders from all constituencies in Laikipia. The engagement forms part of the Commission’s ongoing stakeholder engagement and mobilization efforts under the Enhanced Continuous Voter Registration (ECVR) exercise. While addressing the stakeholders, Commissioner Dr. Ann Nderitu emphasized the importance of inclusive participation in strengthening democratic processes. “We are all here because of one shared goal: to strengthen our country’s democracy. Kenya is already a strong democracy, built over years of progress and resilience, where citizens are free to express themselves within the law, reflecting our democratic maturity,” she said. Commissioner Ann called upon all stakeholders to support the ongoing ECVR process to ensure that every eligible citizen with a national ID is registered. An inclusive voter register is the foundation of a credible election, and no eligible citizen should be left behind. However, she observed that democracy is not only about expression it is about participation. True participation begins with voter registration. Without it, citizens cannot fully take part in shaping leadership and governance. “Each of us has a civic responsibility to identify gaps and help reach those who are not yet registered, including persons with disabilities and other vulnerable groups who may face barriers in accessing registration services. As a society, we must deliberately reach out to them and ensure they are not left behind,” said Commissioner Ann. The County Election Manager for Laikipia County, Mr. Obadiah Kariuki, while opening the session, delivered a detailed presentation on the electoral process. He guided participants through the various phases of the electoral cycle, underscoring the critical role of public participation at every stage. He emphasized that the Commission places great importance on stakeholder engagement, recognizing that it cannot work in isolation. These engagements promote inclusivity and enable stakeholders to contribute meaningfully to electoral processes. The County Commissioner for Laikipia County , Mr. Duncan Muyesu also noted that the stakeholder engagement was not a formality but an essential part of the democratic process. He emphasized that elections are not an event but a continuous national responsibility. When elections succeed, the country succeeds collectively, and all stakeholders share a duty to uphold the Constitution and the rule of law. #ECVR2026 #YourVoteYourFuture #14thMayByelections #TalkWithIEBC #StopFakeNews",en,https://www.iebc.or.ke/news/?IEBC_Engages_Laikipia_Stakeholders_to_Boost_Voter_Registration_and_Inclusion,,medium,Independent Electoral and Boundaries Commission,"{""adapter"": ""generic_html""}"
psa_2026_000051,governance,IEBC Engages Tana River Stakeholders to Boost Voter Registration14th Apr 2026,"Independent Electoral and Boundaries Commission(IEBC) Vice Chairperson Fahima Araphat Abdallah, OGW, together with Hon. Sen. Dr. Danson Mungatana, MGH, PhD, Senator for Tana River County and IEBC Tana River County Elections Manager Yonah Ogalo, held a stakeholders’ engagement meeting on the Enhanced Continuous Voter Registration (ECVR) exercise. The Vice Chairperson urged residents of Tana River County to exercise their democratic duty by registering as voters in preparation for the #2027GE. Hon. Sen. Dr. Mungatana encouraged residents of Tana River County to take the next step after registration by turning out to vote during elections. #ECVR2026 #YourVoteYourFuture #14thMayByelections #TalkWithIEBC #StopFakeNews",en,https://www.iebc.or.ke/news/?IEBC_Engages_Tana_River_Stakeholders_to_Boost_Voter_Registration,,medium,Independent Electoral and Boundaries Commission,"{""adapter"": ""generic_html""}"
psa_2026_000053,governance,"IEBC, KCA University and ICPAK Lead Youth Voter Registration Drive in Nairobi10th Apr 2026","The Commission teamed up with the Students Association of KCA University (SAKU) and ICPAK to hold a two-day voter registration drive under the Enhanced Continuous Voter Registration #ECVR2026 at the KCA University, Ruaraka Main Campus along Thika Road, Nairobi. The Commission is deliberate in its strategies to reach out to young voters, especially those in higher learning institutions to boost these numbers ahead of the 2027 General Election, ensuring every eligible citizen and youth who has turned 18-years old across Kenya has a chance to shape Kenya’s democratic future. Commissioner Dr Alutalala Mukhwana, the Chairperson of the Voter Education, Partnerships, Communication & Stakeholder Engagement Committee, while presiding over the launch of the exercise at KCA University, said the youth, who make up more than 75% of our population should claim their rightful place in shaping Kenya’s future. “Registering today is your voice in tomorrow’s election. This is your moment and I believe the young people don’t have to wait for tomorrow, their moment is today. Come and register as a voter TODAY. Carry your National ID or a Valid Passport. When you register, you boost the credibility, legitimacy and inclusiveness of our election,” said Alutalala. Prof. Damiannah Kieti Manono, the Deputy Vice-Chancellor, Finance, Planning and Development, lauded @IEBCKenya and welcomed them in the University saying the students are ready to embrace #ECVR2026 noting that it is their chance to register today and vote next year. SAKU Chairperson called upon comrades to come out as one team, get registered and be ready to vote at the 2027 General Election. “The number of young people in the country is massive. We know numbers don't lie and we have trust in @IEBCKenya. Let’s us come out and embrace this noble exercise that empowers us young people to be heard on the ballot. We need to make the right choices, which starts with us registering,” said Odida. CPA Dr Grace Kamau, the CEO of the Institute of Certified Public Accountants of Kenya (ICPAK), noted that they have over 40,000 membership and will be happy to spread the awareness message to all professionals and enhance good governance and accountable leadership. The IEBC CPAs undertook an ECVR drive to ICPAK (the body that accredits Accountants) and KCA university, which is owned by ICPAK. The accountants noted that they are supporting the Commission in delivering its mandate, and enhancing electoral inclusivity. #ECVR2026 #YourVoteYourFuture #14thMayByelections #TalkWithIEBC #StopFakeNews",en,"https://www.iebc.or.ke/news/?IEBC,_KCA_University_and_ICPAK_Lead_Youth_Voter_Registration_Drive_in_Nairobi",,medium,Independent Electoral and Boundaries Commission,"{""adapter"": ""generic_html""}"
psa_2026_000054,governance,Register as a Voter Today!10th Apr 2026,"Register as a Voter Today! You do not need to travel to your home county to register. The Commission has deployed open kits, which allow a citizen to register as a voter for any polling station in Kenya from the registration center near you. Enhanced Continuous Voter Registration (ECVR) will take place for 30days upto Tuesday 28th April 2026. Voter Registration during ECVR will take place in: County Assembly Wards on a rotational basis in accordance with kit movement schedules Universities and Colleges in respective Constituencies Huduma Centres IEBC Customer Experience Center - Anniversary Towers, Nairobi IEBC Constituency offices NB: ECVR shall NOT be undertaken in electoral areas with scheduled by-elections (Porro Ward, Endo Ward, Emurua Dikirr Constituency and Ol Kalou Constituency) and ongoing election petitions (Malava Constituency and Mbeere North Constituency) ECVR Theme: Deepening Democracy in Kenya Through Inclusive Voter Registration. Download Gazette Notice: https://bit.ly/4ccOdto #ECVR2026 #YourVoteYourFuture #14thMayByelections #TalkWithIEBC #StopFakeNews",en,https://www.iebc.or.ke/news/?Register_as_a_Voter_Today!,,medium,Independent Electoral and Boundaries Commission,"{""adapter"": ""generic_html""}"
psa_2026_000056,governance,IEBC Holds Joint Planning Meeting Ahead of 14th May 2026 By-Elections8th Apr 2026,"The Commission is holding a two day joint planning meeting in preparation for the by-elections scheduled for 14th May 2026. The by-elections will be conducted for the position of Member of the National Assembly for Emurua Dikirr Constituency in Narok County, as well as Member of County Assembly for Porro Ward in Samburu County and Endo Ward in Elgeyo Marakwet County. The meeting has brought together County Elections Managers (CEMs), respective Returning Officers (ROs) and their deputies (DROs), County ICT Officers and Supply Chain Assistants to enhance coordination and preparedness ahead of the polls. The meeting is designed to equip participants with critical knowledge and practical insights necessary for the successful delivery of the by-elections, with a focus on sharing experiences and lessons learned from previous electoral exercises while identifying mitigation measures to address potential challenges. Participants are also being taken through the by-election operational plan and timelines, the applicable legal framework, stakeholder engagement strategies and voter education approaches, among others. Speaking during the meeting, Commissioner Ann Nderitu, CBS, Chairperson of the Election Operations Committee, who represented the IEBC Chairperson officially opened the workshop. She likened the electoral process to the role of a midwife, explaining that just as a midwife ensures the safe delivery of a child without determining the gender, the Commission facilitates the electoral process without influencing the outcome. This, she noted, underscores the Commission’s commitment to delivering a transparent, credible, free and fair electoral process. She called on staff to safeguard electoral materials and information, remain alert to emerging risks and ensure voters are treated with dignity, fairness and respect. She further emphasized the importance of continuous training, preparedness and timely confirmation of all requirements to avoid last minute challenges. Commissioner Dr. Alutalala Mukhwana, Chairperson of the Voter Education, Partnerships, Communication and Stakeholder Engagement Committee highlighted the importance of teamwork and interdependence among staff, noting that collaboration is key to efficiency and effective coverage during electoral operations. Commissioner Marykaren Sorobit, Chairperson of the Legal Compliance and Political Parties Liaison Committee shared insights from international engagements, observing that Kenya’s electoral processes are regarded as a benchmark by many countries. She noted the increasing interest from international stakeholders seeking electoral training and emphasized the opportunity for the Commission to position itself as a center for electoral learning. The Ag. Commission Secretary/ CEO Moses Sunkuli, OGW urged participants to use the forum to jointly plan while reflecting on past challenges, appreciating previous efforts and strengthening future elections. He further called for vigilance, safety and professionalism during the electoral period, stressing the importance of transparency and safeguarding the Commission’s reputation. Deputy Commission Secretary - Operations Ruth Kulundu welcomed participants and emphasized the importance of strict adherence to timelines as prescribed by law. She also called for clarity in addressing areas of uncertainty to ensure all processes are well understood. #ECVR2026 #YourVoteYourFuture #14thMayByelections #TalkWithIEBC #StopFakeNews",en,https://www.iebc.or.ke/news/?IEBC_Holds_Joint_Planning_Meeting_Ahead_of_14th_May_2026_By-Elections,,high,Independent Electoral and Boundaries Commission,"{""adapter"": ""generic_html""}"
psa_2026_000058,governance,Register as a Voter Today7th Apr 2026,"Register as a Voter Today! Enhanced Continuous Voter Registration (ECVR) will take place for 30days upto Tuesday 28th April 2026. Voter Registration during ECVR will take place in: County Assembly Wards on a rotational basis in accordance with kit movement schedules Universities and Colleges in respective Constituencies Huduma Centres IEBC Customer Experience Center - Anniversary Towers, Nairobi IEBC Constituency offices NB: ECVR shall NOT be undertaken in electoral areas with scheduled by-elections (Porro Ward, Endo Ward, Emurua Dikirr Constituency and Ol Kalou Constituency) and ongoing election petitions (Malava Constituency and Mbeere North Constituency) ECVR Theme: Deepening Democracy in Kenya Through Inclusive Voter Registration. Download Gazette Notice: https://bit.ly/4ccOdto #ECVR2026 #YourVoteYourFuture #14thMayByelections #TalkWithIEBC #StopFakeNews",en,https://www.iebc.or.ke/news/?Register_as_a_Voter_Today,,medium,Independent Electoral and Boundaries Commission,"{""adapter"": ""generic_html""}"
psa_2026_000059,governance,Where to Register as a Voter during ECVR7th Apr 2026,"Where to Register as a Voter during ECVR? County Assembly Wards on a rotational basis in accordance with kit movement schedules Universities and Colleges in respective Constituencies Huduma Centres IEBC Customer Experience Center - Anniversary Towers, Nairobi IEBC Constituency offices To Update particulars of your Registration: Visit the IEBC Constituency office where you are Registered To Transfer your Registration Centre: Visit the IEBC Constituency office where you wish to transfer NB: ECVR shall NOT be undertaken in electoral areas with scheduled by-elections (Porro Ward, Endo Ward, Emurua Dikirr Constituency and Ol Kalou Constituency) and ongoing election petitions (Malava Constituency and Mbeere North Constituency) ECVR Theme: Deepening Democracy in Kenya Through Inclusive Voter Registration. Download Gazette Notice: https://bit.ly/4ccOdto #ECVR2026 #YourVoteYourFuture #14thMayByelections #TalkWithIEBC #StopFakeNews",en,https://www.iebc.or.ke/news/?Where_to_Register_as_a_Voter_during_ECVR,,medium,Independent Electoral and Boundaries Commission,"{""adapter"": ""generic_html""}"
psa_2026_000061,governance,CLARIFICATION7th Apr 2026,"Should those who registered before 2012 as voters need to register afresh? Not at all UNLESS they DID NOT register as voters from 2012 when the new Register of Voter (ROV) was established under the new Constitution of Kenya 2010 and boundaries delimitation of 2012. REASON? Because before 2012, the ROV was manual. In 2012, it went BIOMETRIC and so all eligible Kenyans were required to enrol and their Biometrics captured. This is the ROV that has been in place since 2013. As of the 2022 General Election, the Commission maintained an accurate and audited register comprising 22,120,458 voters. So we have not asked ALL OLD VOTERS PRE-2012 to register a fresh. Just those few who might have missed to register in 2012 and who, subsequently, have never registered under the Biometric system to date. No panic.!! Hapa kazi tu! Independent Electoral and Boundaries Commission(IEBC) is Inclusive and Participatory as we deepen Kenya’s Democracy. #ECVR2026 #YourVoteYourFuture #14thMayByelections #TalkWithIEBC #StopFakeNews",en,https://www.iebc.or.ke/news/?CLARIFICATION,,low,Independent Electoral and Boundaries Commission,"{""adapter"": ""generic_html""}"
psa_2026_000062,governance,Voter Registration Services available to Citizens during ECVR7th Apr 2026,"Voter Registration Services available to Citizens during ECVR? 1. Voter Registration ECVR is taking place in County Assembly Wards, Universities and Colleges in respective Constituencies, Huduma Centres, IEBC Customer Experience Center -Anniversary Towers, Nairobi and IEBC Constituency offices 2. Application of transfer of registration Visit the IEBC Constituency Office where you wish to transfer to 3. Correction or update of voter particulars Visit the IEBC Constituency Office where you are Registered 4. Inspection of registration details Visit any IEBC Constituency Office or check online: https://verify.iebc.or.ke 5. Any other necessary information For any other electoral related information, visit IEBC Constituency Offices or Social Media pages: @IEBCKenya Enhanced Continuous Voter Registration (ECVR) will take place for 30days upto Tuesday 28th April 2026. NB: ECVR shall NOT be undertaken in electoral areas with scheduled by-elections (Porro Ward, Endo Ward, Emurua Dikirr Constituency and Ol Kalou Constituency) and ongoing election petitions (Malava Constituency and Mbeere North Constituency) ECVR Theme: Deepening Democracy in Kenya Through Inclusive Voter Registration. Download Gazette Notice: https://bit.ly/4ccOdto #ECVR2026 #YourVoteYourFuture #14thMayByelections #TalkWithIEBC #StopFakeNews",en,https://www.iebc.or.ke/news/?Voter_Registration_Services_available_to_Citizens_during_ECVR,,medium,Independent Electoral and Boundaries Commission,"{""adapter"": ""generic_html""}"
psa_2026_000063,governance,IEBC Takes Voter Registration Drive to Mombasa Residents Through Stakeholder Engagement2nd Apr 2026,"Independent Electoral and Boundaries Commission (IEBC) Mombasa County Office, in conjunction with the County Government of Mombasa, held a joint stakeholder engagement on the Enhanced Continuous Voter Registration (ECVR) at Mama Ngina Waterfront. The event provided a platform for IEBC to sensitize residents of Mombasa on the ongoing ECVR exercise, which was launched on 30th March 2026 and will run until 28th April 2026. The exercise has brought voter registration services closer to the people, with IEBC staff deployed at the ward level to enhance accessibility and convenience for all eligible voters. During the event, IEBC Chairperson Erastus Ethekon, HSC, underscored the importance of collaboration between the Commission and county governments in strengthening democratic processes and enhancing public trust. He noted that the ECVR exercise marks a critical step in expanding voter access and inclusion, particularly among youth, women, persons with disabilities, and marginalized groups. The Chairperson called on all stakeholders to actively mobilize their communities to register as voters, emphasizing that civic responsibility begins with registration and that every voice and every vote counts. He reaffirmed IEBC’s commitment to delivering a more inclusive, transparent, and credible electoral process through sustained partnerships and public engagement. The forum was graced by H.E. Abdulswamad Sheriff Nassir, Governor of Mombasa County, who urged residents to take advantage of the ongoing registration exercise and ensure they are captured in the voters’ register. He commended IEBC for decentralizing services and making them more accessible to the people of Mombasa. He noted that a significant number of eligible voters in the county are yet to register and emphasized the need for collective effort to change this. #ECVR2026 #YourVoteYourFutureYourVoice #TalkWithIEBC #StopFakeNews",en,https://www.iebc.or.ke/news/?IEBC_Takes_Voter_Registration_Drive_to_Mombasa_Residents_Through_Stakeholder_Engagement,,medium,Independent Electoral and Boundaries Commission,"{""adapter"": ""generic_html""}"
psa_2026_000065,governance,IEBC Targets 2.5 Million New Voters in Enhanced Registration Drive30th Mar 2026,"The Enhanced Continuous Voter Registration exercise will take place in the 30,619 gazetted registration centers countrywide that include the 57 Huduma centers. A kit movement schedule will be prepared in consultation with relevant stakeholders to determine how the kit will move around the County Assembly ward for the ECVR period. The Enhanced Continuous Voter Registration (ECVR) exercise targets to register approximately 2.5 million new voters. The exercise will bring registration services closer to citizens by moving from constituency offices to ward level and institutions of higher learning. The exercise targets to increase coverage by expanding enrollment, particularly for first-time registrants and youth, especially in under-registered or remote areas and also enhance inclusivity and equity to facilitate broader participation among marginalized groups. The Commission will make arrangements to have kits for universities and institutions of higher learning, in electoral areas where they are located to cater for students studying away from their home areas. Students are therefore not required to travel back home to be listed as voters. The registration kits stationed at the 57 Huduma Centers countrywide will be open such that anyone who wishes to register for the first time will be allowed to select a registration center of their choice and their details captured to the selected center. This will save Kenyans the trouble of having to travel long distances so as to be registered as a voter. The Commission will seek inter-agency collaboration by partnering with agencies like the National Registration Bureau (NRB) to fast-track the issuance of IDs, which are a legal prerequisite for voter registration. The requirement for one to be registered as a voter is that they should be a Kenyan citizen of majority age and with a national identification card or valid passport. The individual must present themselves physically to a registration officer as the registration process involves capturing biometric features and personal identifiable details of the applicant. #ECVR2026 #YourVoteYourFutureYourVoice #TalkWithIEBC #StopFakeNews",en,https://www.iebc.or.ke/news/?IEBC_Targets_2.5_Million_New_Voters_in_Enhanced_Registration_Drive,,medium,Independent Electoral and Boundaries Commission,"{""adapter"": ""generic_html""}"
psa_2026_000066,governance,Register Today!30th Mar 2026,"Registration services shall be provided daily, from Monday to Sunday. Registered voters wishing to Transfer their vote to a different electoral area shall present themselves at the IEBC Constituency Office of their preferred electoral area. Registered voters seeking to update or correct their registration details shall present themselves at the IEBC Constituency Office where they are currently registered. The Commission shall issue a separate notice on voter registration and revision of the register for citizens residing outside the country and for prisoners. Registration of voters at Huduma Centers shall continue after the lapse of the period provided for conduct of ECVR and shall be suspended by notice by the Commission. Voters are further notified that at the conclusion of ECVR, the Commission will resume continuous voter registration at the respective Constituency offices. #ECVR2026 #YourVoteYourFutureYourVoice #TalkWithIEBC #StopFakeNews",en,https://www.iebc.or.ke/news/?Register_Today!,,medium,Independent Electoral and Boundaries Commission,"{""adapter"": ""generic_html""}"
psa_2026_000067,governance,Launch of ECVR30th Mar 2026,"Today Monday 30th March 2026, the Commission is launching a nationwide Enhanced Continuous Voter Registration drive that shall run up to Tuesday 28th April 2026. The launch is happening at Shimoni Village – Old Jetty Grounds (Shimoni Fish Port) in Lunga Lunga Constituency in Kwale County. The exercise targets new registration for all, transfers and change of particulars. The #ECVR2026 exercise will be conducted at the County Assembly Wards (CAW) on a rotational basis in accordance with approved kit movement schedules as well as Institutions of Higher Learning, Huduma Ceners, Constituency Offices, Huduma Centers, and at the Commission’s Customer Experience Center (Ground Floor, Anniversary Towers). The ward-based decentralization ECVR is shifting registration from constituency offices to the ward levels to reduce travel distances for citizens in remote and rural areas. There will be a minimum of three kits per ward to ensure universal basic coverage and an additional kit will be deployed to constituencies where projected registration targets exceed their monthly capacity. Registration is open to Kenyan citizens who have attained the age of eighteen (18) years and are in possession of a valid Kenyan Passport and National Identity Card. Continuous voter registration and revision of the register shall NOT be undertaken in electoral areas with scheduled By-Elections or ongoing election petitions. #ECVR2026 #YourVoteYourFutureYourVoice #TalkWithIEBC #StopFakeNews",en,https://www.iebc.or.ke/news/?Launch_of_ECVR,,medium,Independent Electoral and Boundaries Commission,"{""adapter"": ""generic_html""}"
psa_2026_000068,governance,IEBC Engages Media Owners Association on ECVR and 2027 Election Preparations27th Mar 2026,"Independent Electoral and Boundaries Commission(IEBC) , led by Chairman Erastus Ethekon , today held a stakeholder engagement meeting with the Media Owners Association to discuss the Enhanced Continuous Voter Registration (ECVR) exercise and the Commission’s preparations for the 2027 General Election. The meeting aimed to identify areas of collaboration and secure institutional commitments to support voter education, public awareness, security, and citizen mobilisation around electoral activities. Speaking during the meeting, the Chairperson thanked members of the association for responding to the call for dialogue and their willingness to explore better ways of engaging the public, especially ahead of the commencement of the ECVR exercise. The exercise is set to be launched on 30th March 2026 in Kwale County. He also commended the growing number of young people turning up to register as voters, noting that it reflects their strong desire to have their voices heard and to participate in shaping the country’s future, which is their democratic right. Agnes Kalekye, Chairperson of the Media Owners Association, thanked the IEBC for the engagement and pledged the association’s support in amplifying the Commission’s work. She further encouraged the Commission to take full advantage of media platforms to continuously engage and update Kenyans on ongoing electoral activities. #ECVR2026 #YourVoteYourFuture #TalkWithIEBC #StopFakeNews",en,https://www.iebc.or.ke/news/?IEBC_Engages_Media_Owners_Association_on_ECVR_and_2027_Election_Preparations,,medium,Independent Electoral and Boundaries Commission,"{""adapter"": ""generic_html""}"
psa_2026_000069,governance,IEBC Concludes Nationwide Training for Huduma Centre Voter Registration Clerks27th Mar 2026,"Independent Electoral and Boundaries Commission(IEBC) successfully concluded a three-day training programme for Huduma Centre Voter Registration Clerks, who will be deployed nationwide across the 59 Huduma Centres. This milestone marks a significant step in expanding access to voter registration services and strengthening electoral inclusivity across the country. The initiative comes ahead of the official launch of the Enhanced Continuous Voter Registration (ECVR) exercise, set for Monday, March 30th, 2026, at Kwale County. The 30-day exercise is designed to decentralize voter registration services to the ward level, ensuring that all eligible Kenyans have a convenient opportunity to register and be included in the voters’ roll. Through this effort, the Commission reaffirms its commitment to accessible, efficient, and inclusive electoral processes. Presiding over the closing ceremony, IEBC Chairperson Erastus Edung Ethekon, HSC, called upon the clerks to embrace their new responsibility with diligence and purpose. “You are now part of the IEBC. Be ambassadors of the Commission and uphold the trust placed in you,” he said. Ethekon emphasized the importance of professionalism, integrity, and empathy in delivering services to wananchi, noting that these values will define public confidence in the electoral process. Commissioner Dr. Ann Nderitu, CBS Chairperson of Electoral Operations Committee, underscored the importance of operational procedures that will guide voter registration at Huduma Centres. She urged the clerks to strictly adhere to a professional code of conduct while also reassuring them that their welfare remains a priority for the Commission. Commissioner Hassan Noor Hassan, EBS Chairperson of Human Resource, Administration, and Security, congratulated the clerks on their successful recruitment. He stressed the importance of discipline, personal conduct, and safeguarding both their security and that of electoral materials. Ag. Commission Secretary/CEO Moses Sunkuli, OGW highlighted the comprehensive training content and the readiness of the 59 Huduma Centres and reiterated the importance of aligning them with both IEBC and Huduma Centre service standards. The deployment of voter registration services through Huduma Centres is a deliberate and strategic step by the Commission to bring services closer to the people, enhance convenience, and drive greater inclusivity in the electoral process. #ECVR2026 #YourVoteYourFuture #TalkWithIEBC #StopFakeNews",en,https://www.iebc.or.ke/news/?IEBC_Concludes_Nationwide_Training_for_Huduma_Centre_Voter_Registration_Clerks,,medium,Independent Electoral and Boundaries Commission,"{""adapter"": ""generic_html""}"
psa_2026_000070,governance,"IEBC, Media Stakeholders Sign MoU to Strengthen Election Reporting Ahead of 202727th Mar 2026","The Commission today held a breakfast meeting on Enhanced Continuous Voter Registration (EVCR) and signing of the memorandum of understanding (MoU) between Independent Electoral and Boundaries Commission(IEBC) and the Kenya Media Sector Working Group (KMSWG), which is a coalition of key media stakeholders. Speaking during the launch, Commission Chairperson Erastus Ethekon, who was accompanied by Members of the Commission, said the Memorandum of Understanding (MoU) solidifies partnership in election reporting. “We have significant tasks ahead of us, particularly the management of the 2027 General Election. We are currently preparing for the Enhanced Continuous Voter Registration (ECVR), which will be launched on March 30, 2026, in Shimoni, Kwale County. Timely access to electoral information will be a priority, and IEBC will provide accurate and timely updates on all election-related matters during the electoral calendar we are currently implementing. We will also grant access to all polling centres and tallying centres for accredited journalists, who will receive training to understand their duties. We will create a platform for collaboration to explain to Kenyans how results are transmitted from polling stations to constituency tallying centers and ultimately to the national tallying center, to alleviate any anxiety in society. We agree on the importance of factchecking and holding the media accountable to verify information before publishing and broadcasting. “To the media, I urge you to go out and capture the stories of the ECVR and all other electoral processes, from the remotest villages in our country to the cities. Remember, this is our country, and we all have a role to play in making democracy work. Together, let us be objective and factual in our engagement and reporting. Let us encourage every Kenyan aged 18 and above, especially the youth, to register to vote. Let us promote peace throughout the electoral cycle violence has no place in democracy,” said Ethekon. We must all be accountable for our actions, as both the media and the IEBC. Those who call for accountability from the IEBC should also reflect on their own actions. Accountability is a two-way street, and everyone must play their part. Eric Oduor, the Kenya Union of Journalist Secretary General cautioned on the anticipated increase in disinformation and misinformation in the lead up to the 2027 General Election. He said the Commission needs to interact with the media in ways that go beyond just news gathering and reporting. “We hope that through our partnership, IEBC will set up a media centre with a fact-checking desk where journalists can work to counter fake news,” said Oduor. Kenya Editors Guild (KEG) President Zubeida Kananu said that free press and transparency at IEBC are values worth investing in and that the landscape of 2027 is a digital jungle. The landscape involves not only TV, radio and print media but also TikTok, Facebook, X (twitter), and the rise of alternative media. “We must also prepare for the 'Deepfake Election.' This MoU is not merely a peer contract. We expect the Commission to provide accurate information at the right time to dispel rumours before they spread. We have agreed on the rules of engagement and have chosen a partnership based on integrity over convenience,” said Kananu. Lilian Mahiri-Zaja, a member of the Elgia Afric Board, said the media serves as a mediator, ensuring that the public is engaged, which helps build trust in the electoral process and supports the IEBC in fulfilling its mandate. #ECVR2026 #YourVoteYourFuture #TalkWithIEBC #StopFakeNews",en,"https://www.iebc.or.ke/news/?IEBC,_Media_Stakeholders_Sign_MoU_to_Strengthen_Election_Reporting_Ahead_of_2027",,low,Independent Electoral and Boundaries Commission,"{""adapter"": ""generic_html""}"
psa_2026_000071,governance,IEBC Engages MMAU to Strengthen Inclusion of Marginalised Communities in Elections26th Mar 2026,"Independent Electoral and Boundaries Commission(IEBC , led by Chairperson Erastus Edung Ethekon, HSC, held a consultative meeting with the Minority and Marginalised Affairs Unit (MMAU). The meeting assessed the status of voter registration and inclusion of minorities and marginalised communities, particularly in remote, arid, and historically excluded regions, with a view to identify gaps and strengthen outreach strategies ahead of the 2027 General Election. The meeting also discussed areas of collaboration between the IEBC and MMAU aimed at enhancing voter education, accessing voter registration services for the minorities and marginalised groups. Ethekon assured the team that the Commission would continue to collaborate with stakeholders in advancing inclusion in electoral processes, including engaging leaders from various marginalised groups. The Director of MMAU, Hon. Namwezi Zitah, expressed gratitude to the Commission for opening avenues for dialogue and its commitment to finding ways to enhance inclusion and improve the livelihoods of the minorities and marginalised communities. #ECVR2026 #YourVoteYourVoice #TalkWithIEBC #StopFakeNews",en,https://www.iebc.or.ke/news/?IEBC_Engages_MMAU_to_Strengthen_Inclusion_of_Marginalised_Communities_in_Elections,,low,Independent Electoral and Boundaries Commission,"{""adapter"": ""generic_html""}"
psa_2026_000072,governance,Commission Trains Clerks for Deployment Across 57 Huduma Centres Nationwide26th Mar 2026,"Independent Electoral and Boundaries Commission(IEBC) today, led by Deputy Commission Secretary - Support Services, Obadiah Keitany, MBS, officially kicked off a 3-day Training for Huduma Centre Voter Registration Clerks at the Kenya School of Government. The training brings together clerks who will be deployed across 57 Huduma Centres nationwide, marking a significant step in enhancing access to voter registration services ahead of the 2027 General Election. In his remarks, Keitany underscored the importance of the exercise, noting that the initiative supports the Commission’s target of expanding voter registration and strengthening democratic participation. “This partnership between IEBC and Huduma Kenya reflects a shared commitment to bringing electoral services closer to the people, enhancing convenience, and ensuring no eligible Kenyan is left behind,” he said. Ag. Director, Electoral Operations, Abdidahir Maalim emphasized that voter registration is the foundation of a credible electoral process, urging participants to uphold the highest standards of accuracy, professionalism, and integrity in their duties. Representing the CEO of Huduma Kenya Director ICT Kennedy Abuje, reaffirmed Huduma’s commitment to bringing services closer to citizens through its nationwide network. He highlighted the transformative role of Huduma Centres in improving accessibility, efficiency and inclusivity in public service delivery. The training will equip clerks with both technical competencies in voter registration and customer service excellence, in line with Huduma Centre service standards. The Huduma Kenya Secretariat will specifically lead sessions on customer experience to ensure citizens receive efficient, courteous and professional service. Through this collaboration, IEBC will provide Voter Registration and Inspection of the Register services at the Huduma Centres, while changes of particulars and transfers of voting stations will continue to be done at Constituency Offices. #ECVR2026 #YourVoteYourVoice #TalkWithIEBC #StopFakeNews",en,https://www.iebc.or.ke/news/?Commission_Trains_Clerks_for_Deployment_Across_57_Huduma_Centres_Nationwide,,low,Independent Electoral and Boundaries Commission,"{""adapter"": ""generic_html""}"
psa_2026_000073,governance,IEBC Engages ETAPS Partners on Voter Registration and 2027 Preparedness26th Mar 2026,"The Independent Electoral and Boundaries Commission (IEBC) held a productive meeting with Election Technical Assistance & Support (ETAPS) partners to discuss the voter registration process, the forthcoming Enhanced Continuous Voter Registration, and the overall preparations for the 2027 General Elections, now 17 months away. Development partners and donors present acknowledged the tight fiscal space affecting many sectors but reaffirmed their commitment to supporting the Commission in delivering credible elections. The Chairperson, Erastus Edung Ethekon, while appreciating the commitment from the various representatives present, called upon all electoral stakeholders to walk the journey with the IEBC and play their respective roles in supporting the Commission to deliver on its constitutional mandate. #ECVR2026 #YourVoteYourVoice #TalkWithIEBC #StopFakeNews",en,https://www.iebc.or.ke/news/?IEBC_Engages_ETAPS_Partners_on_Voter_Registration_and_2027_Preparedness,,low,Independent Electoral and Boundaries Commission,"{""adapter"": ""generic_html""}"
psa_2026_000075,governance,IEBC Hosts UGM Delegation on 2027 GE Preparedness23rd Mar 2026,"The Independent Electoral and Boundaries Commission(IEBC) Independent Electoral and Boundaries Commission (IEBC) today hosted officials from the United Green Movement (UGM) party, led by Chief Justice Emeritus David Maraga. The delegation met with the Commission’s leadership to discuss key preparations ahead of the 2027 General Election. IEBC Chairperson Erastus Ethekon, HSC accompanied by Commissioners Dr. Alutalala Mukhwana and Prof. Francis Aduol, informed the delegation that the Commission is finalizing preparations for the Enhanced Continuous Voter Registration (ECVR). This exercise is scheduled to commence on 30th March 2026, and will run for a period of 30 days. Commissioner Dr Alutalala reassured the delegation of the Commission’s commitment to inclusivity, emphasizing ongoing collaborations with university-led organizations to mobilize and encourage youth participation in voter registration. Prof. Aduol further assured the delegation that election results are determined and finalized at the polling station level, free from external interference. He reiterated the Commission’s commitment to operating strictly within the law to deliver elections that are free, fair and credible, in line with the expectations of the Kenyan people. #ECVR2026 #YourVoteYourVoice #TalkWithIEBC #StopFakeNews",en,https://www.iebc.or.ke/news/?IEBC_Hosts_UGM_Delegation_on_2027_GE_Preparedness,,low,Independent Electoral and Boundaries Commission,"{""adapter"": ""generic_html""}"
psa_2026_000076,governance,IEBC Rolls Out Nationwide Cluster Training Ahead of ECVR Exercise23rd Mar 2026,"The Independent Electoral and Boundaries Commission (IEBC) conducted Level Three of the cascaded trainings for the Enhanced Continuous Voter Registration (ECVR) exercise across twelve clusters nationwide. The Chairperson and Commissioners actively participated in these sessions to provide oversight and support to the process. The cluster-based training followed the successful completion of the national-level Master Training and Training of Trainers (ToTs) programs. The next phase involved training Voter Registration Assistants and Constituency ICT Clerks, and consequently, Voter Registration Clerks who played a key role in implementing the exercise at the County Assembly Ward level. The Enhanced Continuous Voter Registration exercise was scheduled to commence on 30th March 2026 and was to run for a period of 30 days. #ECVR2026 #YourVoteYourVoice #TalkWithIEBC #StopFakeNews",en,https://www.iebc.or.ke/news/?IEBC_Rolls_Out_Nationwide_Cluster_Training_Ahead_of_ECVR_Exercise,,medium,Independent Electoral and Boundaries Commission,"{""adapter"": ""generic_html""}"
psa_2026_000078,governance,Huduma Centre Kimilili Handover Boosts Service Delivery,"icon Mar 18,2026 icon 3 Huduma Centre Kimilili Handover Boosts Service Delivery Huduma Centre Kimilili was officially handed over from the National Government Constituencies Development Fund (NG‐CDF) Kimilili to Huduma Kenya, with CEO Mr. Ben Kai Chilumo representing the organization and Chairman NG‐CDF Kimilili Constituency Mr. George Simiyu Nyaranga presiding over the ceremony. The milestone enhances public service delivery by increasing citizen access to integrated, efficient, and decentralized government services. search Recent News Huduma Centre Kimilili Handover Boosts Service Delivery icon Mar 18, 2026 CS and PS Urge Professionalism and Integrity in Public Service Contracting icon Feb 26, 2026 Huduma Kenya and UFAA Launch Universal Public Servants Training Programme icon Jan 12, 2026 Wiki Hii Gallery",en,https://www.hudumakenya.go.ke/newsdetails/98,2023-03-02T00:00:00,medium,Huduma Kenya,"{""adapter"": ""generic_html""}"
psa_2026_000080,governance,Huduma Kenya and UFAA Launch Universal Public Servants Training Programme,"icon Jan 12,2026 icon 3 Huduma Kenya and UFAA Launch Universal Public Servants Training Programme Huduma Kenya and UFAA Launch Universal Public Servants Training Programme Earlier today, the CEO of Huduma Kenya, Ben Kai Chilumo, alongside the CEO of the Unclaimed Financial Assets Authority (UFAA), CPA Laban Molonko, officially launched the Huduma Kenya Universal Public Servants training programme. The initiative marks a major step in expanding access to UFAA services across all 59 Huduma Centres nationwide. Through this collaboration, UFAA will leverage trained Universal Public Servants to devolve its services closer to citizens, enabling easier remittance and reunification of unclaimed financial assets. The training runs from Monday, 12th January to Friday, 16th January 2026 and brings together Universal Agents from all Huduma Centres, strengthening institutional capacity and enhancing efficient, citizen-centred service delivery across the country. search Recent News Huduma Centre Kimilili Handover Boosts Service Delivery icon Mar 18, 2026 CS and PS Urge Professionalism and Integrity in Public Service Contracting icon Feb 26, 2026 Huduma Kenya and UFAA Launch Universal Public Servants Training Programme icon Jan 12, 2026 Wiki Hii Gallery",en,https://www.hudumakenya.go.ke/newsdetails/96,2023-03-02T00:00:00,medium,Huduma Kenya,"{""adapter"": ""generic_html""}"
psa_2026_000083,governance,IEBC Hosts Lesotho Electoral Commission for Benchmarking Study Tour18th Mar 2026,"The Independent Electoral and Boundaries Commission (IEBC) today hosted a delegation from the Independent Electoral Commission of Lesotho on a study tour to benchmark electoral processes. The delegation, led by Dr. Chelete Monyane, was received by IEBC Chairperson Erastus Ethekon , who emphasized the importance of collaboration among electoral bodies to share experiences, address challenges, and strengthen electoral systems. The Commission made presentations on key areas, including legal and institutional frameworks, voter register management, results transmission, and the use of ICT in electoral processes. The delegation also expressed interest in managing complex elections, seat allocation for special interest groups and risk management strategies. They further sought to understand how the Commission manages multiple elections simultaneously up to six compared to their context, where only two are conducted. The delegation will also engage with key stakeholders, including political parties, relevant parliamentary committees, and the judiciary, to gain a broader understanding of Kenya’s electoral ecosystem. The Commission reaffirmed its commitment to continued collaboration and knowledge sharing, with both institutions expressing optimism about strengthening democratic processes across the continent. #ECVR2026 #YourVoteYourVoice #TalkWithIEBC #StopFakeNews",en,https://www.iebc.or.ke/news/?IEBC_Hosts_Lesotho_Electoral_Commission_for_Benchmarking_Study_Tour,,medium,Independent Electoral and Boundaries Commission,"{""adapter"": ""generic_html""}"
psa_2026_000088,governance,Commission Prepares for ECVR with Structured Nationwide Training Programme16th Mar 2026,"In preparation for the upcoming Enhanced Continuous Voter Registration (ECVR) scheduled to begin on 30th March 2026, the Commission has adopted a structured cascaded training model. The training process begins with development of content by Master Trainers, followed by the Training of Trainers (ToTs), and culminates in cluster-level operational training for Registration Officers, Assistant Registration Officers, and temporary registration officials who will carry out the registration exercise during the ECVR. While officially opening the workshop on behalf of the Chairman, IEBC Vice Chairperson Fahima Araphat Abdallah, OGW, emphasized that the Commission’s processes must remain customer-centric to ensure the development of an accurate, inclusive, and comprehensive register of voters, which is an essential foundation for credible elections. The ECVR marks a deliberate shift from routine office-based registration to a decentralized, ward-level outreach approach. Through this strategy, the Commission will deploy additional voter registration kits, and employ Voter Registration Assistants, Voter Registration Clerks and ICT Clerks. The initiative is designed to reduce access barriers, bring services closer to communities, and accelerate voter registration across the country. #ECVR2026 #YourVoteYourFuture #TalkwithIEBC #StopFakeNews",en,https://www.iebc.or.ke/news/?Commission_Prepares_for_ECVR_with_Structured_Nationwide_Training_Programme,,medium,Independent Electoral and Boundaries Commission,"{""adapter"": ""generic_html""}"
psa_2026_000091,governance,IEBC Engages Radio Africa Group on Strategic Collaboration Ahead of 2027 Elections13th Mar 2026,"Independent Electoral and Boundaries Commission (IEBC) led by the Chairperson Erastus Ethekon, HSC held a meeting with Radio Africa Group and discussed areas of collaboration as the country gears up for the 2027 General Election. Erastus Ethekon briefed the team on the achievements of the Commission including successful conduct of by-elections, engagements with stakeholders, ongoing legal reforms, and the upcoming launch of enhanced continuous voter registration on 30th March 2026 for a period of 30 days among others. He also emphasized on the need for the collaboration with the Group which will go a long way in disseminating information on Kenya’s electoral processes. Martin Khafafa, Chief Executive Officer for Radio Africa Group, congratulated the Chairperson and members of the Commission on their appointment, and highlighted strategies to enhance the Commission's public outreach. Khafafa observed that the Group was keen on supporting the Commission to deliver on its mandate. #ECVR2026 #YourVoteYourFuture #TalkwithIEBC #StopFakeNews",en,https://www.iebc.or.ke/news/?IEBC_Engages_Radio_Africa_Group_on_Strategic_Collaboration_Ahead_of_2027_Elections,,medium,Independent Electoral and Boundaries Commission,"{""adapter"": ""generic_html""}"
psa_2026_000093,governance,IEBC Appears Before JLAC on 2025/2026 Supplementary Budget Estimates11th Mar 2026,"Independent Electoral and Boundaries Commission (IEBC), led by the Commission Vice Chairperson Fahima Araphat Abdallah, OGW today honored an invitation from the National Assembly’s Departmental Committee on Justice and Legal Affairs (JLAC) to present on the supplementary estimates for the year 2025/2026. The Committee, chaired by Hon. John Gitonga Murugara of Tharaka Constituency, reviewed Commission programs and projects that are impacted by funding shortages, that require re-allocation or consideration for the supplementary budget. The Vice Chairperson urged the Committee to consider key funding areas presented to support the implementation of the Commission's mandate. Additionally, the Committee discussed upcoming Commission activities, including by-elections, Enhanced Continuous Voter Registration, and the dissemination of voter education information to the public.",en,https://www.iebc.or.ke/news/?IEBC_Appears_Before_JLAC_on_2025/2026_Supplementary_Budget_Estimates,,medium,Independent Electoral and Boundaries Commission,"{""adapter"": ""generic_html""}"
psa_2026_000094,governance,IEBC Finance Committee Reviews Budget for 2027 General Election10th Mar 2026,"Independent Electoral and Boundaries Commission (IEBC) Finance and Procurement committee, chaired by the Commission Vice Chairperson, Fahima Araphat Abdallah, OGW, is actively reviewing the proposed budget for Kenya's 2027 General Elections. This follows recent meetings with the National Treasury as well as key parliamentary committees to discuss funding for the 2027 elections. The process is meant to ensure alignment with the commission's priorities while promoting prudent use of public fund Finance and Procurement committee, chaired by the Commission Vice Chairperson, Fahima Araphat Abdallah, OGW, is actively reviewing the proposed budget for Kenya's 2027 General Elections. This follows recent meetings with the National Treasury as well as key parliamentary committees to discuss funding for the 2027 elections. The process is meant to ensure alignment with the commission's priorities while promoting prudent use of public fundIndependent Electoral and Boundaries Commission(IEBC). All Directorates of the Commission have been given a chance to present budget proposal to members of the Commission as part of ensuring seamless discharge of IEBC’s mandate and conduct of a credible election in 2027. The Vice chairperson has emphasized that the Commission will not only be prudent but will fully account for all resources allocated to IEBC. The three main drivers of elections in Kenya are; human resource, logistics and election materials. In 2022 for example with 46,229 polling stations, the Commission recruited, trained and deployed over 500,000 polling officials to assist in the management of elections. #ECVR2026 #YourVoteYourFuture #TalkwithIEBC #StopFakeNews",en,https://www.iebc.or.ke/news/?IEBC_Finance_Committee_Reviews_Budget_for_2027_General_Election,,low,Independent Electoral and Boundaries Commission,"{""adapter"": ""generic_html""}"
psa_2026_000095,governance,"IEBC, KMSWG Hold Workshop to Review MOU Between IEBC and the Media10th Mar 2026","Today Independent Electoral and Boundaries Commission(IEBC) Dr. Alutalala Mukhwana, Chairperson – Voter Education, Partnerships, Communication & Stakeholder Engagement Committee, brought together the Kenya Media Sector Working Group for a Workshop on Review of the MOU Between IEBC and the Media. Dr. Alutalala opened the workshop by highlighting the importance of a trust-based relationship between the media and IEBC. He noted that the media is critical in helping citizens understand how elections work, and countering dis/misinformation that can overshadow facts. Dr. Alutalala emphasized that restoring public confidence is as crucial as personal integrity and that elections begin long before polling day, “Help the public understand the work we do. Help them see the role of an electoral administrator. The media is essential in rebuilding public confidence in our democratic process,” he said. This MOU is more than a document. It’s a framework for partnership, a tool to empower journalists, and a pathway to a transparent, credible and inclusive election in 2027. Moses Sunkuli, OGW, Ag. Commission Secretary/CEO reflected on lessons from past elections, emphasizing that elections are a continuous process. Journalists must understand every stage—from voter registration and verification to results transmission—to ensure accurate reporting. “As we prepare for the 2027 General Election, this engagement is both timely and necessary. Elections take place within a dynamic information environment where facts, narratives and public trust interact and shape public perception. In that space, the partnership between the electoral management body and the media is indispensable,” he said. Felix Oduor, Executive Director, ELGIA, highlighted the historical role of media in Kenya’s electoral process, noting that collaborative engagement between electoral bodies and the media has precedent both locally and internationally. He emphasized that such partnerships enhance transparency and public trust, citing examples from previous elections and comparative experiences from Ghana and the United States. Felix stressed that while challenges exist, particularly around timing and coordination, a well-structured framework for media engagement can significantly strengthen electoral integrity and ensure that the public receives accurate, timely information. Zubeidah Kananu, President of KEG, emphasized the diversity of the media sector and the responsibility it carries. ""Through this MOU, we ensure journalists are trained, informed, and ready to report elections responsibly, minimizing misinformation and conflict,"", she noted. Martin Maasai, Trustee at KEG and Chairperson of the Media Freedoms & Ethics Committee, reflected on the current state of the media industry, noting the rapid turnover of experienced journalists and the prevalence of younger reporters covering elections for the first time. He stressed the importance of creating spaces for engagement and training between the media and the IEBC, ensuring journalists understand the full electoral process—from voter registration to the announcement of results. Maasai emphasized that responsible and informed reporting is essential for transparency, public confidence and preventing misinformation, reminding participants that “journalists do what they do precisely because they care about this country.” Victor Bwire, Director of Media Training and Development, MCK, highlighted the collaborative efforts already underway between MCK and IEBC to train journalists on electoral processes and responsible election reporting. He noted the challenges posed by Kenya’s vast media landscape, with hundreds of radio, TV, digital and blog platforms, emphasizing that standardized training and clear guidelines are essential for consistent, accurate coverage. Bwire also spoke on emerging issues like artificial intelligence, digital media, and user-generated content, explaining that the new Code of Ethics and the “Introduction to Media Practice” course aim to equip all media practitioners—including non-journalists—with the skills to report ethically and professionally. He concluded by stressing that coordinated reporting, journalist safety, and adherence to standards are critical for enhancing public trust and credibility in elections. The workshop reinforced the partnership between IEBC and the media, ensuring journalists are equipped to safeguard credible, transparent and peaceful elections in 2027.",en,"https://www.iebc.or.ke/news/?IEBC,_KMSWG_Hold_Workshop_to_Review_MOU_Between_IEBC_and_the_Media",,low,Independent Electoral and Boundaries Commission,"{""adapter"": ""generic_html""}"
psa_2026_000098,governance,"IEBC, CUEA Student Leaders Collaborate to Boost Youth Voter Registration6th Mar 2026","Independent Electoral and Boundaries Commission (IEBC) Commissioner Dr. Alutalala Mukhwana Chairperson of the Voter Education, Partnerships, Communication & Stakeholder Engagement Committee, today held an engagement with Brian Kweyu, President of the Catholic University of Eastern Africa Students Organization (CUEASO). The discussions focused on areas of collaboration ahead of the upcoming Enhanced Continuous Voter Registration (ECVR) exercise scheduled to begin on 30th March 2026. The engagement explored ways of mobilizing and facilitating university students and youth to register as voters and actively participate in the country’s democratic processes. During the meeting, Commissioner Dr. Alutalala commended the commitment and initiative demonstrated by young people who are actively seeking to strengthen democratic participation. “The Commission appreciates the boldness and civic responsibility demonstrated by young people who are committed to strengthening our democracy. We remain ready to collaborate with all stakeholders of goodwill to ensure that no eligible citizen is left behind in exercising their right to participate in elections, as guaranteed under the Constitution of Kenya, 2010,” said Commissioner Dr. Alutalala. Mr. Kweyu extended an invitation to the Commission to participate in the upcoming Catholic University of Eastern Africa Cultural Week scheduled for 9th–13th March 2026. He encouraged the Commission to leverage the event as an opportunity to provide voter registration and voter education services to students and members of the surrounding community. Mr. Kweyu, who is also the Founder of the Sajili Vijana Magaribi Initiative a youth-led movement mobilizing voter registration in Western Kenya shared that the initiative aims to reach two million new voters, and called for collaboration with the Commission to support this effort. Commissioner Dr. Alutalala was accompanied by Ruth Kulundu, Deputy Commission Secretary – Operations, reaffirmed the Commission’s commitment to working with youth organizations, learning institutions and other stakeholders to expand voter education and registration outreach across the country. #FormNiDialogue #YourVoteYourFuture #TalkwithIEBC #StopFakeNews",en,"https://www.iebc.or.ke/news/?IEBC,_CUEA_Student_Leaders_Collaborate_to_Boost_Youth_Voter_Registration",,medium,Independent Electoral and Boundaries Commission,"{""adapter"": ""generic_html""}"
psa_2026_000099,governance,IEBC Holds Consultative Meeting with Senior Election Officers (SEO)6th Mar 2026,"Today, Independent Electoral and Boundaries Commission (IEBC) led by the Ag. Commission Secretary/CEO, Moses Sunkuli, OGW, held a consultative meeting with representatives of the Commission’s Senior Election Officers (SEOs) at the Head Office. During the engagement, the SEOs shared their perspectives and presented proposals aimed at strengthening staff welfare and enhancing the overall effectiveness of the Secretariat. The officers also highlighted the critical role they play in the Commission’s operations, serving as Registration Officers during voter registration exercises and as Returning Officers during elections, responsibilities that are central to the delivery of credible electoral processes. The Ag. Commission Secretary/CEO welcomed the views shared by the representatives and affirmed the importance of continuous dialogue with staff across the Commission. Drawing from his own experience serving previously as a Senior Election Officer, Mr. Sunkuli acknowledged the concerns raised and assured the representatives that the Commission will carefully review the issues discussed. The engagement reflects the Commission’s ongoing commitment to constructive internal dialogue, staff welfare and strengthening institutional capacity in the execution of its constitutional mandate. #FormNiDialogue #YourVoteYourFuture #TalkwithIEBC #StopFakeNews",en,https://www.iebc.or.ke/news/?IEBC_Holds_Consultative_Meeting_with_Senior_Election_Officers_(SEO),,medium,Independent Electoral and Boundaries Commission,"{""adapter"": ""generic_html""}"
psa_2026_000101,governance,IEBC Chair Hosts Swiss Ambassador for Strategic Talks on 2027 Preparedness3rd Mar 2026,"Today, IEBC Chairperson Erastus Ethekon, HSC hosted H.E. Mirko Giulietti, Ambassador of Switzerland to Kenya, for a high-level courtesy call on preparations for the 2027 General Election. The discussions centered on strategic priority areas in election preparedness, with particular emphasis on institutional strengthening and capacity building. The Ambassador reaffirmed Switzerland’s commitment to supporting initiatives that enhance transparency and public confidence in Kenya’s electoral processes. The Chairperson briefed the Ambassador on the Commission’s roadmap to 2027, including the forthcoming launch of the Enhanced Continuous Voter Registration (ECVR) exercise. The ECVR will decentralize voter registration to the ward level, a deliberate step toward inclusion, accessibility and youth participation in the democratic process. Ambassador Giulietti underscored the Commission’s critical role in safeguarding democracy not only in Kenya but across the region, noting that credible elections remain the cornerstone of stability and governance. The Ambassador was accompanied by Leonie Wechsler, Academic Intern at the Embassy of Switzerland. As we look ahead to 2027, partnerships that strengthen institutional capacity and deepen citizen participation will remain central to delivering credible, inclusive and transparent elections.",en,https://www.iebc.or.ke/news/?IEBC_Chair_Hosts_Swiss_Ambassador_for_Strategic_Talks_on_2027_Preparedness,,low,Independent Electoral and Boundaries Commission,"{""adapter"": ""generic_html""}"
psa_2026_000105,governance,IEBC Appears Before JLAC to Consider 2026 Budget Policy Statement25th Feb 2026,"The Commission, led by IEBC Vice Chairperson Fahima Araphat, OGW, appeared before the Departmental Committee on Justice and Legal Affairs (JLAC) at Bunge Towers to consider the 2026 Budget Policy Statement (BPS). Vice Chairperson Araphat emphasized to the Committee that timely and sufficient funding is critical to protecting the integrity, efficiency and credibility of Kenya’s electoral process as the country prepares for the 2027 General Election. During the session, IEBC Ag. Commission Secretary/CEO Moses Sunkuli, OGW, presented the Commission’s budget priorities and strategic focus as preparations begin for the 2027 General Election. In his remarks, the CEO noted that the Commission developed its 2026/27 to 2028/29 Medium Term Expenditure Framework Budget in line with the National Treasury Circular that provides guidelines for the preparation of the 2026/27 to 2028/29 MTEF. He added that the budget is anchored on the Commission’s five year Strategic Plan, structured around four Key Result Areas and Strategic Focus Areas: Managing Elections, Citizen Engagement and Participation, Equitable Representation and Institutional Resilience. He further explained that the Commission operates under a single core programme, Management of the Electoral Process in Kenya, whose strategic objective is to deliver free, fair and credible elections. The programme is executed through five sub programmes: Administrative Planning and Support Services; Voter Registration and Electoral Operations; Voter Education and Partnerships; Electoral Information and Communication Technology; and Delimitation of Electoral Units. The Committee, chaired by Hon. George Murugara, MP for Tharaka, is established under National Assembly Standing Order 216 and is mandated to investigate, inquire into and report on matters relating to the mandate, management, activities, administration and operational estimates of designated Ministries and Departments. #26thFebByelections | #YourVoteYourFuture | #TalkwithIEBC | #StopFakeNews",en,https://www.iebc.or.ke/news/?IEBC_Appears_Before_JLAC_to_Consider_2026_Budget_Policy_Statement,,low,Independent Electoral and Boundaries Commission,"{""adapter"": ""generic_html""}"
psa_2026_000107,governance,IEBC Concludes Clerk Training Ahead of 26th February 2026 By-Elections23rd Feb 2026,"It's all systems go as Independent Electoral and Boundaries Commission (IEBC) successfully concludes the training of clerks ahead of the 26 th February 2026 By-Elections. The clerks, who will conduct the by-elections, took Oath of Secrecy, reaffirming their commitment to uphold integrity, impartiality and professionalism throughout the electoral process. This reinforces IEBC pledge to deliver free, fair and credible elections. As we enter the final stages of preparation, the team is now fully equipped to conduct the By-Elections. The Commission remains committed to ensuring that every eligible voter exercises their democratic right to elect leaders of their choice. The By-elections will be held on Thursday 26th February 2026 for: Member of the National Assembly for Isiolo South Constituency, Isiolo County; Member of the County Assembly for West Kabras Ward, Malava Constituency, Kakamega County; and Members of the County Assembly for Muminji Ward and Evurore Ward, Mbeere North Constituency, Embu County. #26thFebByelections | #YourVoteYourFuture | #TalkwithIEBC | #StopFakeNews",en,https://www.iebc.or.ke/news/?IEBC_Concludes_Clerk_Training_Ahead_of_26th_February_2026_By-Elections,,medium,Independent Electoral and Boundaries Commission,"{""adapter"": ""generic_html""}"
psa_2026_000108,governance,"IEBC, Centre for Multiparty Democracy Host Youth Dialogue Forum in Machakos23rd Feb 2026","Independent Electoral and Boundaries Commission(IEBC), in collaboration with Centre For Multiparty Democracy , is holding a Youth Dialogue Forum in Machakos County. The forum also offers the Commission an opportunity to share updates on its preparedness for the 2027 General Election, including the ongoing Continuous Voter Registration (CVR) exercise, and to explore areas of collaboration with youth stakeholders in strengthening CVR and other electoral processes. Further, the Commission is receiving feedback from county-based youth leaders and influencers on electoral matters. While opening the forum, Commissioner Dr. Alutalala Mukhwana, Chairperson of the Voter Education, Partnerships, Communication and Stakeholder Engagement (VEPC&SE) Committee, noted that Kenya’s electoral process is founded on the principle of participation. He emphasized that the Commission has aligned its priorities towards enhancing credibility, inclusivity, and voter experience, drawing on feedback from both internal and external stakeholders. In preparation for the 2027 General Election, the Commission has therefore made deliberate and strategic efforts to engage key stakeholders especially the youth by sharing a clear roadmap toward an inclusive, transparent, free, and fair elections. Commissioner Ann Nderitu underscored that civic responsibility begins with registering as a voter, participating in elections, and giving views when required. She noted that approximately 74% of Kenya’s population is below the age of 35, and about 57% of registered voters are young people. This, she observed, means that the country largely belongs to the youth. She encouraged them to recognize that they are not spectators but decision-makers, and that the future of Kenya rests in their hands. She further stated that the Commission has a legitimate expectation that the information shared during the forum will be cascaded to other young people across the county. She emphasized that the engagement is not only about the individuals present, but also about the thousands of youth they represent. Participants were therefore urged to help transform perceptions around elections, voter registration, and civic responsibility within their respective communities. Representing the Ag.Commission Secretary/CEO, Deputy Commission Secretary – Operations, Ruth Kulundu, noted that youth form a distinct segment of the Special Interest Groups prioritized in the Commission’s outreach, education, and inclusion initiatives. She highlighted the Commission’s collaboration with youth-led and youth-serving organizations to curb misinformation and promote youth-friendly programs and strategies within the electoral process. The Commission expressed hope that through such engagements, young people who have attained the age of 18 years will take advantage of the ongoing Continuous Voter Registration exercise to register as voters and actively participate in all electoral processes. Riding on this wave of engagement, the Commission reaffirmed its commitment to sustained dialogue with the youth on issues affecting their participation in electoral processes and governance. #26thFebByelections | #YourVoteYourFuture | #TalkwithIEBC",en,"https://www.iebc.or.ke/news/?IEBC,_Centre_for_Multiparty_Democracy_Host_Youth_Dialogue_Forum_in_Machakos",,low,Independent Electoral and Boundaries Commission,"{""adapter"": ""generic_html""}"
psa_2026_000111,governance,IEBC and National Youth Council Partner to Advance Youth Inclusion in Elections20th Feb 2026,"The National Youth Council of Kenya led by their CEO Gloria Wawira, today met with IEBC Ag Commission Secretary/CEO, Moses Sunkuli, OGW, to discuss areas of collaboration in strengthening youth inclusion in Kenya’s electoral landscape. The engagement focused on expanding opportunities for young people to participate meaningfully in the electoral process as informed voters, aspirants for political leadership, and active defenders of their civic rights. Through its coordination mandate, the National Youth Council continues to unite youth-serving organizations and key stakeholders to deepen grassroots civic engagement and ensure sustained youth participation before, during, and after elections. #26thFebByelections | #YourVoteYourFuture | #TalkwithIEBC | #StopFakeNews",en,https://www.iebc.or.ke/news/?IEBC_and_National_Youth_Council_Partner_to_Advance_Youth_Inclusion_in_Elections,,medium,Independent Electoral and Boundaries Commission,"{""adapter"": ""generic_html""}"
psa_2026_000112,governance,IEBC Presides Over Law Society of Kenya Elections19th Feb 2026,"The Commission is mandated to conduct elections to any elective body or office established by the Constitution, and any other elections as prescribed by an Act of Parliament. IEBC today presided over the Law Society of Kenya elections in 54 polling stations across the country. Eligible members of the society voted for 8 elective positions that attracted a total of 48 candidates. The elective positions are: President, Vice President, General Member of Atleast 25 Years Standing, Council Member (Coast Representative), General Member Representatives, Council Member (Upcountry Representative), Council Members (Nairobi Representatives) and Members, Advocates Disciplinary Tribunal. Results counting is currently underway and final tallies will be announced and winners declared by the Returning Officer of the election. #26thFebByelections | #YourVoteYourFuture | #TalkwithIEBC | #StopFakeNews",en,https://www.iebc.or.ke/news/?IEBC_Presides_Over_Law_Society_of_Kenya_Elections,,low,Independent Electoral and Boundaries Commission,"{""adapter"": ""generic_html""}"
psa_2026_000116,governance,IEBC Receives Ballot Papers as Preparations for 26th February By-Elections Near Completion18th Feb 2026,"The Commission, led by Deputy Commission Secretary - Support Services Obadiah Keitany, MBS, this afternoon received four pallets of ballot papers and statutory forms for the upcoming #26thFebByelections in the following areas: Isiolo South Constituency; and County Assembly Wards (CAW) in West Kabras (Malava Constituency), Evurore and Muminji (Mbeere Constituency). While addressing the media, he stated that preparations for the by-elections are at an advanced stage. The Commission is currently training polling officials, and the process is progressing well. All systems are in place, and the Commission is fully prepared to conduct the by-elections. He reiterated that the Commission is committed to conducting free, fair, transparent, credible, and inclusive elections. Dispatch of the materials, including ballot papers, will begin on Monday, 23rd February 2026. #26thFebByelections | #YourVoteYourFuture | #TalkwithIEBC | #StopFakeNews",en,https://www.iebc.or.ke/news/?IEBC_Receives_Ballot_Papers_as_Preparations_for_26th_February_By-Elections_Near_Completion,,medium,Independent Electoral and Boundaries Commission,"{""adapter"": ""generic_html""}"
psa_2026_000118,governance,"IEBC, ELGIA Spearhead Multi Sector Electoral Law Reforms to Strengthen 2027 Polls18th Feb 2026","Independent Electoral and Boundaries Commission (IEBC) led by Commissioner MaryKaren Sorobit, Chairperson, Legal Compliance and Political Parties Liaison Committee, in collaboration with ELGIA, is engaging stakeholders in a comprehensive electoral legal reform initiative aimed at fortifying governance and ensuring integrity in the electoral process ahead of the 2027 General Election. Describing the initiative as a key milestone in the post-2022 reform journey, Sorobit noted that the process builds on gaps identified after the 2017 General Election and reflects the Commission’s sustained commitment to strengthening the legal, administrative and regulatory framework underpinning Kenya’s elections. The reform package covers proposed amendments to the Elections Act, Election Offences Act, County Governments Act, campaign financing laws, a proposed Referendum Bill and regulations governing voter registration, voter education, party primaries and lists, election technology and campaign financing. “This is not a narrow legislative adjustment, but a structural effort to reinforce electoral governance, close legal gaps, and enhance enforceability well ahead of 2027,” she emphasized. A Multi-Sectoral Working Group, including representatives from the Kenya Law Reforms Commission, ORPP, AG, PPLC, JCE, PPDT, The National Assembly, Katiba Institute, ELOG, Transparency International, ICJ, has been established to guide the consultations and public participation process aimed at refining the draft Bills. By promoting collaboration among key election stakeholders, the Commission aims to ensure that the proposals are well-informed and aligned with the legal framework. The team is expected to fast-track the refinement and submission of the legislative instruments to Parliament in good time before the 2027 General Election. BonMak Olwal, Program Manager, UKAID, representing ELGIA, reaffirmed support for strengthening democratic governance through collaborative reform and urged stakeholders to actively contribute to enriching the proposed laws. #26thFebByelections | #YourVoteYourFuture | #TalkwithIEBC | #StopFakeNews",en,"https://www.iebc.or.ke/news/?IEBC,_ELGIA_Spearhead_Multi_Sector_Electoral_Law_Reforms_to_Strengthen_2027_Polls",,medium,Independent Electoral and Boundaries Commission,"{""adapter"": ""generic_html""}"
psa_2026_000119,governance,IEBC engages Vice Chancellors and leaders of universities and colleges and security agencies to enhance participation in electoral processes16th Feb 2026,"Today, the Commission, represented by Commissioner Dr. Alutalala Mukhwana, joined Vice Chancellors and leaders of universities and colleges, alongside security agencies, under the Jukwaa la Wasomi platform convened by the Universities and Colleges Students’ Peace Association of Kenya (UCSPAK). The meeting focused on the role of universities and colleges in promoting security, peace, and participation in electoral processes. While addressing the participants, Commissioner Dr. Alutalala urged Vice Chancellors and heads of institutions for higher learning to collaborate closely with the IEBC to ensure that students are registered as voters and actively participate in elections. Dr. Alutalala further affirmed the Commission’s commitment to leveraging university and college forums to facilitate voter registration and provide voter education to students. #26thFebByelections | #YourVoteYourFuture | #TalkwithIEBC | #StopFakeNews",en,https://www.iebc.or.ke/news/?IEBC_engages_Vice_Chancellors_and_leaders_of_universities_and_colleges_and_security_agencies_to_enhance_participation_in_electoral_processes_,,medium,Independent Electoral and Boundaries Commission,"{""adapter"": ""generic_html""}"
psa_2026_000121,governance,IEBC and LSK Strengthen Partnership to Safeguard Electoral Integrity16th Feb 2026,"Today, the Law Society of Kenya (LSK), led by its President Faith Odhiambo, paid a courtesy call to the Independent Electoral and Boundaries Commission (IEBC) . The Commission led by Chairperson Erastus Ethekon welcomed the LSK delegation and underscored the importance of the engagement. IEBC Chairperson Erastus Ethekon, HSC noted that the LSK is a key institution within Kenya’s governance framework. He emphasized thatIEBC occupies a critical position in the country’s governance architecture, with a clear constitutional mandate to manage elections, referenda and boundary delimitation processes. He acknowledged the vital role LSK has played in advancing reforms in Kenya and stated that the Commission cannot effectively discharge its mandate without close collaboration with the Society. He observed that the meeting was particularly important for the new Commission as it seeks to strengthen partnerships and explore practical ways of supporting each another in delivering the respective mandates. The Chairperson further affirmed that the Commission welcomes constructive criticism. He stated that feedback that helps to improve processes, systems and the manner in which the Commission executes its public mandate is always encouraged. Addressing the LSK delegation, he reiterated the Commission’s openness to listen, learn and work together in moving the country forward. Following the by-elections, the Commission conducted a comprehensive post-election review involving stakeholders such as security agencies, political parties, candidates and civil society organizations inter alias. The review examined what worked well, identified areas that required improvement and generated lessons to inform future electoral processes. IEBC Chairperson Erastus Ethekon, HSC observed that the Commission also took note of concerns raised by stakeholders regarding the presence of gangs around polling areas, incidents of voter intimidation and harassment, electoral violence, and voter bribery. He noted that such acts are unlawful and undermine the integrity of the electoral process. While the Code of Conduct Enforcement Committee is mandated to address violations of the Electoral Code of Conduct, it can only take action upon receipt of a formal complaint. “The Commission therefore urges candidates, political parties, and members of the public to promptly report any breaches to enable appropriate action to be taken in accordance with the law, as it remains committed to ensuring peaceful, transparent, and credible elections,” he said. The Chairperson cautioned against rhetoric that undermines public confidence in the electoral body, stating: “If political leaders portray the Commission as compromised, their supporters may lose faith in the process and choose not to register or vote, believing that their participation is meaningless. We must therefore work together to support the Commission in delivering free, fair, inclusive, transparent and credible elections.” Faith Odhiambo, President of the Law Society of Kenya, expressed appreciation to the IEBC Chairperson and Commissioners for convening the meeting, noting the longstanding partnership between LSK and the Commission anchored on the rule of law and constitutionalism. She recalled that in the 2022GE, the Commission maintained an open door policy that allowed LSK to provide input on electoral laws and reforms, even under tight timelines and significant operational pressure. She reaffirmed LSK’s commitment to supporting necessary legal reforms, including campaign financing laws, to enhance the integrity and smooth conduct of elections. Odhiambo emphasized that sustained stakeholder support is essential to strengthening Kenya’s electoral processes. On judicial engagement, she called for closer collaboration between the Commission and the Judiciary to minimize last minute court orders that often disrupt electoral timelines and create uncertainty for candidates and voters. Odhiambo further proposed joint Continuing Professional Development (CPD) sessions to enhance electoral knowledge among advocates, particularly young lawyers. She underscored the importance of broader public awareness through radio, observing that while Gen Z is active on social media, a significant portion of Kenyans still rely on traditional media platforms for information. In this regard, she noted that LSK plans to conduct nationwide civic education in September and October through LSK Legal Awareness Week, including the distribution of pamphlets covering key topics to be agreed upon with the Commission. ""On the issue of disinformation, we must invest significantly in media monitoring and rapid response, especially to tackle AI-generated and manipulated content that disproportionately targets female candidates. Structured engagement with digital platforms is crucial to ensure swift action against users spreading harmful content,"" said Odhiambo. She concluded by emphasizing the continued partnership between LSK and the Commission in areas including election observation, accreditation, and electoral reform. #26thFebByelections | #YourVoteYourFuture | #TalkwithIEBC | #StopFakeNews",en,https://www.iebc.or.ke/news/?IEBC_and_LSK_Strengthen_Partnership_to_Safeguard_Electoral_Integrity,,medium,Independent Electoral and Boundaries Commission,"{""adapter"": ""generic_html""}"
psa_2026_000124,governance,"IEBC Joins KBC in Celebrating World Radio Day, Urges Youth to Register and Participate in Elections11th Feb 2026","The Commission today joined KBC to celebrate World Radio Day at their HQ in Nairobi. World Radio Day is a globally recognized event aimed at celebrating radio broadcast, improve international cooperation among radio broadcasters and encourage decision-making. The Commission was represented by Commissioner Dr. Alutalala Mukhwana, Chair of the Voter Education, Partnerships, Communications, and Stakeholder Engagement Committee (VEPSEC), who delivered a keynote speech on the importance of radio in election management. In his address, Commissioner Mukhwana emphasized that radio remains the most accessible and trusted medium for reaching citizens across the country, particularly young people, marginalized communities, and those in remote areas. He noted that radio continues to play a central role in voter education, civic awareness, and the dissemination of accurate electoral information. The Commissioner used the platform to urge young Kenyans to actively participate in the electoral process by registering as voters and turning out to vote when elections are held. He observed that youth participation in voter registration remains low, despite young people constituting a significant proportion of the country’s population. “While technology continues to evolve, citizens must use the systems available today to shape their future. We should not delay participation while waiting for future innovations,” Commissioner Dr Alutalala said. He addressed concerns raised by some young people who perceive the current voting system as outdated, clarifying that electoral participation should not be hindered by the absence of mobile or phone-based voting. Drawing parallels with the evolution of radio and music technology, he noted that meaningful progress is achieved by making the best use of existing tools. Commissioner Dr Alutalala informed participants that IEBC will roll out an enhanced voter registration exercise in March across the country. The exercise will ensure services reach communities at the grassroots level. He further dismissed claims that elections can be easily manipulated, stating that the Commission has put in place robust voter identification and verification measures, including the use of national identity cards, biometric fingerprint verification, and iris recognition. “The voting procedures currently in place makes it impossible for an unregistered person to vote. The system is secure and designed to protect the integrity of the electoral process,” he said. Commissioner Dr Alutalala assured Kenyans that the 2027 General Election will be peaceful, free, fair and credible, and encouraged all eligible citizens to register and vote in order to actively participate in determining the country’s future. The Commissioner was taken through the history of radio from 1927 to the present day, highlighting key milestones and technological advancements that have transformed radio broadcasting over the years. The presentation underscored how innovations in technology have expanded radio’s reach, improved content delivery, and enhanced its continued relevance in an evolving media landscape.",en,"https://www.iebc.or.ke/news/?IEBC_Joins_KBC_in_Celebrating_World_Radio_Day,_Urges_Youth_to_Register_and_Participate_in_Elections",,medium,Independent Electoral and Boundaries Commission,"{""adapter"": ""generic_html""}"
psa_2026_000126,governance,IEBC Trains Trainers of Trainers(ToTs) Ahead of 26th February By-Elections6th Feb 2026,"Independent Electoral and Boundaries Commission (IEBC) is currently training Trainers of Trainers (ToTs) in preparation for the upcoming by-elections scheduled for 26th February 2026. Opening the workshop on behalf of the Chairperson, Commissioner Hassan Noor Hassan, observed that just as sermons are repeated because human memory is fallible, we are reaffirming our mandate, values, and responsibilities. ""While elections are a collective responsibility, the credibility of the process rests squarely on our shoulders. We cannot afford to let Kenyan downs who expect us to deliver peaceful, fair, free and credible by-elections,"" he said. Commissioner Hassan noted that the Commission had over the past six months engaged widely with stakeholders across the political, security, judicial, and civil spectrum; and the message had been consistent: ""deliver a fair election"". ""It is my firm belief that the upcoming by-elections will be the most peaceful, credible, and transparent this country has witnessed. I am confident that we have officers in the field capable of delivering this mandate. Consistency and strict adherence to the law and procedures are non-negotiable,"" observed Commissioner Hassan. The Ag. Commission Secretary/CEO, Moses Sunkuli, OGW, expressed his appreciation to the Commission and called for support. ""As I have already conveyed my commitment to the Commission, I equally appeal for your support as we embark on the journey of revamping and resetting the Commission as we head to the 2027 General Election. Change is inevitable. We must find new and better ways of doing things to deliver effectively to the people of Kenya,"" said Sunkuli. He also highlighted that preparing poll officials is key to ensuring high-quality election services. The training will cover all aspects of election operations, from pre-polling to polling and post-polling, including proper procedures, the use of electronic voter identification, managing results, and full compliance with legal and regulatory requirements. #26thFebByElections #TalkwithIEBC #StopFakeNews #YourVote YourFuture",en,https://www.iebc.or.ke/news/?IEBC_Trains_Trainers_of_Trainers(ToTs)_Ahead_of_26th_February_By-Elections,,medium,Independent Electoral and Boundaries Commission,"{""adapter"": ""generic_html""}"
psa_2026_000127,governance,IEBC and Nation Media Group Discuss Collaboration on Responsible Electoral Reporting5th Feb 2026,"Today, Nation Media Group led by its Group Managing Director and Chief Executive Officer (CEO), Mr. Geoffrey Odundo, paid a courtesy call to the Independent Electoral and Boundaries Commission(IEBC) to discuss areas of collaboration ahead of the 2027 General Election. Speaking during the engagement, IEBC Chairperson Erastus Ethekon , emphasized the importance of responsible electoral communication, noting that while transparency and public-interest reporting are essential, messaging must be handled carefully to maintain public trust and participation. “As a public institution, we do not shy away from reporting legitimate issues. However, the framing and amplification of certain matters can sometimes unintentionally discourage voter participation or weaken confidence in the electoral process,” said Ethekon. The Chairperson highlighted challenges in mobilising resources for voter education and peace campaigns, observing that perceptions of adequate funding often limit support for critical communication initiatives. “To deliver a peaceful and credible election, we must invest deliberately in voter education and peace building. This cannot be achieved by the Commission alone and must be a collective national effort,” he said. The Chairperson observed there was need for a cooperative framework involving the media, civil society, and the private sector to jointly support phased peace and civic education initiatives, with the Commission committing to play its part. Mr. Odundo reiterated Nation Media Group’s civic responsibility to inform the public accurately and responsibly, describing the media as an “underwriter of democracy.” He expressed interest in collaborating with the Commission on civic education, timely dissemination of information, and effective results transmission to enhance public confidence during elections. The meeting ended by underscoring the importance of sustained collaboration in safeguarding Kenya’s stability as we prepare for the 2027 General Election. #26thFebByElections #TalkwithIEBC #StopFakeNews #YourVoteYourFuture",en,https://www.iebc.or.ke/news/?IEBC_and_Nation_Media_Group_Discuss_Collaboration_on_Responsible_Electoral_Reporting,,medium,Independent Electoral and Boundaries Commission,"{""adapter"": ""generic_html""}"
psa_2026_000128,governance,IEBC and UNDP Kenya Review Electoral Needs Assessment Mission Report4th Feb 2026,"The Independent Electoral and Boundaries Commission (IEBC) led by the Chairperson, Erastus Ethekon, HSC, today held a meeting with UNDP-Kenya led by the Resident Representative in Kenya, Jean-Luc Stalon. The meeting reviewed the electoral needs assessment mission (NAM) report by UNDP. The NAM was undertaken on 6 th to 14th October 2025. The report identifies critical resource gaps and recommends the need for support in areas such as voter inclusion and youth engagements, strategic communications and stakeholder engagements, capacity building and technical assistance. The two entities reaffirmed their commitment to a strong partnership, walking together towards a free, fair, peaceful and credible General Election 2027. #26thFebByElections #TalkwithIEBC #StopFakeNews #YourVoteYourFuture",en,https://www.iebc.or.ke/news/?IEBC_and_UNDP_Kenya_Review_Electoral_Needs_Assessment_Mission_Report,,low,Independent Electoral and Boundaries Commission,"{""adapter"": ""generic_html""}"
psa_2026_000130,governance,IEBC Engages United Opposition on Electoral Preparedness4th Feb 2026,"The Independent Electoral and Boundaries Commission(IEBC) held a meeting with members of the United Opposition led by H.E. Kalonzo Musyoka and Hon. Martha Karua. The meeting discussed IEBC's readiness for vital electoral tasks including management of by-elections, electoral security, voter registration and procurement of election goods and services. The United Opposition leaders expressed concerns over insecurity in recent by-elections, urging the Commission to implement robust measures that will ensure voters exercise their democratic rights in a secure environment free from intimidation or undue influence. IEBC Chairman Erastus Ethekon expressed delight at the engagement and reaffirmed the Commission's commitment in operating strictly within legal bounds, serving all Kenyans impartially regardless of political affiliation. The meeting further underscored the vital need for trust and transparency in Kenya's electoral process, with leaders calling for effective stakeholder engagements to uphold fairness in fulfilling the Commission's constitutional mandate. IEBC pledged to undertake structured stakeholder engagements with all electoral players, full transparency, adherence to consultative processes, and political neutrality to deliver a free, fair and verifiable election. The Commission further committed to regular consultative meetings with leaders from all political divide under an open-door policy. #26thFebByElections #TalkwithIEBC #StopFakeNews #YourVoteYourFuture",en,https://www.iebc.or.ke/news/?IEBC_Engages_United_Opposition_on_Electoral_Preparedness,,medium,Independent Electoral and Boundaries Commission,"{""adapter"": ""generic_html""}"
psa_2026_000139,education,IEBC to support women bridge gender gap in elective positions during 2027GE23rd Dec 2025,"The Commission, represented by Vice Chairperson Fahima Araphat Abdallah, OGW, last week, joined the Association of Media Women in Kenya (AMWIK) and the Friedrich Naumann Foundation Kenya(FNF-Kenya) to launch a research report titled: “Bridging the Gender Gap Towards Kenya’s 2027 Elections.” The report in its findings, noted that despite the transformative aspirations of the 2010 Constitution, women currently hold only 23.9% of parliamentary seats well below the constitutional threshold. The findings underscored the reality that structural, economic, social, and digital barriers continue to undermine full representation. A key concern raised was the growing wave of online harassment targeting women leaders, journalists and human rights defenders, an area requiring collective and sustained action as the country approach the 2027 General Election. In her remarks, the Vice Chairperson reaffirmed the Commission’s commitment to supporting free, fair, inclusive and gender-responsive electoral processes.",en,https://www.iebc.or.ke/news/?IEBC_to_support_women_bridge_gender_gap_in_elective_positions_during_2027GE,,low,Independent Electoral and Boundaries Commission,"{""adapter"": ""generic_html""}"
psa_2026_000147,governance,"IEBC condemns violence and disruption of voting process witnessed during byelections in Kasipul, Mbeere and Malava6th Dec 2025","The Commission noted with grave concern the incidents of violence, intimidation, and disruption reported in parts of the country during the 27th November, 2025 by-elections and condemned in the strongest terms possible the acts of violence, hooliganism and lawlessness experienced in some electoral areas. Chairperson Erastus Edung Ethekon, HSC noted that the acts of violence violated Article 81(e) of the Constitution of Kenya, 2010, which requires that elections be free from violence, intimidation, improper influence, or corruption and undermined the principles of Article 86 on the conduct of simple, accurate, verifiable, secure, accountable, and transparent elections. “Elections are a democratic exercise, and no individual or group has the right to compromise the peace, safety, or integrity of the process. We are working closely with security agencies to ensure swift action against any perpetrators. It is important that all political actors must uphold the principles of peaceful participation and respect for the rule of law,” said Ethekon. During the just concluded by-election, the percentage of voter turnout by each the 5 constituencies and Baring’o county was commendable. Baring’o Senate election had 25.97% voter turnout, Member of National Assembly (MNA) for Magarini (34.7%), Mbeere North (61.9%), Malava (46.26%), Ugunja (25%), Kasipul (46.4%) and Banissa (35.7%). The Chairperson urged the voters to come out in large numbers to vote noting that their vote was their voice and that participation in the polling process strengthens Kenya’s democracy and every ballot contributes to a transparent and credible outcome. The Commission also pronounced itself on misinformation that circulated claims alleging ballot stuffing in some polling stations. “These claims are false, unfounded, and intended to mislead the public. All polling stations operated under strict procedures that included the presence of agents from participating political parties, accredited observers and security personnel. Every ballot issued corresponded to a verified voter, and all processes remained open to scrutiny. “The public should always rely on official communication from the Commission and refrain from sharing unverified information that would undermine public confidence in the electoral process. The Commission remains committed to delivering a transparent, peaceful, and credible by-election. I thank all voters, officials, agents, and observers for their continued cooperation. Violence and intimidation have no place in our democracy. We call on security agencies to act firmly where breaches occur.",en,"https://www.iebc.or.ke/news/?IEBC_condemns_violence_and_disruption_of_voting_process_witnessed_during_byelections_in_Kasipul,_Mbeere_and_Malava",,low,Independent Electoral and Boundaries Commission,"{""adapter"": ""generic_html""}"
psa_2026_000149,governance,IEBC develops Strategic Communication Plan to align with new trends and enhance delivery of electoral information4th Dec 2025,"The Commission, supported by the Electoral Law and Governance Institute for Africa (ELGIA), reviewed the enhanced Strategic Communication Plan to guide the effective dissemination of electoral information, strengthen stakeholder confidence and keep pace with emerging communication trends, technologies, and lessons learned over the years. Commission Chairperson Erastus Edung Ethekon, HSC accompanied by fellow Commissioners during the workshop, emphasized that this strategic review reflects the Commission’s deliberate and focused steps to enhance its communication. “Developing the enhanced Strategic Communication Plan at this time is critical. With new technologies, the growing influence of digital platforms, and rising challenges such as misinformation, this revision allows the Commission to strengthen its communication with both internal and external stakeholders,” said Chairperson Ethekon. A robust communication framework will enable the Commission to address challenges before they escalate and maintain credibility, inclusivity, and a shared sense of purpose within the organization. It also aims to improve internal communication so that all staff members move forward with common understanding and unity of purpose. Dr. Alutalala Mukhwana who is the Chairperson of the Voter Education, Partnerships, Communications, and Stakeholder Engagement Committee, highlighted that the main challenge in communication is being able to harness collective experiences to determine the right moments for Independent Electoral and Boundaries Commission(IEBC) on when? how and what to communicate. “For too long, we have relied on a enhanced Strategic Communication Plan from 2013 which is now outdated in today’s fast-evolving digital age. Persisting with this old framework would be like driving the nation’s democratic vehicle into a thick fog at Mai Mahiu with dimmed headlights,” remarked Dr. Alutalala. The Chairperson noted that from the Post-ElectionEvaluation (PEE) Report, especially the Observers’ reports, it was Communication that was picked out as an area that required improvement and in today’s fast-paced information environment, how the Commission communicate shapes how people perceive IEBC and the confidence they have in the institution. It’s not just about issuing press statements or appearing in the media — it’s about staying engaged, being transparent, and managing our reputation with consistency and honesty. That’s why strong and proactive communication is so critical in realizing our vision as a Commission. “Developing the enhanced Strategic Communication Plan couldn’t have come at a better time. With new technologies, the growing influence of digital platforms and challenges like misinformation, this review gives the Commission a chance to strengthen how it communicates to internally and externally stakeholders. A solid communication framework will not only help the Commission handle challenges before they escalate but also ensure it maintain credibility, inclusivity and a shared sense of purpose within the organization. It’s also about improving how we talk to each other internally — so that we all move in the same direction, with common understanding and unity of purpose. “By aligning our communication efforts with our core functions, we’ll improve the quality, timeliness, and impact of our messages — whether to the public, the media, or our partners. We’re not just updating a document — we’re shaping how IEBC tells its story, builds trust, and delivers on its mission to strengthen democracy in Kenya,” said Ethekon. Felix Odhiambo, the Executive Director of ELGIA, commended IEBC Commissioners on how speedy they hit the ground upon their inductions over three months ago by identifying five areas that needed immediate support being legal reforms, strategic communication, boundaries review, voter education and voter registration. “I’m happy to report that there has been remarkable progress in four out of the five areas (save for Boundaries Delimitation). Feedback received from Kenyans in our interactions and development partners is positive underlining the robust and good improvement and lets us keep up the momentum. This team will interact and enrich the draft, subject it to external validation to make it better and hopefully IEBC Plenary will adopt the enhanced Strategic Communication Plan.",en,https://www.iebc.or.ke/news/?IEBC_develops_Strategic_Communication_Plan_to_align_with_new_trends_and_enhance_delivery_of_electoral_information,,emergency,Independent Electoral and Boundaries Commission,"{""adapter"": ""generic_html""}"
psa_2026_000150,governance,IEBC undertakes capacity building for Training of Trainers ahead of by-elections4th Dec 2025,"The Commission trained Trainers of Trainers (ToTs) for the 27th November 2025 by-elections. Opening the training on behalf of the Chairperson, the Vice Chairperson Fahima Araphat Abdallah, OGW encouraged participants to continue with the same spirit and zeal of ensuring the delivery of free, fair and credible elections in the country. This will not only enhance public trust, but also strengthen Kenya’s democracy. Further, she urged poll officials to ensure all activities are guided by the rule of law and to involve stakeholders in the relevant activities to ensure a seamless electoral process. Commissioner Ann Nderitu, Chairperson of Electoral Operations Committee, requested the participants to be committed during the training as their engagement would automatically affect how the upcoming by elections are conducted and perceived by the public. Commission Secretary/CEO Marjan Hussein Marjan observed that training of poll officials remains a central pillar of quality in electoral service delivery. He also noted that during the training, attention was given to operational preparedness; pre-polling, polling and post polling activities; polling procedures, use of electronic voter identification, result management and adherence to legal and regulatory frameworks.",en,https://www.iebc.or.ke/news/?IEBC_undertakes_capacity_building_for_Training_of_Trainers_ahead_of_by-elections,,medium,Independent Electoral and Boundaries Commission,"{""adapter"": ""generic_html""}"
psa_2026_000151,governance,"IEBC ready to conduct by-elections, reaches out to candidates to hold peaceful campaigns and meetings4th Dec 2025","The Commission has come out to assure the country that plans for the 29th November, 2005 By-Elections in 22 Electoral areas. Speaking while addressing the media at Anniversary towers, Chairperson Erastus Edung Ethekon assured the country that the forthcoming By elections will be free fair and accountable. “The IEBC has finalized key activities, including the recruitment and training of polling officials, and the deployment of logistical support teams across all electoral areas. Dispatch of election materials is ongoing and will be completed in good time for the polls” said Ethekon. Pursuant to the provisions of Article 81 of the Constitution, the Commission is required to conduct free and fair elections devoid of violence, intimidation, improper influence, or corruption. The Commission also issued a stern warning to perpetrators of violence that, the Commission will invoke the law, that gives a number of actions that can be taken by the Commission against the perpetrators of electoral violence. In a bid to address the security challenges in some of the electoral areas, the commission held a joint meeting with National Police Service and National Cohesion and Integration Commission (NCIC)and issued a joint statement to reaffirm their joint commitment to delivering peaceful, transparent, and credible by-elections that reflect the will of the people and uphold the integrity of Kenya’s democratic institutions. Pursuant to these provisions, and informed by the prevailing security situation, the Commission in collaboration with the NPS and NCIC called upon the Political Parties and Candidates to conduct peaceful campaigns and strictly adhere to their campaign schedules and the Electoral Code of Conduct. The Commission went ahead to summon two candidates in the Kaipul by election to face the code of conduct enforcement committee on their possible involvement in security challenges being witnessed in the Constituency. Any breach SHALL attract sanctions as prescribed in the available legislative framework. The Commission Chairperson assured the nation that all critical activities for the by-elections are on course, including the recruitment and training of polling officials, the ongoing dispatch of election materials, all set to be completed ahead of polling day. Following rising political tensions and violence, particularly in Kasipul, the IEBC has intensified coordination with the National Police Service (NPS) and the National Cohesion and Integration Commission (NCIC), issuing a joint statement to assure Kenyans of robust security arrangements to guarantee the integrity of the upcoming elections. Violence. IEBC has condemned electoral violence and warned it will take stern action, including campaign suspensions and issuing summons to enforce the Electoral Code of Conduct. This week, two candidates from Kasipul constituency were summoned to appear before the Commission’s code of conduct enforcement committee to answer for their possible involvement in violent incidents. Any breach of the code will attract strict sanctions as prescribed by law. The Commission urges all political parties and candidates to run peaceful campaigns, adhere to officially scheduled campaign times, and strictly follow the Electoral Code of Conduct. The chairman encouraged Voters to turn out in large numbers and elect leaders of their choice in the By- election areas. The chairperson reiterated the Commission’s resolve to uphold Kenya’s constitutional mandate and guaranteed a free, fair, and peaceful elections.",en,"https://www.iebc.or.ke/news/?IEBC_ready_to_conduct_by-elections,_reaches_out_to_candidates_to_hold_peaceful_campaigns_and_meetings",,high,Independent Electoral and Boundaries Commission,"{""adapter"": ""generic_html""}"
psa_2026_000153,governance,IEBC joins inter agency forum on data sharing framework to support Continuous Voter Registration exercise11th Nov 2025,"The Commission participated in an interagency meeting to explore Data Sharing framework strategies that will support the ongoing Voter Registration (CVR) exercise. The team seeks to develop a collaborative framework and draft a Memorandum of Understanding (MoU) between the IEBC and the State Department of Immigration and Citizen Services for secure and lawful data sharing. This should cover access to data on national Identity Cards and Passports, Integrated Population Registration System (IPRS), Records of deceased persons and other relevant datasets for the purpose of updating the Register of Voters. The IEBC team was led by Director Electoral Operations Moses Sunkuli, Director Legal Services (DLS) Chrispine Owiye and Director Information Communication Technology (DICT) Michael Ouma. Speaking during the event, Sunkuli reiterated that the CVR exercise is a vital step in ensuring that every eligible Kenyan has the opportunity to participate in shaping the country’s future through democratic elections. The exercise is particularly directed towards young people who have recently attained 18 years, and all citizens who have not yet registered or need to update their voter information. NRB Secretary Dr Chrstopher Wanjau and team leader said the bureau targets to register over 6.7 million Kenyans by 2027. “We produce National Identity Cards every day and it would be ideal for the IEBC staff to seize the opportunity and have close proximity to the youth, who visit our Bureau offices to collect IDs, to register them straight away,” said Wanjau. The Bureau also confirmed that thousands of ID cards that have not been collected from their offices and sought collaboration and teamwork to whip up citizens to collect them. The meeting agreed to form join secretariat to actualize an API to IPRS Integrated Population Registration System that will come in handy in the pre-registration module.",en,https://www.iebc.or.ke/news/?IEBC_joins_inter_agency_forum_on_data_sharing_framework_to_support_Continuous_Voter_Registration_exercise,,low,Independent Electoral and Boundaries Commission,"{""adapter"": ""generic_html""}"
psa_2026_000155,governance,IEBC undertakes capacity building for Commissioners to enhance understanding of polling process ahead of by-elections11th Nov 2025,"The Commission undertook capacity building for Chairperson, Vice Chairperson and members of the Commission on electoral processes in a special workshop hosted in Mombasa.. The capacity building session, organized by the Directorate of Electoral Operations through the Electoral Training Departmen, was meant to enlighten the Commissioners to diligently deliver on IEBC Constitutional mandate, one of them being the forthcoming 24 by-elections set to be conducted on 27th November 2025 across the country. Commission Secretary/CEO Marjan Hussein Marjan emphasised the importance of Commissioners understanding the electoral process.. “We’re now delving into the mechanics of our work: how elections and referenda are conducted, how voter registration is managed, how technology enhances these processes and how all these elements combine to ensure credible elections.”. Commissioner Anne Nderitu, CBS who is the Chairperson of the Electoral Operations Committee, encouraged the trainees to carefully interrogate the presentations as it is the backbone of election management. She emphasized that the Commission has a rich knowledge base to deliver the tailored content.. During the closing ceremony, the Chairperson Erastus Edung Ethekon, HSC expressed satisfaction with the Commission’s internal trainers. He encouraged the CEO to institutionalize a knowledge management centre to facilitate ongoing knowledge transfer and experience sharing within the Commission.. Further, the Chairperson urged the Commission to expand training to external stakeholders in the electoral sector, ensuring they remain well-informed and actively engaged with the electoral sub-system.. The customised training was designed to equip the Commissioners with hands-on knowledge and experience in electoral-legal framework, voter registration, conduct of elections, results management, election technology, stakeholder engagement, communication among others. These initiatives underscore the Commission’s dedication to enhance public trust and strengthen Kenya’s democracy.",en,https://www.iebc.or.ke/news/?IEBC_undertakes_capacity_building_for_Commissioners_to_enhance_understanding_of_polling_process_ahead_of_by-elections,,medium,Independent Electoral and Boundaries Commission,"{""adapter"": ""generic_html""}"
psa_2026_000157,governance,IEBC engages Bunge la Mwananchi to sensitise members to support ongoing Continuous Voter Registration exercise6th Nov 2025,"Independent Electoral and Boundaries Commission IEBC) led by Vice Chairperson Fahima Araphat Abdallah, OGW, interacted with the grassroots voice of the people, Bunge La Mwananchi, in a meeting under the theme “Your Participation is not an Option, it is Your Patriotic Duty!” The Commission praised the crucial civic work of Bunge La Mwananchi (The People’s Parliament), acknowledging their presence across 36 counties and their call for youth to register and participate in democratic processes. The Vice Chairperson Fahima observed that challenge is ringing across the Republic: “You have waited long enough... I urge you to come out in large numbers to fulfill your constitutional mandate.”“Your ID is not a card. Its your POWER!”, she implored. The Bunge La Mwananchi Chairman, voiced his concern on the low registration especially by the youth and pledged to collaborate and implore them to register. IEBC committed to free, fair and credible elections, while Bunge La Mwananchi was ready to partner with the Commission through an MoU for mobilization.",en,https://www.iebc.or.ke/news/?IEBC_engages_Bunge_la_Mwananchi_to_sensitise_members_to_support_ongoing_Continuous_Voter_Registration_exercise,,medium,Independent Electoral and Boundaries Commission,"{""adapter"": ""generic_html""}"
psa_2026_000160,governance,"IEBC meets Amnesty International, discusses integrity and protection of human rights in electoral process27th Oct 2025","The Commission hosted a delegation from the Amnesty International led by its Executive Director, Irungu Houghton. The meeting discussed possible areas of collaboration including promotion of electoral integrity, protection of human rights and enhancement of voter participation in electoral processes. IEBC Chairperson Erastus Ethekon assured the delegation that the Commission is strengthening electoral integrity through key initiatives including internal reforms, legal reviews and stakeholder engagements. On his part, the Amnesty International Executive Director, Hughton Irungu, committed to support and work closely with the Commission, especially in the areas of human rights protection and public participation in electoral processes.",en,"https://www.iebc.or.ke/news/?IEBC_meets_Amnesty_International,_discusses_integrity_and_protection_of_human_rights_in_electoral_process",,medium,Independent Electoral and Boundaries Commission,"{""adapter"": ""generic_html""}"
psa_2026_000167,governance,IEBC scoops the Best Independent Commission Stand Award at the 2025 Nairobi International Trade Fair20th Oct 2025,"The Commission participated in this year’s Nairobi International Trade Fair that was open from 29th September to 5th October 2025 at the Jamhuri Park Showground. This is one of the opportunistic events that the Commission uses to showcase its services to the public. This year, among the services that were offered at the IEBC stand included registration of voters and voter education. Many visitor walked in the IEBC exhibition stand and got the opportunity to learn more about elections and their participation in the election process. The stand won the Best Independent Commission Stand Award with Nairobi County Elections Manager (CEM) Albert Gogo at hand to receive the award on behalf of the Commission Chairoerson from H.E President William Samoei Ruto. “Hongera IEBC Join us in celebrating the Best Independent Commission Stand Award at the 2025 Nairobi International Trade Fair!” Besides learning about elections and their participation, the visitors took the chance to register as new voters or transfer their particulars to polling stations of their choice and also confirmed their status of registration.",en,https://www.iebc.or.ke/news/?IEBC_scoops_the_Best_Independent_Commission_Stand_Award_at_the_2025_Nairobi_International_Trade_Fair,,medium,Independent Electoral and Boundaries Commission,"{""adapter"": ""generic_html""}"
psa_2026_000168,governance,"IEBC develops Medium-Term Expenditure Framework, pledges to observe prudent financial planning and accountability20th Oct 2025","The Commission led by Chairperson Erastus Edung Ethekon, HSC, convened at the serane Sawela Lodges in Naivasha from 22nd to 26th September 2025 to develop its Medium-Term Expenditure Framework (MTEF) for the financial years 2026/27, 2027/28, and 2028/29. The Chaiperson observed that at the heart of the budget preparation process is a commitment to prudent financial planning, expenditure and accountability guaranteeing value for money while enhancing service delivery. While opening the workshop, Ethekon noted: “History reminds us that credible elections are not born on Election Day. They are built here in strategic meetings like this, where planning meets responsibility.” The Chairperson underscored the need for integrity in budgeting and to help the country manage election costs by optimizing scarce resources without compromising quality. “When we work on these numbers, they must not be arbitrary. Every proposal must be realistic, rational and aligned with our institutional goals. The budget we shape here is not just about figures it is the blueprint for building trust, credibility and confidence in our electoral process,” said Ethekon. The Commission’s Vice-Chairperson, Ms. Fahima Araphat Abdallah, OGW, who chairs the Finance & Procurement Committee, emphasized that the workshop marks the foundation of financial planning and electoral readiness for the next three years. She emphasized on the need to create a budget that complies with National Treasury circular, supports IEBC operations, reflects economic realities, and upholds the Commission’s constitutional mandate. The 10th August 2027 General Election falls within the current MTEF and the Commission has begun engaging the National Treasury as well as committees of parliament to ensure timely planning, allocation and disbursement of funds for the preparation and management of elections.",en,"https://www.iebc.or.ke/news/?IEBC_develops_Medium-Term_Expenditure_Framework,_pledges_to_observe_prudent_financial_planning_and_accountability",,low,Independent Electoral and Boundaries Commission,"{""adapter"": ""generic_html""}"
psa_2026_000170,governance,"IEBC meets Political Parties Liaison Committee to enhance collaboration, provides update on conduct of by-elections19th Oct 2025","The Commission led by Chairman Erastus Ethekon and supported by Elgia Afric held an introductory meeting with the Political Parties Liaison Committee (PPLC). The PPLC serves as a platform for dialogue and collaboration between the Commission and the Office of the Registrar of Political Parties, in accordance with paragraph 9(2) of the Second Schedule of the IEBC Act, Cap 7C, and section 38 of the Political Parties Act, Cap 7D. The Commission’s engagement with the PPLC aimed to enhance collaboration by introducing the Commission to political parties, providing an update on preparations for the upcoming by-elections, sharing plans and timelines for the commencement of Continuous Voter Registration and discussing structured modalities for future interactions between the Commission and political parties.. “We come together not as separate entities but as partners united by a common responsibility to protect the will of the Kenyan people through credible, peaceful and inclusive elections,” said Ethekon. Ethekon observed that since the Commission came onboard, it had been on a significant learning journey by engaging stakeholders. “We began by meeting the Steering Committee of the PPLC, recognizing that every political party, regardless of size, plays a crucial role in fostering public trust in the electoral process. Hence, today’s plenary meeting is of great importance,” he noted. Commissioner MaryKaren Sorobit, Chairperson of the Legal Compliance and Political Liaison Committee, welcomed representatives from all political parties to the meeting. “Your presence emphasizes the importance of partnership in safeguarding the credibility and integrity of our elections,” she remarked. Commissioner Marykaren emphasized that the meeting aims to establish a framework for a sustained partnership. Evans Misati, the Chairperson of the PPLC, highlighted the invaluable role of the committee in promoting dialogue, building consensus and promoting political tolerance. This is particularly crucial as the country gears up for the upcoming by-elections and the launch of Continuous Voter Registration on Monday, alongside other significant functions of the Commission that will take place in the near future. Ms. Sophia Sitati, Ag. Registrar of Political Parties, called upon the three institutions to collaborate continuously to ensure that democracy is strengthened through coordinated efforts, transparent processes and inclusive participation. “As we look to the future, the voices of political parties are vital in shaping the quality and credibility of our elections. May you act as ambassadors of the Commission, promoting transparency, integrity and peaceful democratic participation within your parties and the broader public,” said Sitati. Marjan underscored that IEBC values the PPLC not merely as a statutory body or a formality but as an essential forum for strengthening Kenya’s democracy and good electoral governance.",en,"https://www.iebc.or.ke/news/?IEBC_meets_Political_Parties_Liaison_Committee_to_enhance_collaboration,_provides_update_on_conduct_of_by-elections",,medium,Independent Electoral and Boundaries Commission,"{""adapter"": ""generic_html""}"
psa_2026_000173,governance,Commission targets 6.3 million new voters on resumption of Continuous Voter Registration exercise29th Sep 2025,"The Commission Chairperson, Erastus Edung Ethekon, has assured the public that IEBC is fully prepared and working diligently for the forthcoming by-elections as a precursor to the 2027 General Election. He emphasized that preparations for the by-elections are on course. On resumption of Continuous Voter Registration, the Chairperson stated that the Commission aims to enlist 6.3 million new eligible voters, 70 percent of whom are youth. This assurance came during his appearance before the Parliamentary Accounts Committee, led by Butere Member of the National Assembly Hon. Tindi Mwale, where the Commission had been invited to respond to the Auditor General’s report on Account of the National Government for the Financial year ended 30th June 2023. The Chairperson also pledged to maintain close collaboration with the leadership of both houses of Parliament and the various committees, as well as other stakeholders. “We have an open-door policy and remain committed to working closely with the leadership of both houses of Parliament and all progressive Kenyans to enhance our electoral processes and voter experience,” said Ethekon.",en,https://www.iebc.or.ke/news/?Commission_targets_6.3_million_new_voters_on_resumption_of_Continuous_Voter_Registration_exercise,,low,Independent Electoral and Boundaries Commission,"{""adapter"": ""generic_html""}"
psa_2026_000177,governance,"IEBC identifies, tutors Training of Trainers ahead of national launch of Continuous Voter Registration exercise19th Sep 2025","The Commission Secretary/CEO Hussein Marjan Hussein, MBS, on 9th September, 2025 opened the National Training of Trainers (ToTs) workshop for the Continuous Voter Registration (CVR). Training program, was tailor made in preparation for the resumption of the CVR exercise, which will launched in Kajiado County on 29th September, 2025. “As we formally begin the Training of Trainers for the upcoming Continuous Voter Registration exercise, this workshop marks a pivotal step in the Commission’s journey toward delivering a credible and inclusive 2027 General Election,” he said. According to Article 88(4)(b) of the Constitution of Kenya, the Independent Electoral and Boundaries Commission is mandated to conduct continuous voter registration and regularly revise the voter register. This is not a discretionary task; it is a constitutional and legal duty that we must execute with both urgency and excellence. This training was not merely a scheduled event but it represented a strategic investment in the credibility of Kenya’s democracy. He urged participants to uphold integrity. “Integrity is not a suggestion, it is a condition of service,” said Marjan. The CEO emphasized that every decision and action must reflect the highest standards of honesty, impartiality and professionalism, as public trust in this institution is earned and is a collective responsibility. The training workshop addressed all aspects of the CVR process, from operational procedures to the technical details of the new Kenya Integrated Election Management System’s (KIEMS) voter registration module. The approach targeted to ensure consistency and standardization of electoral operations across all levels and offices of the Commission. Additionally, it will facilitate a uniform application of electoral laws, procedures, and technologies while enhancing preparedness and risk management for the CVR exercise. This training program is designed for both field Registration Officers and headquarters staff. The Master Trainers, responsible for developing the training content, will act as the lead trainers for the (ToTs) program. Afterwards, the ToTs will train registration officers in the to prepare for the resumption of the CVR exercise. The objective is to ensure that all levels of the Commission are fully equipped and ready for the start of the Continuous Voter Registration (CVR) process.",en,"https://www.iebc.or.ke/news/?IEBC_identifies,_tutors_Training_of_Trainers_ahead_of_national_launch_of_Continuous_Voter_Registration_exercise",,medium,Independent Electoral and Boundaries Commission,"{""adapter"": ""generic_html""}"
psa_2026_000180,governance,"IEBC pays courtesy call on Prime Cabinet Secretary, discusses progress and priorities in preparation for 2027 GE19th Sep 2025","IEBC, led by Chairperson Erastus Ethekon, HSC, paid a courtesy call on the Prime Cabinet Secretary and Cabinet Secretary for Foreign and Diaspora Affairs, H.E. Dr. Hon Musalia W Mudavadi, EGH, at his office. IEBC Chairperson Erastus Ethekon, HSC conveyed warm regards to the Office of the Prime Cabinet Secretary and Cabinet Secretary for Foreign and Diaspora Affairs, while highlighting the Commission’s progress and priorities as it prepares for the 2027 General Election. He noted that since assuming office, the Commission has undergone a comprehensive induction process that equipped its members with the skills required to deliver credible elections. To enhance efficiency, roles have been distributed among commissioners, each heading a committee aligned to the institution’s mandate. The Chairperson further underscored the Commission’s commitment to stakeholder engagement, citing recent consultations with the heads of missions at the British High Commission, the Media Council of Kenya, civil society organizations, security stakeholders in Mombasa, the Judicial Service Commission and the Head of Public Service. Others were the Cabinet Secretary to the Treasury, the Political Parties Liaison Committee, the National Cohesion and Integration Commission, the British High Commissioner, the UNDP Resident Representative, and other governance partners. These engagements, he explained, have been critical in fostering inclusivity and building synergies for free, fair, credible, and peaceful elections. He also emphasized the importance of collaboration with the Ministry of Foreign and Diaspora Affairs in engaging diaspora voters through voter registration and civic education. Additionally, he appealed for whole-ofgovernment support, particularly in the timely and adequate resourcing of the Commission. This, he noted, would ensure smooth operations, robust civic education, enhanced security measures, and strengthened inter-agency coordination. The Chairperson disclosed that the Commission has sought concurrence from the Prime Cabinet Secretary and the Cabinet Secretary for Foreign and Diaspora Affairs to allow the United Nations Development Programme (UNDP) to extend support to the Commission. This will be preceded by a Needs Assessment Mission aimed at identifying priority areas where the UN and development partners can provide coordinated and timely electoral assistance, in line with the electoral cycle approach. “As a Commission, we are determined to deliver credible elections, but this requires adequate resourcing, strong partnerships, and timely support across government and with our development partners,” said Chairperson. Mudavadi congratulated the commissioners for their appointment and told them that serving Independent Electoral and Boundaries Commission(IEBC) was a privilege. He asked the commissioners to serve with humility, resilience and forthrightness. “Do not compromise on your independence as an EMB. Ensure you live up to the expectations of the Kenyan people by conducting free, fair, and credible elections,” said Mudavadi. He assured the Commission of his office’s support and facilitation in meeting its requirements, particularly in matters relating to engagement with the diaspora community. In particular, the PCS assured IEBC of his support in accessing, enhancing and optimizing diaspora participation in electoral process; and in liasing with the relevant state and non state actors, including international community, in raising requisite resource support.",en,"https://www.iebc.or.ke/news/?IEBC_pays_courtesy_call_on_Prime_Cabinet_Secretary,_discusses_progress_and_priorities_in_preparation_for_2027_GE",,low,Independent Electoral and Boundaries Commission,"{""adapter"": ""generic_html""}"
psa_2026_000182,governance,"IEBC engages security agents, targets peaceful, credible and secure elections14th Sep 2025","The Independent Electoral and Boundaries Commission (IEBC), led by its Chairperson, Erastus Edung Ethekon, 5th September, 2025 held a strategic engagement with security agencies from Mombasa, Kilifi, and Kwale Counties. The meeting sought to strengthen collaboration as the Commission embarks on key electoral activities, including the resumption of Continuous Voter Registration (CVR), the conduct of by-elections, and other planned operations within the electoral calendar. In his opening remarks, the Chairperson emphasized that the Commission’s responsibility goes beyond the administration of elections. “As a Commission, our duty goes beyond administering elections; it extends to safeguarding fairness, credibility, and peace in the electoral process,” he stated. He further noted that since 2013, IEBC has worked closely with national security agencies and other stakeholders under the Election Security Arrangement Programme (ESAP) a strategic coordination framework that has proven vital in maintaining electoral integrity and building public confidence. He lauded these partnerships, describing them as instrumental in delivering peaceful and credible elections. The Chairperson cited the 2022 Post-Election Evaluation Report, which reaffirmed the effectiveness of this collaboration, highlighting that ESAP significantly enhanced coordination between the Commission, the National Police Service, and other stakeholders. This, he noted, played a critical role in ensuring safe and peaceful elections across the country. Underscoring that election security is a continuous process, the Chairperson stressed that it spans the entire electoral cycle from voter registration, voter education, and campaigns to nominations, polling, tallying, results declaration, and even post-election activities.",en,"https://www.iebc.or.ke/news/?IEBC_engages_security_agents,_targets_peaceful,_credible_and_secure_elections",,medium,Independent Electoral and Boundaries Commission,"{""adapter"": ""generic_html""}"
psa_2026_000188,governance,Continuous voter registration to resume in September in preparation for 2027 GE9th Sep 2025,"The Commission hereby announces that Continuous Voter Registration (CVR) will resume on Monday, 29th September 2025. This is in line with its constitutional mandate under Article 88(4) of the Constitution of Kenya, 2010. This exercise is a vital step in ensuring that every eligible Kenyan has the opportunity to participate in shaping the country’s future through democratic elections. It is particularly directed towards young people who have recently attained 18 years, and all citizens who have not yet registered or need to update their voter information. Chairperson Erastus Edung Ethekon, HSC noted that in readiness for the upcoming CVR exercise, the Commission has initiated a series of preparatory activities to ensure the process is efficient, inclusive, and transparent. These activities are critical for laying a strong foundation for a successful nationwide rollout. They include: Mapping of Registration Centres: Verifying both existing and proposed centres to ensure accessibility across the country. Stakeholder Engagements: Holding consultative forums at the constituency level to build awareness and promote participation. Geospatial Data Consolidation: Collecting constituency, county, and national-level data to guide resource planning. Preparation of Kenya Integrated Election Management System (KIEMS) Kits: Configuring and testing KIEMS kits. Gazettement of Officers: Official appointment of registration officers as required by law. Training of Registration Personnel: Equipping field officers with necessary skills for effective service delivery. Packaging and Distribution of Materials: Timely dispatch of registration materials to all operational areas. Data Protection Compliance: Conducting a Data Protection Impact Assessment (DPIA) to ensure full copliance with data protection laws. Voter Education Activities: Rolling out voter education programs to inform and engage the public. “Eligible Kenyans may register at any IEBC Constituency Office, except in areas currently with by-elections. Services available include new voter registration, transfer of voter registration to a new location, correction or update of voter details, and inspection of voter registration status,” said Ethekon.",en,https://www.iebc.or.ke/news/?Continuous_voter_registration_to_resume_in_September_in_preparation_for_2027_GE,,medium,Independent Electoral and Boundaries Commission,"{""adapter"": ""generic_html""}"
