PSA_ID,Domain,Sub_Category,English,Kiswahili,Kikuyu,Source,Date,Urgency,Audience,psa_score,lang_detected
GOV_KENYA_NEWS_AGENCY_0001,Health,Healthcare Access,"New epilepsy clinic opened in Kajiado. A new specialized epilepsy clinic has been opened at the AIC Child Care Centre in Kajiado County, offering renewed hope to people living with the condition through improved access to treatment, medical support and awareness services. The facility, established through a partnership between the Kenya Association for the Welfare of People with Epilepsy (KAWE), the County Government of Kajiado and the United States-based BAND Foundation, aims to bridge the treatment gap and address stigma associated with the neurological disorder. Speaking during the launch, BAND Foundation Trustee Ms Gardner Lapham said increased public awareness would encourage more people living with epilepsy to seek medical attention. Ms. Lapham said many people continue to suffer due to misconceptions surrounding the condition, which has prevented them from seeking proper medical care. “Once people understand that epilepsy is a treatable medical condition, they will actively seek care. Simple medicine can truly transform and save lives in a very affordable way,” said Ms. Lapham. During the launch, community members participated in a “Stigma Bench” session, which provided an opportunity to challenge cultural beliefs associated with epilepsy and promote understanding that the condition is a brain disorder requiring medical care rather than a curse or contagious illness. KAWE Chief Executive Officer (CEO) Patrick Ng’echu said the opening of the clinic was a major milestone in the organization’s 40-year history of creating awareness and providing care for people living with epilepsy. “This clinic opening marks a major milestone in KAWE’s 40-year history of offering public education and managing epilepsy clinics across the country,” said Mr. Ng’echu. He said the location of the facility at the AIC Child Care Centre would enable patients to receive holistic care, as the centre already supports children with neurological conditions, including cerebral palsy and autism. He said KAWE currently supports 25,000 active patients in Nairobi through its primary care model, adding that Kajiado had become the 24th region to benefit from its decentralized outreach programme. Mr. Ng’echu said investment in epilepsy management has economic benefits since patients who receive proper care are able to return to school, work and engage in other productive activities. “For every single shilling invested in managing epilepsy, there is an estimated five and a half shilling return on investment to the economy as patients regain control of their lives and productivity,” said Mr. Ng’echu. He urged county governments to allocate resources towards neurological disorders, noting that epilepsy remains among the conditions that receive limited attention despite affecting many people. KAWE Clinical Officer Nicholas Otieno said the new facility would provide a permanent referral point for patients who have struggled to access specialized services. “About one in every 18 Kenyans is estimated to suffer from epilepsy. Despite this high prevalence, the national treatment gap stands at 80 percent, meaning only 20 percent of patients receive proper medical management,” said Mr. Otieno. He said many patients who do not receive medical care often turn to traditional healers and spiritual practitioners due to myths and lack of awareness, leaving them vulnerable to exploitation. Mr. Otieno said stigma continues to affect people living with epilepsy, particularly women, who often face discrimination and isolation due to misconceptions about the condition. He said affected women often face isolation and discrimination due to misconceptions that epilepsy can be passed to their children. “Epilepsy is not strictly hereditary, and the belief that women living with the condition cannot have healthy children is medically unfounded,” he said. Mr. Otieno added that stigma had contributed to some children being hidden from school and adults being denied employment opportunities. To ensure sustainability of the clinic, KAWE has trained local healthcare workers and community health promoters to identify cases at the community level and support patients through primary healthcare services. He called on health stakeholders and community leaders to support the programme by ensuring availability of epilepsy medication. He further urged families to bring people living with epilepsy out of isolation and take advantage of available medical services at the facility. “Families should bring people living with epilepsy out of isolation and take advantage of available medical services at the clinic. Epilepsy is a treatable condition and those affected should not continue to suffer in silence,” he said. Geoffrey Hinga, a person living with epilepsy, shared his personal experience, highlighting the challenges he has faced since developing the condition at the age of 12. Mr. Hinga, a trained beautician, said stigma remains a major challenge, particularly when people living with epilepsy seek employment opportunities. “Many employers think that a person with epilepsy cannot perform duties safely because they fear a seizure might occur at the workplace. As a result, some of us lose opportunities despite being qualified,” said Mr Hinga. He said there are still very few clinics in Kenya that cater specifically for people living with epilepsy, making it difficult for many patients to access specialized care. Hinga welcomed the opening of the Kajiado clinic, saying it would provide much-needed support to people living with epilepsy and encourage more patients to seek medical attention. By Rop Janet",,,https://www.kenyanews.go.ke/new-epilepsy-clinic-opened-in-kajiado/#respond,2026-07-18T15:09:50+00:00,Normal,General public / patients,5,en
GOV_KENYA_NEWS_AGENCY_0002,General,Uncategorized,"Politics. Nakuru Senator and Deputy Majority Leader Tabitha Karanja has called on security agencies to dismantle organised political goonism, warning that rising cases of violence and intimidation could undermine Kenya’s democracy",,,https://www.kenyanews.go.ke/category/politics/,2026-07-21T17:55:11+00:00,High,General public,1,en
GOV_KENYA_NEWS_AGENCY_0003,Agriculture,Crop Production,"AIC Bishop warns against goon culture, tribal politics before elections. The Africa Inland Church (AIC) Deputy Presiding Bishop Paul Kirui has warned against the growing culture of political violence and ethnic politics, saying failure to hold leaders accountable for sponsoring violence could undermine Kenya’s peace and stability ahead of next year’s General Election. Speaking to the Kenya News Agency (KNA) after commissioning AIC Kenegut Church in Kapsoit Ward, Kericho County, Bishop Kirui urged political leaders to embrace responsible leadership, reject divisive rhetoric and place the interests of Kenyans above political competition. He cautioned that the emergence of organised groups used to perpetrate violence during political activities poses a serious threat to national cohesion and should not be tolerated. “All leaders must be held accountable for their actions. We must not allow the culture of goons to take root in our country because it will only lead to chaos,” said Kirui. The bishop also condemned tribal politics, saying leaders who exploit ethnic differences for political gain risk reversing the country’s gains in peace and national unity. “All leaders must rise above tribal politics because we have one country called Kenya. We must not allow our differences to create anxiety that will jeopardise the peace we enjoy. I might be wrong and you may be right, but that should not divide us. Let us put the lives and well-being of our people first. Let us value our children and move forward together by upholding peace, love and unity. We must not allow anything to divide or break us as a nation,” he said. Kirui said leadership is a sacred responsibility entrusted by God and should be exercised with humility, integrity and a commitment to serving the public rather than advancing personal or political interests. He urged elected leaders to use their influence to unite Kenyans and inspire hope instead of promoting hostility and division. Present during the interview was Kapsoit Member of County Assembly (MCA) Paul Chirchir, popularly known as Tarimbo, who echoed the bishop’s sentiments and called on politicians to stop exploiting unemployed youth to fuel violence during political campaigns. Chirchir said many young people are manipulated into participating in criminal activities because of unemployment and poverty, urging leaders to invest in programmes that empower youth economically instead of using them as political tools. He challenged leaders to provide seed capital for youth enterprises, create employment opportunities and support skills development initiatives that would enable young people to earn sustainable livelihoods. The MCA also urged the government to take firm legal action against politicians who finance or organise violent groups, saying such actions undermine democracy, peaceful elections and national cohesion. “As leaders we must commit to be peaceful and act as agents of peace. Peace begins with leaders and ends with leaders. Our people behave the way we lead them to behave,” said Chirchir. He appealed to religious leaders to continue playing their role in promoting peaceful coexistence by challenging politicians to uphold responsible leadership and refrain from inflammatory politics as campaigns gather momentum. According to Chirchir, the Church remains one of the country’s most trusted institutions and is well placed to foster dialogue, reconciliation and peaceful elections. He further called on the National Cohesion and Integration Commission (NCIC) to fully enforce laws against hate speech, incitement and ethnic discrimination as the country prepares for the General Election. “The National Cohesion and Integration Commission must wake up to its responsibilities as we head to the General Elections. It should come out strongly and execute its mandate. There is an Act of Parliament that gives the Commission the powers to take action against those who incite the public, promote tribal politics and issue inflammatory statements. Those who break the law must be held accountable,” he said. Kirui had earlier commissioned the AIC Koisagat Church in Ainamoi Sub-county before presiding over the commissioning of AIC Kenegut Church in Kapsoit Ward. By Sarah Njagi",,,https://www.kenyanews.go.ke/aic-bishop-warns-against-goon-culture-tribal-politics-before-elections/,2026-07-21T10:21:12+00:00,Normal,Farmers,8,en
GOV_KENYA_NEWS_AGENCY_0004,Health,Mental Health Awareness,"Governor Godhana vows to improve service delivery, enhance productivity. By H, KNA Tana River governor Major (Rtd.) Dhadho Godhana, has issued a firm warning to county staff that the era of “business as usual” is over, calling for a renewed culture of efficiency, accountability and people-centred service delivery across all the departments. Speaking after chairing the first County Executive Committee (CEC) members meeting of 2026, Godhana said laxity and slow service delivery in the past, had negatively affected projects implementation, stalled development and denied wananchi the services they deserve. The governor emphasized that his administration was determined to fundamentally change the trajectory of Tana River County, and align it with national development standards. “My resolve is clear and it’s to take Tana River from where it is today and position it at par with the rest of the country. We must transform this county into an attractive destination for investors and tourists and create jobs for our people, reduce poverty and ultimately end the cycle of dependency,” he said. He noted that his administration’s vision is to transition Tana River from a largely rural set up, into a modern competitive county, supported by new ways of doing things and faster decision-making. Godhana called on county staff to always exhibit the highest standards of accountability, transparency, loyalty, and discipline in the conduct of government businesses. He also emphasized that the county will continue to provide training and development opportunities to enhance staff capacity and promote a culture of discipline and accountability The governor signaled a shift towards improved governance, demanding greater transparency, accountability and efficiency in public service delivery, with threats of disciplinary action for underperformance, corruption, or slow progress, aiming to end complacency and deliver on promises for better services in healthcare, agriculture, education and infrastructure. “This is a transformation agenda. It cannot be achieved if we continue doing things the same way and as a devolved unit we must change how we conduct our business,” he said. The governor stressed that wananchi remain the central pillar of this transformation, noting that meaningful and sustainable change must be driven from the grassroots level. “Devolved governments are ideally supposed to be citizen-centred units. Any meaningful change must be built from the bottom up, with wananchi as active partners in development,” he said. The governor called on county staff to double their efforts, noting that improved service delivery is critical to transforming the county’s socio-economic and political landscape. Godhana restated his administration’s commitment to delivering critical infrastructure that will drive economic growth and lift residents from abject poverty to prosperity. He further revealed that his administration has held numerous consultative forums with community elders, the clergy, youth, women and grassroots leaders to discuss and shape the envisioned transformation. “The speed of service delivery must increase twofold. We must act faster and work more efficiently. All departments must move with urgency to implement our socioeconomic priorities,” he stated. Godhana also appealed for unity and cooperation among all arms of government, urging the county assembly and national government officials to work closely with the county administration. “This transformation agenda requires collective effort. I call upon the county assembly and our national government counterparts in the county to unite and work with us, so that residents can quickly enjoy the benefits of an efficient, responsive and accountable system,” he said. The two-term governor noted that the two levels of government should consult, collaborate and cooperate to mitigate the challenges they face in service delivery. He stated that his administration has been guided by the constitution and stressed that it will continue to serve the people with diligence and integrity, until the end of his second and final tenure in office in August 2027. “We will work closely with the national government and to continue to prioritise the well-being of our people,” he said, adding that he will continue to consolidate on the gains of his administration.",,,https://www.kenyanews.go.ke/governor-godhana-vows-to-improve-service-delivery-enhance-productivity/,2026-07-17T18:22:49+00:00,High,General public / patients,3,en
GOV_KENYA_NEWS_AGENCY_0006,Agriculture,Agricultural Training,"State Scales up distribution of smart boards. The government has intensified efforts to digitize learning in public schools with the rollout of smart boards and laptops under the Kenya Digital Economy Acceleration Project (KDEAP), a programme expected to transform the delivery of Competency-Based Education (CBE) across the country. ICT Authority Chief Executive Officer Jessy Maruti said the World Bank-funded initiative seeks to improve the quality of education and equip learners with digital skills required to compete globally. Speaking during the launch of the distribution exercise at Webuye ACK Junior School in Webuye East Sub-County, Bungoma County, Maruti said the government plans to distribute10,332 smart boards and laptops to junior secondary schools across the country in the first phase of the programme, with an additional devices earmarked for the second phase. He said the launch follows the national rollout that was flagged off by Deputy President Kithure Kindiki in Elgeyo Marakwet County last week. “The objective is to strengthen education and improve the quality of learning by creating inclusive and digitally enabled classrooms,” said Maruti. He noted that the initiative forms part of the government’s broader Digital Superhighway Programme aimed at building a digitally connected economy through expansion of broadband infrastructure and digital public services. Under the programme, the government is rolling out 100,000 kilometers of fibre optic cable across the country in partnership with Kenya Power to ensure schools gain access to reliable internet connectivity. Maruti said schools located in remote areas where fibre connectivity is not available will be connected through satellite technology to ensure no learner is left behind. “We want our students to compete globally by integrating ICT into education and facilitating collaboration among schools and teachers across the country,” he said. According to the ICTA boss, Western Kenya will receive about 1,300 smart boards and laptops, while 393 devices have been earmarked for schools in Bungoma County. He added that more than 62,000 teachers have already been trained countrywide to support implementation of digital learning and ensure the devices deliver the intended impact in classrooms. The smart boards, which operate like computers, will enable learners to access digital content, interact with peers in other schools and participate in virtual learning sessions. The government, he said, also plans to establish four digital hubs in every constituency and equip modern markets with digital centres containing at least 50 computers each as part of efforts to expand digital inclusion. Additionally, 25,000 public Wi-Fi hotspots will be installed across the country. Maruti said all the devices will be monitored centrally to enhance security and ensure proper utilisation. “These devices have been mapped and we can monitor them online, know where they are and how they are being used,” he said. Webuye ACK Junior School principal Wycliffe Oduori welcomed the initiative, saying it would revolutionize research and learning among students by exposing them to global knowledge resources. He said the institution had previously struggled with internet connectivity and unreliable power supply, challenges that had hindered effective integration of ICT in learning. However, he said the internet challenge had been addressed through government support while a partnership involving the Ministry of Education and KCB Bank had enabled the school to install solar power. “The introduction of smart boards is going to enhance interaction with other institutions and improve research among learners, enabling them to become more hands-on in their studies,” he said. He added that the digital infrastructure would also help address teacher shortages by enabling virtual lessons and resource sharing among schools. “Even in the absence of a teacher physically present in class, learners can still be taught remotely through connections with teachers from other schools,” he added. The principal said the programme will directly benefit the school’s 1,575 learners. Webuye East Teachers Service Commission Sub-County Director Kennedy Mekenye said the commission had fully embraced the programme and would continue training teachers to support implementation of CBE. He revealed that 174 teachers in the sub-county had already undergone training on the use of the digital devices, with more expected to be trained in the coming months. Mekenye urged teachers to safeguard the equipment and ensure it is used to improve learning outcomes. Webuye East Sub-County Director of Education Linda Serete described the initiative as the beginning of a new era in teaching and learning. She said digital literacy had become a critical foundation for education and future employment opportunities. “Even a child in a rural setting will now be exposed to simulations, demonstrations and other digital learning experiences that were previously inaccessible,” she said. Serete challenged teachers to utilize the equipment fully instead of locking it away in offices and stores for fear of theft. At the same time, she raised concern over rising cases of theft of digital devices in schools and appealed to the Ministry of Interior and security agencies to help recover stolen equipment and protect government investments. She also called for increased funding to schools to facilitate safe custody and maintenance of the devices. Kenya Primary School Heads Association (KEPSHA) Webuye East chairman Patrick Musinai lauded the initiative, saying it would significantly strengthen implementation of CBE and improve learning outcomes. Musiani expressed optimism that all the 61 schools in the sub-county would eventually benefit from the programme. By Chris Mahandara",,,https://www.kenyanews.go.ke/state-scales-up-distribution-of-smart-boards/#respond,2026-07-17T18:18:02+00:00,Normal,Farmers,2,en
GOV_KENYA_NEWS_AGENCY_0009,Governance,Devolution and Local Governance,"Kiambu launches second phase of Maji Nyumbani Program. Kiambu County has launched the second phase of theMaji Nyumbani Program,a major water connectivity initiative that will see more than 120 kilometers of water supply pipelines laid across the county to improve access to clean and reliable water. On Thursday, July 16, Governor Kimani Wamatangi, flagged off trucks transporting water pipes to various project sites, marking the commencement of the countywide infrastructure program. The function was held at the county headquarters. The Governor said the second phase will be implemented through the county’s water service companies, with projects distributed equitably across all sub-counties to ensure every region benefits from the initiative. “The program targets the connection of 100,000 new households to the water supply network, significantly expanding access to safe and affordable water for residents,” Wamatangi noted. TheMaji Nyumbani Programwas launched as part of the county government’s plan to address water scarcity by expanding water infrastructure and extending piped water to households. Since its inception, the program has seen the installation of more than 150 kilometers of water distribution pipelines, procurement of over 60 water tanks and thousands of new household water connections across the county. The initiative has also included the drilling of boreholes and construction of water storage facilities to improve the reliability of supply in underserved areas. The county government has secured funding to expand the Karemenu Dam, a Sh5.7 billion project expected to increase water availability for Kiambu as well as neighboring towns including Ruiru, Juja and Thika. Kiambu County Executive Committee Member for Water, Environment and Natural Resources, David Kuria, lauded the commitment of the Governor for ensuring that the eight water companies in Kiambu county have an active board of directors, who are upholding quality work standards. By Collins Esike and Grace Naishoo",,,https://www.kenyanews.go.ke/kiambu-launches-second-phase-of-maji-nyumbani-program/#respond,2026-07-17T18:21:33+00:00,Normal,Citizens / voters,1,en
GOV_KENYA_NEWS_AGENCY_0010,Health,Mental Health Awareness,"Mudavadi urges greater preparedness ahead of looming El Niño rains. The government has intensified preparedness for possible El Niño rains through strengthened early warning systems and coordinated disaster response mechanisms to minimise the impact of extreme weather events across the country. Prime Cabinet Secretary and Cabinet Secretary for Foreign and Diaspora Affairs, Musalia Mudavadi, said the government was working closely with the Ministries of Agriculture, Environment and agencies responsible for disaster management, to prepare for climate-related emergencies following prolonged dry spells that have affected crop production in several parts of the country. Speaking during the launch of the Integrated Natural Resources Management Programme (INReMP) at the University of Eldoret, Uasin Gishu County, on Friday, Mudavadi said although farmers were currently grappling with drought and frost, the country must also prepare for possible flash floods associated with El Niño. “Through our early warning systems, the Ministry of Agriculture, the Ministry of Environment and the department responsible for disaster management are collaborating closely so that when the time comes, we can minimise the impact of any emergency. We are also working to desilt dams so that they can hold more water during periods of heavy rainfall,” he said. Mudavadi appealed to development partners, including the International Fund for Agricultural Development (IFAD), to continue supporting the government in implementing emergency interventions and climate resilience programmes to cushion vulnerable communities from the effects of climate change. He stressed that climate change had become a global challenge that required collective action because its effects cut across national boundaries and communities. “Climate change does not recognise sovereignty, tribes or regions. It affects all of us, and we must therefore work together to protect our environment and safeguard the lives and livelihoods of future generations,” he said. The Prime Cabinet Secretary urged officers implementing the Integrated Natural Resources Management Programme across the ten participating counties to ensure it delivers tangible benefits to farmers by restoring degraded landscapes, promoting climate-smart agriculture, improving water resource management and strengthening food security. He said the government’s development agenda remained focused on improving livelihoods by expanding economic opportunities, increasing household incomes and empowering Kenyans through investments in agriculture, infrastructure, education, healthcare and affordable housing. “Our objective is to put more money into the pockets of Kenyans. Every programme we are implementing is intended to create opportunities, improve livelihoods and increase the purchasing power of our people,” Mudavadi said. Mudavadi at the same time called on Kenyans to uphold peace, national unity and democratic values by registering as voters ahead of the 2027 General Election. He reaffirmed the government’s commitment to conducting free, fair and credible elections within the constitutional timelines and expressed confidence that President William Ruto would secure a second term through the ballot. “We have always held elections on schedule, and the 2027 General Election will also be held on schedule. I encourage every eligible Kenyan to register as a voter and participate peacefully. We are confident President William Ruto will prevail democratically,” he said. He described Thursday’s Ol Kalou parliamentary by-election as part of Kenya’s democratic process, saying by-elections were normal and should not distract the government from delivering its development agenda. The Prime Cabinet Secretary also defended key government programmes, including the recruitment of teachers and community health promoters, affordable housing, road infrastructure and the expansion of the Standard Gauge Railway, saying they had begun transforming lives and should be sustained. Mudavadi said continuity in implementing ongoing programmes would help consolidate development gains and accelerate economic transformation. Mudavadi’s remarks come against the backdrop of an earlier advisory by the Kenya Meteorological Department warning that enhanced El Niño rainfall with 80 per cent probability of experiencing an El Niño events expected during the October-November-December (OND) 2026 short-rains season, with several parts of the country likely to experience above-average rainfall, prompting government agencies to step up preparedness and disaster risk reduction measures. By Fredrick Maritim",,,https://www.kenyanews.go.ke/mudavadi-urges-greater-preparedness-ahead-of-looming-el-nino-rains/#respond,2026-07-18T16:00:47+00:00,High,General public / patients,9,en
GOV_KENYA_NEWS_AGENCY_0011,Agriculture,Agricultural Training,"Ndumberi ICT Hub hosts inaugural indoor games championship. Kiambu Town Member of Parliament Machua Waithaka has launched the inaugural Machua Waithaka Annual Indoor Games Championship at the Ndumberi Jitume ICT Hub, an initiative aimed at identifying and nurturing sporting talent among young people in the constituency. The championship brought together participants competing in chess, scrabble, table tennis, darts, draughts and dance, attracting youth, sports officials and local leaders who underscored the importance of promoting indoor sports as a pathway for talent development. Speaking during the event, Waithaka said the competition seeks to provide young people with opportunities to develop their skills and compete at higher levels. “We want to identify talent early and create pathways for our youth to grow into national, African and world champions,” he said. The MP noted that while Kenya has earned global recognition in athletics, the country also has immense potential to excel in other sporting disciplines if young talent is identified and nurtured from an early age. He encouraged youth to actively participate in indoor games, saying the activities promote discipline, teamwork, critical thinking and self-confidence while opening opportunities for professional careers in sports. Waithaka also thanked the Ministry of Sports and various sports federations for supporting the initiative by providing technical officials and guidance during the championship. The participating federations included Chess Kenya Federation, Kenya Scrabble Association, Kenya Darts Association, Kenya Table Tennis Association and Kenya Draughts Association. Winners in the different categories received awards in recognition of their outstanding performances, while all participants were encouraged to continue refining their skills through regular training and competitions. Waithaka expressed confidence that the annual championship would grow into an important platform for discovering and nurturing emerging talent while popularising indoor sports across Kiambu Town Constituency. By Polyne Wakiyu and Grace Naishoo",,,https://www.kenyanews.go.ke/ndumberi-ict-hub-hosts-inaugural-indoor-games-championship/#respond,2026-07-20T15:58:19+00:00,Normal,Farmers,2,en
GOV_KENYA_NEWS_AGENCY_0012,Agriculture,Crop Production,"Murkomen says public participation key to security reforms. Interior and National Administration Cabinet Secretary Kipchumba Murkomen has reaffirmed the importance of public participation in strengthening governance, saying meaningful citizen engagement is essential in shaping reforms and safeguarding constitutional democracy. Speaking at the Trans Nzoia County Assembly in Kitale during the opening of the County Assembly Wellness and Committee Services Centre, Murkomen said public participation must be authentic, timely and well-informed to enable citizens to contribute effectively to decision-making. “We must simplify the Constitution to enable everyone to participate and bring about changes that will inform our decision-making and maintain standards for public participation,” he said. The CS revealed that valuable concerns raised by the public during Jukwaa La Usalama Security Engagement Fora across the country are key in the ongoing security reforms and policy implementation. He emphasized that security is a shared responsibility between government and citizens and urged communities to work closely with security agencies while observing the rule of law. “Security begins at the household level, and we must all work together to keep our country safe. Our security operations must always be conducted in an orderly manner and in accordance with the Constitution,” he said. The CS said issues raised during the fora included the resurgence of criminal gangs, drug and substance abuse among youth, and weakening community security structures. Murkomen revealed that the government had provided financial and administrative support to operationalize community peace-building committees across the country. Meanwhile, he noted that the government was addressing the shortage of security personnel through increased police recruitments and deployment. “The presence of goons invading public spaces will disappear with the upcoming deployment of graduating officers from our training colleges,” he said. On gender-based violence, the CS said the National Police Service had embarked on its largest recruitment and training programme for women officers to strengthen gender-responsive policing and improve services at police stations. He warned criminal gangs and their financiers, saying the government had intensified multi-agency operations to dismantle organized criminal networks. “I am pleased to report that our security operations have yielded significant results, particularly in areas such as Matisi. We are now targeting the financiers and organizers of these criminal groups and will not relent until the country is secure,” he stated. The CS expressed concern over cases where suspects are released soon after arrest, saying such actions undermine efforts by security agencies to combat crime. He announced that reforms targeting more than 5,000 chiefs and assistant chiefs are underway to strengthen the national government administration and improve service delivery at the grassroots. He urged county assemblies to continue enacting laws that promote accountability and institutionalize public participation in governance. “I encourage this County Assembly to continue making public participation a pillar of governance because the views of citizens shape legislation,” he said. In the 2027 General Election, Murkomen assured Kenyans that the security sector is fully prepared to guarantee peaceful elections. He warned individuals spreading fear about possible election violence, saying the government would not allow criminals or politically sponsored violence to disrupt peace. By Isaiah Nayika and Winnie Jelagat",,,https://www.kenyanews.go.ke/murkomen-says-public-participation-key-to-security-reforms/#respond,2026-07-18T13:03:30+00:00,Normal,Farmers,5,en
GOV_KENYA_NEWS_AGENCY_0013,Agriculture,Sustainable Farming,"Education sector receives record Sh784.5 billion in budget. The Government has reaffirmed its commitment to strengthening Kenya’s education sector through increased funding, research, innovation and digital transformation. But the allocation comes as calls were made to encourage public universities to diversify their income sources to secure long-term financial sustainability. Education Cabinet Secretary Julius Ogamba said the education sector has received a record Sh784.5 billion allocation in the 2026/27 Financial Year, the highest since independence, reflecting the government’s commitment to making education a key pillar of national development. Speaking during the 59thgraduation ceremony of Kenyatta University on Friday, Ogamba said the allocation, representing nearly 30 percent of the national budget, will finance capitation, scholarships, student loans and implementation of collective bargaining agreements to maintain industrial harmony in learning institutions. “The government remains committed to building a competitive, inclusive and financially sustainable tertiary education system where no qualified Kenyan is left behind,” he said. The Cabinet Secretary, however, challenged universities to reduce reliance on the Exchequer by strengthening resource mobilization through research grants, innovation, strategic partnerships and alumni support. “The era when universities depended almost entirely on government funding is behind us. Institutions must diversify their sources of income to protect their independence and secure their future,” he said. Ogamba said the Government was promoting commercialization of university research to ensure innovations contribute to job creation, enterprise development and economic growth. He added that investment in digital learning infrastructure and the responsible use of artificial intelligence will remain central to reforms aimed at preparing graduates for a rapidly evolving global economy. The Cabinet Secretary urged universities to involve students in ongoing reforms affecting higher education, including funding models, curriculum reviews, technical and vocational education and integration of emerging technologies. Referring to the graduation theme, “Youth Engagement for Co-Creation of Inclusive Education,” Ogamba said young people should not be viewed merely as recipients of education but as partners in shaping an inclusive education system. He further called for equal opportunities for learners from marginalized communities, persons with disabilities, refugee populations and disadvantaged households. Addressing the graduates, Ogamba encouraged them to become innovators and entrepreneurs capable of creating employment opportunities instead of waiting for jobs. “The knowledge and skills you have acquired should enable you to solve problems, create opportunities and contribute meaningfully to national development,” he said. Kenyatta University Chancellor Ambassador Francis Muthaura commended the Government for prioritizing education, describing investment in human capital as the foundation of national competitiveness. He said education remains the most important responsibility of any government because it equips citizens with the knowledge and skills required to compete in an increasingly interconnected and competitive global environment. “Without human capital development, a country cannot compete effectively. The world has become increasingly competitive and education is the key to productivity, innovation and quality service delivery,” Muthaura said. He congratulated the graduates for successfully completing their academic programmes, saying the graduation marked both the culmination of years of hard work and the beginning of a new phase of service to society. Muthaura also paid tribute to parents, guardians and lecturers for supporting the graduates throughout their academic journey. Speaking on the graduation theme, the Chancellor said inclusive education can only succeed if young people are actively involved in designing and improving education systems. “Inclusion cannot be designed for young people without involving them. They are not merely beneficiaries of education but partners in shaping its future,” he said. He observed that today’s graduates are entering a world shaped by rapid technological advancement, artificial intelligence, climate change and shifting global realities, requiring universities to produce graduates with not only academic knowledge but also sound judgment, integrity and adaptability. The ceremony brought together education stakeholders, university leaders, parents and graduands to celebrate academic achievement while reaffirming the role of higher education in driving Kenya’s socio-economic transformation. By Aron Kinyamasyo",,,https://www.kenyanews.go.ke/education-sector-receives-record-sh784-5-billion-in-budget/,2026-07-18T15:03:56+00:00,Normal,Farmers,6,en
GOV_KENYA_NEWS_AGENCY_0014,Health,Healthcare Access,"Government announces fiscal measures, health milestones and disaster preparedness plans. The Government has reaffirmed its commitment to economic stability, universal health coverage and disaster preparedness through a series of fiscal interventions, health sector reforms and emergency response measures aimed at strengthening national resilience. Speaking during a press briefing in Nairobi on Monday, Government Spokesperson Dr. Isaac Mwaura outlined progress in the health, financial, agriculture and energy sectors, saying the measures are intended to protect households, sustain economic growth and improve service delivery. Dr. Mwaura dismissed claims that Kenya’s economy was under threat, saying the country remains stable and attractive for investment despite attempts by some political leaders and foreign commentators to portray it negatively. “You cannot claim national leadership while at the same time trying to sabotage the economy on the basis of segregation. Kenya remains stable and secure for business,” he said, noting that international tourist arrivals had increased from 1.48 million to 2.7 million. He also criticised misinformation circulated on social media about Kenya. “Someone came here called Skai Jackson and misrepresented our country. How can you come here and say that Kenyans do not even have mirrors? Kenya is a great country,” he said. Dr. Mwaura said Kenya remains the third-largest economy in Africa and continues to serve as the economic hub of East and Central Africa. On healthcare, the Government announced the signing of a Strategic Objective Agreement (SOAG) between Kenya and the United States to support Universal Health Coverage (UHC). Under the agreement, the United States will provide USD 1.686 billion over the 2026–2032 period, while the Kenyan Government will co-invest USD 850 million to strengthen health systems and improve access to quality healthcare services. Dr. Mwaura said the funding would be channelled through a Government-to-Government mechanism to enhance transparency and accountability by utilising Kenyan public institutions. He further announced that 7,414 Universal Health Coverage workers had been transitioned from contract terms to permanent and pensionable employment, a move expected to strengthen health service delivery across the country. Responding to concerns over the management of the Social Health Authority (SHA) digital claims system valued at Sh1.4 billion, the spokesperson dismissed reports suggesting that private firms controlled the platform. He clarified that SHA alone has the legal authority to approve and disburse health insurance claims, while the two percent deduction from approved claims is a statutory service fee provided for under the Digital Health Act, 2023, to facilitate electronic processing. To cushion consumers from fluctuations in global fuel prices and geopolitical tensions in the Middle East, the Government has extended the reduced eight percent Value Added Tax (VAT) on petroleum products for a further three months until October 14, 2026. In addition, the Government has released Sh945 million from the Petroleum Development Levy to stabilise fuel prices during the July-August 2026 pricing cycle. Dr. Mwaura said the Government-to-Government oil import framework continues to guarantee adequate fuel supplies while easing pressure on the country’s foreign exchange reserves. On tax administration, he announced that the Kenya Revenue Authority (KRA) had launched the third phase of its tax amnesty programme, running from July 1 to December 31, 2026. The programme offers taxpayers a 100 percent waiver on penalties and interest for tax debts accrued up to December 31, 2025, with the Government encouraging eligible taxpayers to regularise their tax records. Dr. Mwaura attributed the Government’s continued fiscal interventions to improved economic performance, noting that Kenya’s economy grew by 5.3 percent in the first quarter of 2026 compared to 4.9 percent during the corresponding period in 2025. On disaster preparedness, he said the Government was implementing coordinated multi-agency interventions in readiness for the anticipated El Niño rains while sustaining drought response programmes in affected parts of the country. He noted that the World Meteorological Organization had projected an intensification of weather patterns, prompting the Government to strengthen preparedness measures to minimise the impact of possible floods. To support vulnerable households affected by drought, the Government has disbursed Sh1.8 billion through the Hunger Safety Net Programme (HSNP) for the February-June 2026 payment cycle, benefiting 133,484 households across eight Arid and Semi-Arid Lands (ASAL) counties. Under the programme, each household receives Sh2,700 every month through Equity Bank and Kenya Commercial Bank, with Turkana County receiving the largest allocation of Sh537.9 million to support nearly 40,000 households. Dr. Mwaura also dismissed misinformation surrounding the Sacco Societies (Amendment) Bill, 2025, saying the proposed law seeks to strengthen the cooperative movement by lowering operational costs for smaller Saccos rather than creating a monopoly. He said management committees of Saccos would continue to be elected by members without Government interference, while secondary Saccos would remain prohibited from lending directly to individual members. “When a Bill is proposed, don’t tell people it has already been passed. Kenya is a democracy and citizens should be allowed to give their views because nobody has a monopoly of knowledge,” he said. By Lilian Gichohi",,,https://www.kenyanews.go.ke/government-announces-fiscal-measures-health-milestones-and-disaster-preparedness-plans/,2026-07-20T16:10:59+00:00,High,General public / patients,1,en
GOV_KENYA_NEWS_AGENCY_0015,Health,Disease Prevention and Control,"Kipchoge Keino Stadium set to transform sports in Nandi. A new era is taking shape in Kapsabet town, Nandi County, where the construction of the Kipchoge Keino Stadium is steadily progressing into a landmark sports facility expected to transform athletics, football and community development in the region. The stadium, once a dream for local athletes who trained on rough murram surfaces, is set to feature a modern tartan track and world-class facilities that will position Nandi as a leading sports destination. The Sh800 million project is a joint initiative between the Kenya Defence Forces (KDF) and the Ministry of Sports, aimed at developing sporting infrastructure, nurturing talent and boosting economic activities in the region. The groundbreaking ceremony held in December 2025 marked a major milestone, with leaders describing the project as an investment in Kenya’s sporting future. Defence Cabinet Secretary Soipan Tuya said the facility would provide young athletes with an opportunity to train and compete in an environment that meets international standards. “This stadium is a symbol of our commitment to sports excellence. It will be a place where our young athletes can train, compete and dream on a world-class platform,” she said. Nandi Governor Stephen Sang said the facility would strengthen the county’s reputation as the cradle of champions by creating a structured pathway for upcoming athletes. “Nandi has always been the cradle of champions. With this facility, we are turning that legacy into a tangible pipeline that will guide our next generation to international acclaim,” Sang said. The stadium design reflects the ambition of hosting major sporting events. It will have a seating capacity of 10,000 people, expandable to 15,000, a World Athletics-certified 400-metre tartan track and a FIFA and CAF-approved football pitch. Additional facilities will include a multi-purpose indoor arena, media centre, athlete lounges and other amenities designed to support both sporting and community activities. More than a year after construction began, the site has become a hive of activity, with ongoing works involving concrete laying, steel installation and preparation of sections of the athletics track. The KDF engineering team, led by Project Manager Daniel Okoth, said major foundation and substructure works have been completed while maintaining required safety and quality standards. “We have maintained a disciplined schedule and rigorous quality controls. Our goal is to deliver a facility that meets international standards without compromising safety or sustainability,” Okoth said. Beyond sports, the project is expected to create economic opportunities. Construction activities have already generated employment opportunities, while local businesses such as hotels, transport operators and food outlets continue to benefit from increased demand for goods and services. Grace Njeri, a café owner near the construction site, said business has improved due to increased activity in the area. “During construction, I have seen more people coming through the town. Once the stadium is finished, I expect even more visitors, which will help my business,” she said. The facility is also expected to encourage youth participation in sports by providing schools and community groups with access to professional training grounds. Moses Rono, a high school athlete, said the stadium represents hope for young sportspeople who have long lacked access to quality facilities. “Seeing the concrete rise here in Kapsabet is like watching our dreams take shape. When the stadium opens, we will compete in a venue that meets international standards right here at home,” he said. The construction team has outlined a phased opening plan, with the inaugural athletics meet expected in June 2027. Football matches are planned to begin later in the year, while full community use, including conferences, concerts and international events, will commence in 2028. Governor Sang said the county is already exploring opportunities to host continental competitions, including the African Athletics Championships. “We are already eyeing the African Athletics Championships in 2029. If we can secure that bid, it will put Nandi on the global map and inspire countless young athletes,” he said. The Kipchoge Keino Stadium represents a broader government strategy to expand Kenya’s sporting infrastructure beyond traditional athletics and create opportunities for multiple sporting disciplines. By Sammy Mwibanda",,,https://www.kenyanews.go.ke/kipchoge-keino-stadium-set-to-transform-sports-in-nandi/,2026-07-19T15:17:21+00:00,Normal,General public / patients,1,en
GOV_KENYA_NEWS_AGENCY_0016,Agriculture,Sustainable Farming,"Run 4 Seniors attracts 1,000 participants supporting Kenya’s older persons. More than 1,000 registered participants converged at Karura Forest for the second edition of the Run 4 Seniors charity event, highlighting growing national commitment to improving the welfare, dignity and wellbeing of older persons across Kenya. The annual event, organised by Mama Ibado Charity, brought together individuals, families, corporate organisations, fitness enthusiasts and community groups to raise funds and awareness for programmes that provide food, healthcare and social support to vulnerable senior citizens, particularly in Isiolo and Kakamega counties. Speaking during the event, Mama Ibado Charity President Ahmed Jibril said the impressive turnout reflected increasing public recognition that caring for older persons is a shared responsibility requiring the support of individuals, businesses, government institutions and development partners. “Today’s turnout is a powerful statement that Kenyans are choosing to stand with our senior citizens. It demonstrates that the conversation around the welfare of older persons is gaining momentum,” said Jibril. He noted that every participant had contributed to restoring hope and dignity to elderly Kenyans who had played a significant role in building the nation and deserved quality care and respect in their later years. Run 4 Seniors Chairman Moses Mwangi commended participants, sponsors and partners for supporting the initiative, saying their commitment had helped transform the event into one of Kenya’s fastest-growing charity sporting activities. Mwangi said the increasing participation demonstrated that more Kenyans appreciated the importance of supporting older members of society through sustainable programmes that address their daily needs. “Our seniors gave their lives building the Kenya and the communities we all enjoy today. The very least we can do is make sure they are fed, cared for and treated with the dignity they deserve,” he said. This year’s edition featured 5-kilometre, 10-kilometre and 15-kilometre race categories, attracting participants of all ages and backgrounds in a collective effort to promote healthy ageing, social inclusion and community solidarity. Corporate sponsors reaffirmed their commitment to supporting programmes that improve the quality of life of older persons. Sidian Bank Chief Executive Officer John Okulo said the institution’s involvement extended beyond fundraising to championing greater awareness of issues affecting senior citizens. “Beyond fundraising, Run 4 Seniors continues to advocate for greater attention to the needs of older persons, including access to healthcare, nutrition, psychosocial support and sustainable livelihoods,” said Okulo. He affirmed that the bank would continue supporting initiatives that create lasting social impact and improve the lives of vulnerable elderly Kenyans. KCB Foundation Director Mendi Njonjo also reiterated the organisation’s commitment to working with Mama Ibado Charity to expand programmes that ensure older persons receive the care, protection and support they deserve. Fly748.com Head of Scheduled Services George Oduor said the airline was proud to support an initiative that recognises and uplifts older members of society. “At Fly748.com, we believe businesses have a responsibility to create meaningful impact beyond their core operations. The growing number of participants demonstrates that more Kenyans are embracing the shared responsibility of caring for older persons, and we are proud to be part of this movement,” he said. Run 4 Seniors is organised annually by Mama Ibado Charity, which implements feeding, healthcare and social welfare programmes targeting vulnerable older persons. The organisation currently supports about 1,000 beneficiaries in Isiolo and Kakamega counties and hopes to expand its reach through continued partnerships with corporate organisations, development partners and well-wishers. ByMichael Omondi",,,https://www.kenyanews.go.ke/run-4-seniors-attracts-1000-participants-supporting-kenyas-older-persons/,2026-07-20T13:00:11+00:00,Normal,Farmers,3,en
GOV_KENYA_NEWS_AGENCY_0017,Governance,Elections and Voter Education,"Over 5,000 Gen Z youth in Eldoret mobilize ‘Kenyans for Kenyans’ initiative. More than 5,000 Gen Z youth in Eldoret took part in the “Kenyans for Kenyans” initiative, a drive aimed at raising financial support and donating wheelchairs to vulnerable groups in Uasin Gishu County. Those present included Uasin Gishu Governor, Jonathan Bii Chelilim, Kapseret Member of Parliament Oscar Sudi, other political leaders and artists. The event, held in Eldoret town and spearheaded by Obidan Dela in support of children living with cerebral palsy, also doubled as a civic engagement forum, with thousands of young people registering as voters with the Independent Electoral and Boundaries Commission, IEBC. Organizers said the turnout reflected growing political consciousness among the youth. Sudi also led a fundraising drive to support at-risk groups, with special focus on persons living with disabilities. He urged people to support those children with special needs, as it requires collective effort from the government, well-wishers and the community. Governor Jonathan Chelilim commended Dela for championing the noble initiative and for leveraging his online platform to become the voice of hope, a tool for mobilizing support and a reminder that unity in service changes lives. Speaking during the event, the youths said social media has become a critical tool in mobilizing communities and rallying support for those in need. They noted that digital platforms now enable faster coordination, wider reach and real time engagement during humanitarian drives. They urged more young people to use their platforms responsibly to drive positive change. Digital creator and philanthropist Obidan Dela said the digital space has made it easier to reach well-wishers and pool resources. “The digital era gives us a platform to connect, raise funds and bring hope to vulnerable groups across the country,” Dela said. Rider and philanthropist Almasi Samuel echoed the sentiments, noting that young people must use technology not only for entertainment but also for social impact. They said the digital space offers an opportunity to address real community challenges, from health to education and welfare. “Initiatives like Kenyans for Kenyans prove that creativity online can be channeled into service. we challenge youths to turn influence into action that uplifts vulnerable groups,” noted philanthropist Kama Jigos. Organizers said the” Kenyans for Kenyans” initiative will continue to partner with local leaders and groups to reach more vulnerable households in the country. By Shaline Jeruto",,,https://www.kenyanews.go.ke/over-5000-gen-z-youth-in-eldoret-mobilize-kenyans-for-kenyans-initiative/#respond,2026-07-21T10:23:22+00:00,Normal,Citizens / voters,3,en
GOV_KENYA_NEWS_AGENCY_0019,Agriculture,Crop Production,"Koskei calls for shift to high-value crops to transform Mt Elgon economy. Chief of Staff and Head of Public Service Felix Koskei has challenged farmers in Mt. Elgon to abandon overreliance on traditional food crops and embrace high-value cash crops, saying the shift is key to unlocking the region’s vast economic potential. Koskei said despite the region’s fertile volcanic soils and favourable climate, many households continue to struggle economically because they remain dependent on crops whose returns have steadily declined over the years. He identified maize, potatoes, onions and cabbages as crops that no longer generate sufficient income for farmers, urging residents to diversify into coffee, macadamia, avocado and tea, which he said offer significantly higher returns. According to Koskei, a well-managed acre of coffee can earn a farmer up to Sh.1 million annually, presenting an opportunity for families to improve their livelihoods while positioning Mt. Elgon as a leading producer of premium export crops. “Mt Elgon has the potential to produce high-value coffee so that our farmers can start earning in dollars and transform this region. I have had the privilege of flying over every part of this mountain and what I see is enormous potential. Unfortunately, what I find on the ground is cabbage and maize. Those crops alone cannot unlock the wealth of this region,” he said. Koskei spoke on Saturday during the commissioning of a Sh16 million dining hall and modern kitchen at Friends Moi Kaptama Girls Senior School in Mt Elgon, Bungoma County. He said the transition to commercial agriculture must begin immediately, proposing that every household dedicate at least one acre to coffee, avocado and macadamia as part of a wider campaign to transform the region into a high-value agricultural zone. The Head of Public Service called on professionals from the area, particularly those serving in government, to spearhead the campaign by sensitising farmers on the economic benefits of the new crops and helping them adopt modern farming practices. “Soon we shall begin visiting farms across this region to assess the progress. I expect professionals and government officers from this area to take the lead in ensuring this transformation becomes a reality,” he said. Koskei argued that commercialising agriculture would have a multiplier effect on the local economy by increasing household incomes and stimulating investment in education, healthcare, infrastructure and other sectors. He praised professionals from Mt. Elgon who mobilised resources and supervised the construction of the new dining hall, saying the facility would improve the learning environment and contribute to better academic performance. The Head of Public Service, however, expressed concern over what he described as the poor state of education in the region, noting that Mt. Elgon has only about 25 secondary schools, far fewer than other parts of the country. “I have been informed that this entire area has only about 25 secondary schools. In some parts of the country, a single ward has more than seven secondary schools. We must work together to change this situation,” he said. He said the shortage of schools has forced many parents to enrol their children in neighbouring counties such as Uasin Gishu and Trans Nzoia, weakening local institutions. Although Friends Moi Kaptama Girls Senior School is among the largest secondary schools in the sub-county, Koskei noted that it has only about 350 students, which he said was well below its capacity. He challenged parents to support local schools by enrolling their children and paying fees on time instead of investing in institutions outside the region. “Some parents take most of their children to schools outside Mt Elgon and leave only one behind. Even then, they fail to pay school fees. How do we expect our schools to grow when we are financing the development of schools elsewhere while neglecting our own?” he posed. In a boost to needy learners, Koskei donated Sh1 million towards clearing fee arrears at the school, which currently stands at Sh3 million. He expressed optimism that the proposed shift to high-value agriculture would enable parents to comfortably educate their children in the future. “These crops will take some time before they begin generating income. That is why I have decided to support these needy students today. But when I return next year, I expect parents to be clearing school fees from the proceeds of coffee, avocado and macadamia farming,” he said. By Chris Mahandara",,,https://www.kenyanews.go.ke/koskei-calls-for-shift-to-high-value-crops-to-transform-mt-elgon-economy/,2026-07-19T16:06:54+00:00,High,Farmers,2,en
GOV_KENYA_NEWS_AGENCY_0020,Health,Mental Health Awareness,"Two Killed in Al Shabaab attack. By M, KNA A chief and a school teacher were shot dead after unknown number of suspected Al Shabaab militants ambushed villagers at the Kenya-Somalia border town of Hulugho. Hulugho Chief Abdifatah Gandhi was killed on the spot when the heavily armed militants broke into his house and sprayed him with bullets moments after killing the teacher next door. The militiamen, who appeared to have been targeting the chief, also set his parked Probox vehicle on fire before leaving his shattered premises in ruins, even as local security agencies promptly responded to distress calls and engaged the bandits in a shootout. Preliminary reports into the incident indicated that the gunmen believed to have crossed from Somalia in the wee hours of the night had initially held a local woman at gun point to reveal residence of the local chief. The militiamen later frog marched the terrified lady to the chiefs compound, where they opened fire on the teacher, who was asleep at the time before turning their guns at a room, where the administrator had locked himself up on learning of the impending attack. Hulugho sub county Deputy County Commissioner, Elijah Mutemi, said the militiamen believed to have been fleeing the ongoing war with the Juba Land Special forces crossed into the country on sensing defeat before staging the attack. He said security teams including troops from the Kenya Defence Forces engaged the militants in a fierce gun battle before the insurgents fled into Boni Forest where a major operation is underway. However, Mutemi said the identity of the teacher who was neither a local nor ascribed to the Muslim faith could not be released by the time of going to press until his next of kin were notified of the unfortunate turn of events. He said the chief was buried at Hulugho Muslim Cemetery in accordance Islamic rites, while the body of the teacher was later flown out in an Army helicopter to his home town in Mwingi sub county for burial preparations. Hulugho Sub County Director of Education, Ibrahim Odowa, urged the non-local teachers in the area not to panic, but remain calm claiming that the killing of their colleague was an isolated case, amid fears that some of them were contemplating moving elsewhere for security reasons. Meanwhile, tension remained high at the Hulugho border town for the better part of the day, as a contingent of security personnel including the military were deployed to Boni forest to flush out the fleeing gunmen. Witnesses said drones and helicopter gunships were seen hovering around the thick forest as loud sounds of heavy bombardments disrupted the relative peace the sleepy border town enjoyed before the Al shabaab militants showed up last night. The incident comes amid reports that at least 300 Al-Shabaab militants were earlier in the week killed in Somalia during the ongoing conflict with Somalia national army and Gor Gor special forces of Jubaland. It is reported that subdued Al Shabaab militants were fleeing into the country through the Hulugho border point to seek safe haven in Boni forest, where one of their command centre was located.",,,https://www.kenyanews.go.ke/two-killed-in-al-shabaab-attack/,2026-07-17T18:24:00+00:00,High,General public / patients,1,en
GOV_KENYA_NEWS_AGENCY_0024,Agriculture,Crop Production,"Murang’a government distributes lime to boost coffee production and farmers’ earnings. Coffee farmers in Murang’a County are set to benefit from increased production following the distribution of 9,917 bags of agricultural lime by the county government in an initiative aimed at restoring soil fertility and reviving the coffee sector. The programme, spearheaded by Governor Irungu Kang’ata through the Department of Agriculture, Livestock and Cooperatives, seeks to address soil acidity, improve nutrient uptake and enhance coffee yields, ultimately increasing farmers’ incomes. Each of the distributed bags weighs 50 kilograms, with the total quantity expected to treat approximately 1.98 million coffee trees using the recommended application rate of 250 grams per tree. According to the county administration, improved soil conditions resulting from the lime application are projected to increase coffee production by about four million kilograms during the 2026/2027 harvest season. Based on the average prices paid to farmers last season, the additional production is expected to generate close to Sh. 500 million in extra earnings for coffee growers across the county. Governor Kang’ata said the Coffee Lime Programme forms part of his administration’s broader strategy to revitalize the coffee industry by improving farm productivity and ensuring farmers earn better returns. “We have distributed 9,917 bags of agricultural lime for application to 1,983,400 coffee trees. We expect this intervention to produce an additional 3,966,800 kilograms of coffee during the 2026/2027 season, translating into increased income for our farmers,” said the governor when he met officials from various coffee cooperative societies. He noted that many coffee farms in Murang’a have acidic soils, which reduce the effectiveness of fertilizers and limit crop productivity. The application of agricultural lime helps correct soil acidity, allowing coffee plants to absorb nutrients more efficiently and grow healthier. County Executive Committee Member for Agriculture, Livestock and Cooperatives Kimani Mugo urged farmers to apply the lime correctly to realize the full benefits of the programme. He advised farmers to use the recommended rate of 250 grams per coffee tree saying proper application would improve soil fertility, enhance fertilizer efficiency and promote stronger, more productive coffee bushes. Mugo added that the county government will continue providing extension services to guide farmers on proper soil management and other good agricultural practices aimed at improving coffee quality and yields. He said the initiative is expected to deliver long-term benefits by restoring soil health, reducing soil acidity and creating favourable conditions for sustainable coffee production. Mugo noted that healthier soils will not only increase yields but also improve the quality of coffee enabling farmers to earn better returns in the competitive global coffee market. The lime distribution programme complements other county interventions in the coffee sector, including the provision of subsidized farm inputs, farmer training and support for coffee cooperative societies, all aimed at restoring Murang’a’s position as one of Kenya’s leading coffee-producing counties. By Bernard Munyao and Yvonne Wanja",,,https://www.kenyanews.go.ke/muranga-government-distributes-lime-to-boost-coffee-production-and-farmers-earnings/,2026-07-21T13:36:16+00:00,Normal,Farmers,2,en
GOV_KENYA_NEWS_AGENCY_0025,Agriculture,Agricultural Training,"Athletes and coaches back stronger anti-doping law. Athletes and coaches in Kericho want stiffer penalties imposed for doping offenses, arguing that the current sanctions were short of expectations to deter offenders. The proposals were made during a public participation forum organized by the Anti-Doping Agency of Kenya (ADAK) to collect views on the proposed review of the Anti-Doping Act of 2016. The participants aired several concerns that they proposed to be factored in the amendment of the Anti-Doping Act of 2016. Speaking during a public participation forum held at the Kericho Teachers Training College, World Athletics U20 Championships gold medalist Vincent Keter urged Parliament to strengthen the Anti-Doping Act by imposing stiffer penalties on athletes and athlete support personnel found guilty by doping, saying tougher sanctions would help deter repeat offenders. The middle distance runner who specializes in the 1500m and 800m track disciplines said some athletes are willing to take the risk of doping because they can win prize money pay the prescribed fines if caught and later return to competition, undermining efforts to protect the integrity of the sport. “The penalties should be tougher. Some athletes take shortcuts by doping, win prize money and if they are caught, they simply pay the fine and continue with their careers. That is not enough to deter offenders or protect the integrity of athletics.” Keter said. Athletics Kenya (AK) Kericho County branch Vice Chairman Gabriel Kiptanui who doubles up as an athletics Coach called for mandatory anti-doping sensitization programs in schools and athletics training camps, saying early education would instill ethical and moral values among athletes and their coaches. He said the initiative would help create a culture of honesty and integrity in the sport while ensuring young athletes understand the consequences of doping early in their careers and carry the message of clean sport as they progress through the ranks. “We should make anti-doping sensitization programs mandatory in schools and athletics training camps. This will instill ethical and moral values among athletes and their coaches, create a culture of honesty and integrity in the sport, and ensure young athletes understand the consequences of doping early in their careers so they can champion clean sport as they rise through the ranks.” said Kiptanui. They recommended greater awareness of Therapeutic Use Exemptions (TUEs), saying many athletes still lack adequate knowledge about the process for using prohibited medications legitimately when medically necessary. In an interview with ADAK Principal Education Officer Kennedy Mwai said the public participation forum was intended to gather views from athletes, coaches and other stakeholders on the proposed amendments to the Anti-Doping Act 2016. He said several provisions of the Act require review to align them with the 2027 World Anti-Doping Code, adding that the views collected during the forum will inform the law-making process. Mwai said the World Anti-Doping Code is the global framework that harmonizes the fight against doping in sport and it is reviewed every four years to address emerging challenges and strengthen anti-doping measures. He said the latest edition of the Code has already been adopted by the World Anti-Doping Agency (WADA), requiring all signatories including national anti-doping organizations, to review and amend their domestic laws to align with its provisions. The ADAK officer noted that the proposed amendments to Kenya Anti-Doping Act 2016 are intended to ensure the country’s legal framework remains compliant with the revised World Anti-Doping Code. “Doping is a matter of national concern because of the number of athletes testing positive for prohibited substances. Kenya is a reputable sporting nation and that is why the government is taking the fight against doping very seriously.” Mwai said. Among the areas proposed for amendment are provisions relating to sanctions and penalties for doping offences, anti-doping education and awareness, Therapeutic Use Exemptions (TUEs), investigations and results management and other sections aimed at aligning the Anti-Doping Act 2016 with the revised World Anti-Doping Code. The views collected from Kericho athletes, coaches and other relevant stakeholders during the public participation is a constitutional requirement aimed at ensuring citizens contribute to the development of legislation. Currently Kenya is in the category A of the World Anti-Doping Agency (WADA) compliance watch list since 2016 and so far neatly 130 Kenyan athletes mainly long distance runners have been sanctioned for drugs offences since 2017. In June 2024, Kenya handed a life-time ban to marathon runner Beatrice Toroitich and a six year ban to 10km record holder Rhonex Kipruto. By Sarah Njagi",,,https://www.kenyanews.go.ke/athletes-and-coaches-back-stronger-anti-doping-law/#respond,2026-07-19T11:53:03+00:00,Normal,Farmers,3,en
GOV_KENYA_NEWS_AGENCY_0026,Health,Mental Health Awareness,"Most Ikuu Boys School candidates meet varsity entry points. By D, KNA Almost all candidates who sat for last year’s Kenya Certificate of Secondary Education (KCSE) at Ikuu Boys High School have qualified for university entry points. With a mean score of 9.2, at least 310 out of the 315 candidates who sat for the national examination met the minimum university threshold of C plus. The national school based in Tharaka-Nithi County has posted an impressive performance. According to the Principal Morris Thigaa, this translates to a remarkable 98.43 percent university transition rate. Speaking to the press at the school, Thigaa attributed the strong results to discipline, hard work, teamwork, and close collaboration among teachers, non-teaching staff, parents, and education stakeholders. The results show that seven candidates scored grade A, 37 attained A-minus, 93 earned B+ (plus), 83 scored B, and 64 managed B-minus. In addition, 26 candidates attained C-plus, while five scored grade C. “This is a good performance and a clear demonstration that when discipline, commitment, and teamwork are embraced, boys can perform exceptionally well,” said Thigaa. He emphasized that the boy child can achieve even greater results if hard work and determination remain central. “I have no doubt that with dedication and focus, our boys can perform even better in future,” he added. The principal highlighted that the school counsels students as they grow, closely following their behavior to ensure discipline. He also spoke about Ikūū for Ikūū, a student-led club that raises funds to support learners who cannot afford school fees, calling it a model of selfless service and solidarity. Thigaa commended the unity between teachers and non-teaching staff, noting that their dedication and shared responsibility played a key role in guiding learners to success. He also thanked parents and other stakeholders for their continued support, emphasizing that collective effort was critical in achieving positive outcomes. He urged students to remain focused and disciplined, encouraging them to maintain the culture of hard work that has defined the school’s academic excellence.",,,https://www.kenyanews.go.ke/most-ikuu-boys-school-candidates-meet-varsity-entry-points/#respond,2026-07-17T18:22:42+00:00,Normal,General public / patients,2,en
GOV_KENYA_NEWS_AGENCY_0028,Agriculture,Livestock Management,"Marsabit leaders push for increased ID and voter registration. Marsabit County leaders have raised concern over low voter registration among residents despite ongoing government efforts to increase access to national identity cards (IDs), urging eligible citizens, especially the youth, to register and participate in democratic processes. Led by Governor Mohamud Ali, the leaders said the county has fallen short of its target of registering 300,000 voters over the past four years, attributing the shortfall to apathy, inadequate awareness, and challenges that previously affected access to identity documents. Speaking during a press conference at Jirime Resort in Marsabit town, Governor Ali said the government has streamlined the process of acquiring identity cards after removing vetting requirements and other barriers that had slowed down registration. The press conference was attended by Marsabit County Commissioner Stanley Kamande, Saku MP Dido Raso, North Horr MP Wario Adhe, Laisamis MP Joseph Lekuton, and County Woman Representative Naomi Waqo. Governor Ali emphasized that registration for identity cards remains a free government service and warned chiefs and other administrators against demanding illegal payments from applicants seeking the essential documents. He said reports of residents being asked to pay money before accessing ID registration services should be investigated, noting that such practices could be contributing to the low uptake of registration. The Governor revealed that about 17,000 processed identity cards are currently lying uncollected at registration of persons offices and chiefs’ offices across the county. He urged residents who had applied for the documents to collect them to enable them access government services and participate fully in civic activities. The leaders also expressed concern that approximately 104,000 residents who already possess identity cards have not registered as voters. They called for increased awareness campaigns targeting pastoralist communities, who they said require more information on the importance of voter registration. The registration exercise, being conducted under the 100 Days Rapid Results Initiative (RRI), will also allow holders of old-generation identity cards to apply for the new-generation cards. Laisamis MP Joseph Lekuton called for greater focus on secondary schools, saying thousands of students who have reached the required age should be encouraged to obtain identity cards and register as voters. “We need to focus on our young people in schools because many of them are eligible for ID registration and will later become voters,” Lekuton said. Saku MP Dido Raso attributed the low registration numbers partly to historical challenges where some adults faced difficulties obtaining identity cards due to strict vetting procedures. He said the removal of previous obstacles by the Kenya Kwanza administration had created an opportunity for all eligible Kenyans to access identification documents and participate in national programmes. The leaders urged residents to take advantage of the ongoing exercise and register as voters to exercise their constitutional right to elect leaders of their choice during the General Election. North Horr MP Wario Adhe and Woman Representative Naomi Waqo warned that residents risk being excluded from the electoral process if they fail to register. Waqo noted that women remain behind in the number of registered ID holders and voters and called for deliberate efforts to close the gap. She appealed to men in pastoralist communities to support women by allowing them time away from household and livestock duties to acquire IDs and register as voters. Responding to allegations of illegal charges during ID registration, County Commissioner Stanley Kamande warned government officials and administrators against engaging in corrupt practices. Kamande said unauthorized charges imposed on citizens’ amount to misconduct and assured residents that officers found culpable would face disciplinary action and prosecution where necessary. He urged residents to report any cases of corruption to relevant authorities, saying the government would not tolerate individuals who exploit citizens while providing public services. By Sebastian Miriti and Anthony Melly",,,https://www.kenyanews.go.ke/marsabit-leaders-push-for-increased-id-and-voter-registration/,2026-07-19T15:15:19+00:00,Normal,Farmers,7,en
GOV_KENYA_NEWS_AGENCY_0029,Governance,Anti-Corruption Initiatives,"Kwale county government joins Mbuguni land case to defend residents’ rights. The Kwale County Government will join an ongoing court case as an interested party to support residents of Mbuguni Settlement Scheme in Tsimba Golini Ward, Matuga Sub-County, who are challenging the alleged unlawful issuance of title deeds. Governor Fatuma Achani announced the move during a public meeting with residents, saying her administration was committed to protecting community land from illegal acquisition and ensuring justice for affected families. The Mbuguni Settlement Scheme comprises approximately 756 plots spread across the villages of Bang’a, Mteza, Mrera, Mbuguni and Lunguma. Residents have raised concerns that title deeds for the land were issued to influential individuals and non-residents, exposing long-time occupants to possible displacement. “My government will join the Mbuguni Scheme case currently before the court as an interested party to ensure that residents receive justice,” said Achani. She reiterated that her administration would not tolerate land grabbing and pledged to work closely with the community’s legal team to reclaim the disputed land. The Governor noted that the county government, in collaboration with institutions such as the Ethics and Anti-Corruption Commission (EACC), had successfully repossessed public land in different parts of the county, including 31 acres on Chale Island in Msambweni Sub-County, land on Kisite Mpunguti Island in Lunga Lunga Sub-County, and a 13-acre parcel in Diani valued at approximately Sh200 million. “These victories demonstrate our commitment to safeguarding public resources and protecting the rights of our people. We shall pursue every legal avenue available to ensure Mbuguni residents are not deprived of their land,” she said. Matuga Member of Parliament Kassim Tandaza backed the Governor’s position, assuring residents that leaders would remain united in defending their rights. “I will not allow residents to be evicted from their land simply because they do not have title deeds. We will stand with them until this matter is resolved,” said Tandaza. Tsimba Golini MCA Mwachuo Mwaboza called on residents to remain calm and allow the judicial process to take its course. “I urge residents not to take the law into their own hands but to maintain peace as the matter is being handled in court,” he said. Residents welcomed the county government’s intervention, expressing optimism that it would help bring an end to the long-standing dispute. Peter Mbovu, one of the residents, said the community had lived on and depended on the land for generations and hoped the legal process would restore their ownership rights. “We appreciate the support from the county government. Our only wish is to see justice prevail and our land returned to its rightful owners,” he said. Another resident, Swaleh Simba, said the community had endured years of uncertainty and thanked local leaders for taking up their cause. “We have suffered for a long time. Today’s commitment by our leaders gives us hope that our children and future generations will continue living on this land,” he said. By Chari Suche",,,https://www.kenyanews.go.ke/kwale-county-government-joins-mbuguni-land-case-to-defend-residents-rights/#respond,2026-07-21T13:42:57+00:00,Normal,Citizens / voters,1,en
GOV_KENYA_NEWS_AGENCY_0030,Education,Educational Resources,"Kiambu Students Receive Bursaries Ahead of School Reopening. Thousands of needy students in Kiambu County are set to start the new school term with financial relief, after Governor Kimani Wamatangi officially launched the distribution of bursary cheques across the county. The exercise, conducted over the weekend in Ndeiya Ward ahead of the school reopening this today, provided thousands of students with financial support of KSh 5,000 for day scholars and KSh 10,000 for boarders in secondary schools. This initiative is part of a revamped county program aimed at ensuring no child is left behind in accessing education. The initiative is part of Governor Wamatangi’s ambitious education support program, which has increased the county’s bursary allocation from Ksh 500 million to Ksh 750 million for the 2025/2026 financial year. Speaking at the ceremony, Governor Wamatangi reiterated his administration’s commitment to promoter the education of the less privileged members of the society and the general development of the education sector. “By expanding the bursary fund, my administration aims to increase the number of beneficiaries and enhance the amount allocated to each student. This substantial increment underscores our commitment to making education accessible to all children in Kiambu County,” said Governor Wamatangi, noting that the expanded allocation would ensure students across all 60 wards benefit from the program. The governor also commended Chief Officer for Education, Gender, Culture and Social Services, Emily Nkoroi, for her dedication in strengthening the department. Unlike previous arrangements where students received one-off support, the enhanced bursary program is structured to provide assistance multiple times throughout the academic year, ensuring sustained support for students. I urge members of the bursary committee to maintain transparency and efficiency in the distribution process. As Kiambu County leadership, we are committed to ensuring that the bursaries reach genuine beneficiaries,” added Deputy Governor Rosemary Kirika. Parents like Mary Wanjiku from Limuru welcomed the initiative. Her daughter received a Shs.h8,000 bursary. “This support has come at the right time when we were struggling to raise school fees. My daughter can now continue her education without interruption,” she said. The distribution exercise is being conducted across all 60 wards, with local administrators working closely with ward education committees to identify deserving beneficiaries. Strict measures have been put in place to ensure transparency and prevent favoritism. The increased funding is expected to benefit over 38,000 students, enabling them to pursue their academic dreams without financial constraints. The timing of the bursary distribution, just before schools reopen, reflects the county’s proactive approach in addressing educational challenges, ensuring students report to school on time and focus on their studies.",,,https://www.kenyanews.go.ke/kiambu-students-receive-bursaries-ahead-of-school-reopening/,2026-07-17T17:56:33+00:00,Normal,Students / parents,2,en
GOV_KENYA_NEWS_AGENCY_0031,Agriculture,Livestock Management,"NDMA launches an assessment on the impact of the Long rains in Marsabit. The National Drought Management Authority (NDMA) is conducting an impact assessment exercise on the recent long rains which was largely inadequate in most parts of Marsabit County. The assessment follows a review meeting on the effect of the March-May rain season on food, nutrition and security by the county steering group (CSG. NDMA County Coordinator Guyo Golicha pointed out that checklists presented by the various technical departments that include agriculture, education, health, livestock, security and water save for peace and security had painted a picture of inadequacy because the rains were not sufficient. Golicha said the exercise which is normally conducted after every rain season in ASAL regions by the authority was aimed at providing the actual picture on the ground in terms of food and nutrition, availability of grazing resources and whether the situation poses any threat to peace. Apart from the agro-pastoralist areas of Moyale and Saku sub-counties which received some considerable amount of rainfall, the rest of the county remained dry. The County Coordinator added that the information gathered by the two teams that will cover all the 20 wards in the county will help in assessing the impact that the March-April- May rains had on livelihoods of local pastoralist communities. “We want to know what impact the rains we received have had on our people and their livelihoods and how it affected the different sectors,” he said. Golicha pointed out that the evaluation that will take five days will in particular pay attention to livestock and pasture which are critical to the local economy and the survival of almost all households. He said approximately 82.3 per cent of the population depends on livestock for their livelihood, making the sector a key pointer to the county’s recovery from drought with the assessment teams focusing more on milk production and performance of livestock markets. The body condition of livestock, the availability of pasture and the status of water sources like dams, pans, boreholes, the availability of food stuffs and their prices will also be assessed. The drought coordinator added that the distance communities travel to access water and migration of livestock would also be of interest to the evaluators because long distances often affect the health of both humans and livestock as well as productivity. “When livestock travel long distances to access water their body conditions deteriorate. The closer the water is, the better it is for the animals, “he said. The outcome of the assessment would enable the government and other stakeholders to plan for interventions to ensure that the necessary assistance to those afflicted by drought is available on time. “Water is one of the major areas of concern in Marsabit County. We want to establish the current levels of water so that we can focus our efforts on zones that need support most,” Golicha said The exercise is also set to come up with recommendations on how to prepare the county for the El-Nino which is anticipated later in the year. Golicha observed that while enhanced rains have positive gains for communities and their economic mainstay- livestock, excessive water could wreak havoc and generate health challenges if not properly managed. He said the exercise would rely on a checklist provided by the various technical departments in collecting data that would inform on the appropriate mitigation measures against the climate shocks. By Sebastian Miriti and Anthony Melly",,,https://www.kenyanews.go.ke/ndma-launches-an-assessment-on-the-impact-of-the-long-rains-in-marsabit/#respond,2026-07-21T16:17:45+00:00,Normal,Farmers,2,en
GOV_KENYA_NEWS_AGENCY_0033,Agriculture,Agricultural Training,"Teachers set for salary boost as government implements CBA phase two. Teachers are set to receive enhanced salaries by the end of July after the Government allocated Sh8.4 billion to the Teachers Service Commission (TSC) to facilitate the second phase of salary reviews under the 2025-2029 Collective Bargaining Agreement (CBA). TSC Chairman Dr Jamleck Muturi said teachers should expect the additional earnings to reflect in their bank accounts from July 20, following the implementation of the revised salary structure. Dr Muturi said the salary increase marks the beginning of the second phase of the four-year CBA implementation schedule signed in July 2025 between TSC and teachers’ unions, including the Kenya National Union of Teachers (KNUT), Kenya Union of Post Primary Education Teachers (KUPPET) and Kenya Union of Special Needs Education Teachers (KUSNET). The first phase of the agreement was implemented in July 2025, while subsequent phases will be rolled out according to the agreed schedule. Under the new salary structure, the lowest-paid teacher, a Primary Teacher II in Grade B5, will earn between Sh26,225 and Sh33,444 per month, while the highest-paid teacher, a Chief Principal in Grade D5, will receive between Sh133,351 and Sh164,977 monthly. Dr Muturi said the salary adjustment was a major step towards improving teachers’ welfare and motivation, noting that better remuneration would enable educators to focus on improving learning outcomes. “When the teacher is paid well, they stay motivated to teach the learner well and ensure they excel,” he said. The TSC chairman said the commission was also taking additional measures to improve teachers’ career progression through promotions. He revealed that more than 270,000 teachers had been promoted in the last three years and that the commission would advertise promotion opportunities for more than 35,000 teachers in August this year. According to Dr. Muturi, the Government has allocated Sh2 billion to support the promotion exercise, which will cover teachers across different job groups. “The government has promoted 270,000 in the last three years. In Nyeri, 2,395 teachers were promoted. The Government has set aside money for more promotions and we are urging all eligible teachers to apply for the promotions which will be advertised next month,” he said. Dr Muturi also announced that TSC had received Sh4.8 billion to facilitate the conversion of 20,000 Junior School intern teachers into permanent and pensionable employment. He said the move would address concerns among junior secondary school teachers who have worked under internship arrangements since 2023. The TSC chairman spoke at Mbiriri Comprehensive School in Kieni, Nyeri County, where he joined Education Cabinet Secretary Julius Ogamba during the school’s education day celebrations. The event was attended by Principal Secretary for Energy Alex Wachira, PS for Gender Anne Wang’ombe, PS for Correctional Services Salome Muhia, Inspector General of Police Douglas Kanja, Government Spokesperson Dr Isaac Mwaura and other professionals from the Central region. Speaking during the event, CS Ogamba defended the Government’s increased investment in the education sector, saying education remains central to Kenya’s social and economic transformation. He said the Government had invested heavily in addressing human resource needs while also improving infrastructure to support the implementation of the Competency-Based Education (CBE) system. Ogamba said more than 23,000 classrooms had been constructed across the country in the last three years to reduce congestion in schools and provide learners with safe and modern learning environments. “Across all areas of our country and during the last three years, we have constructed over 23,000 classrooms to support the implementation of the CBE, to decongest schools and provide learners with safe, modern and conducive learning environments,” he said. He added that the Government was also constructing 1,600 laboratories in senior schools during the current financial year to strengthen practical learning, particularly under the Science, Technology, Engineering and Mathematics (STEM) pathway. “These investments will help accommodate a growing learner population, improve learner welfare and provide an even more conducive environment for teaching and learning,” Ogamba said. The CS said education had received 30 per cent of the national budget allocation for the 2026/2027 financial year, describing it as the highest allocation to the sector since independence. He said the Government would continue investing in human capital, infrastructure and curriculum reforms to prepare learners for future opportunities. “This administration believes in education as an equalizer, and that’s why we are putting in resources, in human capacity, in infrastructure, we are reforming the sector, we are looking at the curriculum so that we produce future-ready citizens,” he said. Ogamba also warned heads of learning institutions against imposing illegal and unauthorized levies on parents. He said the Ministry was working with TSC to take action against principals found charging fees that had not been approved through the required procedures. “Unless the levy is approved or it has gone through the process and it has been accepted by the parents or the levy has gone through the Ministry protocols and approval has been given making it legal, then that can be charged,” Ogamba said. He said any school head found violating regulations would face disciplinary action to ensure smooth operations in learning institutions. The CS also dismissed claims that enrollment in Technical and Vocational Education and Training (TVET) institutions had declined, attributing the perception to the introduction of the modularized training system. He explained that the new model allows trainees to complete short courses within a few months, unlike the previous system where learners took two to three years to complete training. Ogamba said the number of TVET trainees had actually increased significantly, rising from 397,000 before the 2023/2024 academic year to more than 850,000 by May 2026. “There isn’t a drop, trainees have just finished their certification and gone. Pre 2023/2024 we had 397,000 TVET trainees in our institutions. As at May 2026, we had over 850,000 because of the change in the modularized system,” he said. He assured TVET trainees that the Government was working with Parliament to streamline the funding system to ensure students do not drop out due to financial challenges. By Wangari Mwangi",,,https://www.kenyanews.go.ke/teachers-set-for-salary-boost-as-government-implements-cba-phase-two/,2026-07-19T15:56:27+00:00,Normal,Farmers,4,en
GOV_KENYA_NEWS_AGENCY_0035,Governance,Elections and Voter Education,"Mandera. Mandera Deputy Governor Dr. Ali Maalim has called on residents of Northern Kenya to register as voters, saying higher voter registration will strengthen the region's political influence ahead of the",,,https://www.kenyanews.go.ke/category/county/mandera/,2026-07-20T11:32:50+00:00,Normal,Citizens / voters,1,en
GOV_KENYA_NEWS_AGENCY_0036,Health,Disease Prevention and Control,"ODM reaffirms support for broad-based government. The Orange Democratic Movement (ODM) in Kericho County has reaffirmed its commitment to the broad-based Government, saying the political cooperation between President William Ruto and former Prime Minister Raila Odinga is intended to accelerate development, strengthen national unity and improve the livelihoods of Kenyans through inclusive governance. Speaking during the funeral service of renowned dairy farmer Ann Chebochok at Kericho Golf Club, ODM Kericho County Chairperson Ann Chepkwony said the collaboration between the country’s two leaders provides an opportunity for leaders from different political formations to work together in addressing key national priorities, including agriculture, healthcare, education and economic empowerment. She said the partnership should be viewed as a development-focused initiative rather than a political arrangement driven by individual interests, noting that cooperation among leaders is essential in delivering services and implementing programmes that directly benefit wananchi. “The broad-based Government is not about politics alone. It is about bringing leaders together to support sectors that sustain our people, especially agriculture. Farmers like the late Ann Chebochok are the foundation of our economy and deserve policies that guarantee better milk prices, affordable farm inputs, access to markets and modern farming technologies,” Chepkwony said. She urged leaders across the political divide to embrace dialogue and unity in advancing policies that promote economic growth and improve the welfare of ordinary citizens. Chepkwony made the remarks as mourners gathered to celebrate the life of the late Chebochok, an accomplished dairy farmer widely recognised as one of Kericho County’s leading agricultural entrepreneurs. The deceased was praised for transforming dairy farming into a successful commercial enterprise through modern production methods, mentorship of fellow farmers and dedication to improving livestock productivity. Family members, friends, farmers and leaders described Chebochok as a hardworking entrepreneur whose commitment to agriculture inspired many farmers in Kericho and neighbouring counties to embrace improved dairy farming practices. Chepkwony said the late farmer embodied the resilience, determination and innovation that government programmes seek to promote through increased investment in agriculture. According to her, Chebochok’s achievements demonstrated the enormous potential of agriculture to create wealth, generate employment opportunities and strengthen household food security when farmers receive adequate policy support, quality inputs and access to modern technologies. She observed that the broad-based Government has created an environment in which leaders can jointly champion programmes aimed at increasing agricultural production, strengthening livestock value chains and promoting value addition. Chepkwony called for sustained investment in irrigation, agricultural extension services, disease control programmes, artificial insemination, improved livestock breeds, affordable animal feeds and agro-processing industries to enable farmers to increase productivity and earn higher incomes. “When leaders choose dialogue instead of division, the biggest beneficiaries are ordinary Kenyans. We want to see more resources directed towards agriculture because that is where millions of families earn their livelihoods. The late Ann Chebochok proved that with commitment, innovation and the right support, farming can transform lives,” she said. She noted that the dairy sector remains one of Kenya’s most important agricultural subsectors, contributing significantly to the national economy while supporting the livelihoods of more than two million households. Chepkwony said Kericho County, whose economy is largely driven by tea and dairy farming, stands to benefit from policies that improve milk marketing systems, expand cold storage infrastructure, promote value addition, strengthen cooperative societies and lower production costs for farmers. She further appealed to leaders to place the interests of wananchi ahead of partisan politics and continue working together in implementing programmes that improve the welfare of farming communities. According to Chepkwony, creating an enabling environment for commercial agriculture would be the most fitting tribute to the late Chebochok, whose success story demonstrated the transformative power of farming. “The legacy Ann Chebochok leaves behind reminds us that agriculture remains the surest pathway to economic empowerment. As leaders, our responsibility is to support policies that enable more farmers to succeed just as she did. That is why ODM remains committed to working with the Broad-Based Government in initiatives that uplift the lives of Kenyans,” she said. The funeral service brought together leaders from across the political divide in a display of bipartisan cooperation. Among those present were Kericho Governor Dr. Erick Mutai, Bomet Governor Prof. Hillary Barchok, Kericho Woman Representative Beatrice Kemei, Kenya’s High Commissioner to Namibia Florence Bore, Kericho County Assembly Speaker Patrick Mutai, Bomet County Assembly Speaker Cosmas Korir, former Bomet Governor and Judicial Service Commission Vice Chairperson Isaac Ruto, religious leaders, professionals, farmers and hundreds of mourners from Kericho and neighbouring counties. Speakers described the late Chebochok as an outstanding dairy farmer, mentor, philanthropist and community leader whose commitment to agriculture transformed lives and inspired many people to invest in commercial dairy farming. They said her legacy would continue encouraging farmers across Kericho County and beyond to embrace innovation, resilience and modern farming practices while demonstrating that agriculture remains one of the most reliable pathways to wealth creation, food security, rural development and sustainable economic growth. by Gilbert Mutai",,,https://www.kenyanews.go.ke/odm-reaffirms-support-for-broad-based-government/#respond,2026-07-20T17:22:26+00:00,Normal,General public / patients,3,en
GOV_KENYA_NEWS_AGENCY_0038,Agriculture,Agricultural Training,"Government to fast-track completion of Chebara education projects. The Government has reaffirmed its commitment to fast-track the completion of stalled education infrastructure projects in Chebara, Elgeyo Marakwet County, as part of a nationwide programme to revive incomplete public investments and maximise returns on public expenditure. Interior and National Administration Cabinet Secretary Kipchumba Murkomen made the commitment during an inspection of education facilities relocated to pave the way for the Chebara Dam Project but which have remained incomplete for more than a decade. Murkomen said the Kenya Kwanza Administration had prioritised the completion of stalled capital projects to improve public service delivery, optimise infrastructure use and safeguard public investment. “The Kenya Kwanza Administration is firmly committed to completing all stalled projects across the country to unlock their socio-economic benefits and deliver value for resources invested,” he said. The Cabinet Secretary toured the stalled Chebara Vocational Training Centre, Chebara Boys High School, AIC Chebara Girls High School, Chebara Comprehensive School and AIC Chebara Chapel, all relocated under the Chebara Dam Resettlement Programme. He said delays were occasioned by the non-performance of the initial contractor, leaving the facilities unfinished and affecting learning for communities displaced by the dam project. Murkomen noted that the prolonged suspension of the projects had limited access to quality education, technical and vocational training and other essential social services in the area. He said the Government would implement a Presidential directive to mobilise the required resources, complete procurement for a replacement contractor and accelerate construction in line with approved engineering standards and contractual requirements. “We will ensure full implementation of the Presidential directive to mobilise resources and fast-track the work of the new contractor following the previous contractor’s failure to complete the projects,” he said. During the inspection, Murkomen reviewed the progress of the stalled facilities and directed implementing agencies to strengthen project supervision, contract management and inter-agency coordination to ensure timely completion and adherence to quality standards. The Cabinet Secretary later visited Tambach Teachers Training College, where he inspected the ongoing rehabilitation of academic infrastructure and construction of additional student hostels. He said expanding the institution’s capacity would strengthen teacher training and improve the quality of education. Murkomen also assessed the proposed site for Kerio University, describing the planned institution as a strategic investment that will expand access to university education, research, innovation and skills development in the region. Local leaders welcomed the Government’s renewed commitment, saying completion of the projects would restore learning services disrupted by the Chebara Dam development, increase access to technical and higher education and spur socio-economic growth. The inspection is part of the Government’s national monitoring and evaluation programme for stalled public infrastructure projects aimed at improving project governance, enhancing accountability in public resource utilisation and accelerating implementation of priority development programmes under the Bottom-Up Economic Transformation Agenda (BETA). By Rennish Okong’o",,,https://www.kenyanews.go.ke/government-to-fast-track-completion-of-chebara-education-projects/,2026-07-20T15:05:35+00:00,Normal,Farmers,1,en
GOV_KENYA_NEWS_AGENCY_0042,Agriculture,Sustainable Farming,"MPs rally Teso North residents behind Ruto’s 2027 re-election bid. A section of Members of Parliament has urged residents of Teso North Constituency to support President William Ruto’s re-election in the 2027 General Election, citing the Kenya Kwanza administration’s development record and ongoing economic empowerment programmes. The leaders made the appeal during a women’s economic empowerment programme held at Kakemer in Teso North Constituency, where funds were raised to boost working capital for women-owned small businesses. The event brought together Ugenya MP David Ochieng’, Teso North MP Oku Kaunya and Teso South MP Mary Emase, who called on residents to continue supporting the government’s development agenda. Addressing participants, Ochieng’ said the government had made significant progress over the past three years in infrastructure development, education, job creation and economic empowerment. He urged voters to grant President Ruto a second term, arguing that continuity in leadership would enable the government to complete ongoing projects and fully implement its development programmes. “We cannot elect leaders without a clear plan for the country. President Ruto has outlined his agenda and has already demonstrated commitment to supporting the youth, women, education, roads, industries and job creation,” said Ochieng’. He also appealed for peaceful political competition ahead of the 2027 elections, urging leaders across the political divide to conduct campaigns without violence, intimidation or incitement. “Let us compete peacefully and avoid using violence or hiring goons to disrupt political activities. Young people should reject attempts by politicians to use them to cause chaos or intimidate opponents,” he said. Teso South MP Mary Emase called for issue-based politics, urging leaders to prioritise development and initiatives that improve the livelihoods of wananchi instead of engaging in divisive politics. She also commended the Independent Electoral and Boundaries Commission (IEBC) for what she described as its credible management of the recently concluded by-elections. Teso North MP Oku Kaunya urged leaders to strengthen economic empowerment initiatives targeting women and youth, saying increased access to income-generating opportunities would improve household incomes, create jobs and promote sustainable socio-economic development in the constituency. By Moses Wekesa",,,https://www.kenyanews.go.ke/mps-rally-teso-north-residents-behind-rutos-2027-re-election-bid/#respond,2026-07-20T13:30:38+00:00,Normal,Farmers,3,en
GOV_KENYA_NEWS_AGENCY_0044,Health,Healthcare Access,"New MSME policy to accelerate enterprise growth, says official. The revised Micro and Small Enterprises policy is designed to accelerate enterprise growth, create jobs, generate wealth and drive inclusive economic transformation across the country. Senior Assistant Director in charge of Manufacturing and Agribusiness at the Micro and Small Enterprises Authority (MSEA), Tabitha Gicheru, affirmed that the Micro and Small Enterprises (MSMEs) Policy 2026 provides a comprehensive framework for creating an integrated and enabling business environment that will support a productive, competitive, resilient and sustainable MSME sector. Ms. Gicheru pointed out that the new policy is crafted to strengthen coordination across institutions, improve access to finance and markets, promote innovation and technology adoption and sharpen the competitiveness of Kenyan enterprises at home and abroad. “The document is a guide towards creating an MSME sector that is capable of generating wealth, creating decent jobs and driving inclusive economic growth. The Revised MSMEs Policy 2026 will help eliminate barriers that have long constrained business growth,” she stated. Speaking in Nakuru during a business awareness forum organized by MSEA in partnership with SNV Netherlands aimed at strengthening policy uptake and improving support services among MSMEs, the Senior Assistant Director highlighted the Authority’s role in supporting enterprise development, noting the importance of formalization and targeted capacity building initiatives. The Authority is running a two-year initiative aimed at strengthening the micro and small enterprises ecosystem in Kenya. The project, being offered in collaboration with Investing in Young Business in Africa – Supporting Entrepreneurial Ecosystem Development (IYBS-SEED) focuses on improving policy implementation and raising awareness among young men and women entrepreneurs about existing business support needed to thrive. The project aims to ensure that the policies supporting entrepreneurship are well implemented, monitored and responsive to the needs of young and women entrepreneurs. The focus sectors are agriculture, blue economy, infrastructure development, digital economy, manufacturing and financial services. The project targets out of school youths between the ages of 18 to 29, and up to 35 years for People (youths) Living Disability (PWDs) and seeks to empower MSMEs with knowledge to access funding, training and networking opportunities. Ms. Gicheru explained that the proposed MSME Amendment Bill 2025 seeks to improve access to finance, enhance competitiveness and formalize informal businesses to drive job creation. At the centre of the discussions is the proposed MSME Amendment Bill 2025, which seeks to overhaul the policy framework governing small businesses. The MSME Amendment Bill 2025 is expected to introduce measures to expand access to affordable credit, improve market access and create incentives for informal enterprises to formalize. Formalization has emerged as a key policy priority, with authorities arguing that bringing more businesses into the formal fold would widen the tax base, improve access to government support programmes and enhance enterprise sustainability. President William Ruto launched the revised MSME policy last month at the Kenyatta International Convention Centre (KICC) during celebrations to mark the World Micro, Small and Medium Day. Ms. Gicheru noted that MSMEs remain the backbone of Kenya’s economy accounting for 98 percent of all businesses in the country, creating more than 90 percent of non-farm jobs and contributing over 40 percent of the Gross Domestic Product (GDP). She said that the revised policy outlines a broader framework for expanding credit, improving financial inclusion and reducing barriers that have limited the growth of micro, small and medium enterprises. “Rather than introducing a single financing programme, the revised MSMEs Policy 2026 brings together several reforms intended to make business finance more accessible across different stages of enterprise development. A central theme of the policy is the role of commercial banks. The government wants lenders to develop financing models that extend beyond traditional collateral requirements and serve businesses that have historically struggled to obtain credit,” observed the official. Another notable feature of the policy is the proposed National Credit Score.The government intends to build a system that places greater weight on repayment behaviour and financial history when assessing borrowers, complementing conventional security such as land titles and vehicle logbooks. Ms. Gicheru added that if implemented as outlined, the approach could broaden financing options for entrepreneurs with strong repayment records but limited assets. She said financing products should be tailored to businesses at different stages of growth, while mature firms should gradually transition from concessional development finance to commercial bank lending. That Ms. Gicheru elaborated would free up capital for younger enterprises seeking affordable financing. “The Revised MSMEs Policy 2026 outlines an approach that combines public funding, commercial lending and development finance rather than relying on a single source of capital,” stated Ms Gicheru. Stakeholders present at the sensitization forum included Kenya Revenue Authority (KRA), the Kenya National Federation of Jua Kali Associations (KNFJ) and the Kenya National Chamber of Commerce and Industries (KNCCI). Ms Gicheru pointed to ongoing programs such as National Youths Opportunities Towards Advancement (NYOTA) and the Kenya Jobs and Economic Transformation (Kjet) Fund as key interventions supporting MSMEs alongside continued investments in jua kali worksites and Constituency Industrial Development Centres (CIDC). “We are creating an enabling environment for MSME by providing workspaces through jua kali worksites and CIDC while also implementing projects like NYOTA and KJET to accelerate business growth,” she said. Ms Gicheru reaffirmed the Authority’s commitment to working collaboratively across Government and with the private sector and development partners to implement progressive policies and programmes that enable MSMEs to start, grow and scale their businesses. SNV-Investing in Young Business in Africa – Supporting Entrepreneurial Ecosystem Development (IYBS-SEED) Project Manager Ms Nduta Ndirangu on her part stated that many of the youth in Kenya were not aware of the policies governing the MSMEs in the country and that they were sensitizing them and seeking their views as we plan to review these policies to serve them better. “The sector has faced challenges since 2020 when the Covid -19 pandemic set-in including lack of funding, so we are also creating linkages to financial institutions,” she said. She noted that the revised MSME policy is meant to encourage entrepreneurial culture, noting that the MSME sector is very key to the economy as it employs many people. “Our business awareness programme is meant to create awareness on these policies and get to know the challenges facing the sector and inform them about the opportunities available for them and the role of government in this sector,” Ms Ndirangu said. She said they are creating a tool to evaluate these policies to see their impact on the MSMEs sector. She added that the revised policy will strengthen Kenya’s entrepreneurial ecosystem and enhance the sector’s contribution to economic growth, employment creation and shared prosperity. A representative of the County Government of Nakuru, Jennifer Nyambura, stated that the devolved unit’s administration had rolled out the Wezesha Fund, a Sh100 million loan initiative aimed at empowering small-scale businesspeople and farmers through affordable credit. The fund has already disbursed Sh76 million to cooperative societies and registered groups with the Governor emphasizing that the fund is part of her broader commitment to fulfil her manifesto pledge of supporting grassroots economic growth. “Wezesha is about empowering our people to access credit, scale their enterprises, and improve livelihoods,” she said. The fund is being distributed through KCB Bank under two components: the County Enterprise Fund, which targets registered self-help groups, and the Cooperative Revolving Fund, designed for cooperative societies. Under the current structure, registered groups can access loans ranging from Sh50,000 to Sh200,000, while cooperative societies can receive between Sh200,000 and Sh5 million. Ms Nyambura encouraged small traders, boda boda riders, Community Health Promoters (CHPs), women, and youth to join Saccos or registered groups to qualify for the funding. She noted that 2,762 out of 3,300 CHPs have already joined the Nakuru CHP Sacco. Importantly, she reminded beneficiaries that the Wezesha Fund is a loan, not a grant. “Timely repayment is essential to allow others to benefit and to enable access to larger credit amounts in future disbursements,” she stated. She further called for collaboration with donors, financial institutions, and the private sector to expand the fund through grants and co-financing opportunities. By Jane Ngugi and Dennis Rasto",,,https://www.kenyanews.go.ke/new-msme-policy-to-accelerate-enterprise-growth-says-official/,2026-07-17T18:30:34+00:00,Normal,General public / patients,6,en
GOV_KENYA_NEWS_AGENCY_0045,Agriculture,Agribusiness and Market Access,"Deaf youth in Vihiga embrace enterprise fund opportunities. Hearing-impaired youth in Vihiga County have been encouraged to take advantage of government financing programmes to grow businesses, improve livelihoods and achieve economic independence. The call was made during an empowerment forum organised by the Youth Enterprise Development Fund (YEDF) at Gambogi Fellowship Centre grounds, where members of the Hamisi hearing-impaired group were sensitized on access to affordable credit, group formation requirements and financial management. The forum brought together 12 members of the group, who have been working collectively through income-generating activities aimed at improving their economic wellbeing despite challenges associated with disability and limited access to financial opportunities. Speaking during the engagement, Vihiga County Youth Fund Credit Officer Cleophas Odhiambo Omanya said the Fund is committed to ensuring that marginalised groups, including persons living with disabilities, benefit from government empowerment programmes. Omanya said registered youth groups can access loans starting from Sh100,000, with opportunities to qualify for higher amounts depending on their repayment record. He explained that the funds are designed to support small enterprises, including retail businesses, agribusiness ventures and service-related activities, enabling young people to create sustainable sources of income. “We want every young person, including those living with disabilities, to understand that they can access financial support to improve their lives and contribute to economic development,” Omanya said. Assistant County Credit Officer William Osundwa urged members of the group to maintain unity, trust and accountability, noting that collective responsibility is essential for the success of funded enterprises. Osundwa revealed that the Hamisi hearing-impaired group had demonstrated strong financial discipline after successfully repaying their first loan of Sh100,000 per member within one year. He said the achievement had qualified the members to access a second loan of Sh200,000 each, payable within 18 months through a structured repayment plan of Sh11,200 monthly. The payments, he added, are made through the government’s e-Citizen platform to enhance transparency and accountability in loan management. Osundwa further noted that beyond financial support, the Youth Enterprise Development Fund provides beneficiaries with mentorship and entrepreneurship training to strengthen their skills in business planning, financial management and investment decisions. The empowerment session was conducted through sign language interpretation by Nicholas Ogango, allowing participants to fully engage in discussions and seek clarification on various aspects of the programme. Hamisi Hearing-Impaired Group Vice Chairperson Derrick Mahaya said the initiative had opened opportunities for members who previously faced difficulties accessing capital due to communication barriers and limited information about available support programmes. Mahaya said the group had embraced table banking and collective saving, enabling members to establish small businesses such as vending and retail enterprises. “We have come from far. Many of us had ideas but lacked capital. With this support, we will grow our businesses, support our families and become financially independent,” he said. He appealed to stakeholders to continue developing inclusive financial products and capacity-building programmes tailored to the needs of persons living with disabilities. Members of the group highlighted challenges including limited access to capital, communication barriers and inadequate exposure to business opportunities. However, they expressed optimism that continued support from the Youth Enterprise Development Fund would help them expand their ventures and improve their living standards. The officials also guided participants on loan application procedures, including group registration, proposal writing, savings requirements and responsible borrowing practices. The forum marks a step towards strengthening economic inclusion for hearing-impaired youth in Vihiga County as the government continues to promote programmes aimed at reducing unemployment, encouraging entrepreneurship and enhancing financial independence among young people. By Crispinus Ivan",,,https://www.kenyanews.go.ke/deaf-youth-in-vihiga-embrace-enterprise-fund-opportunities/,2026-07-21T17:48:13+00:00,Normal,Farmers,4,en
GOV_KENYA_NEWS_AGENCY_0047,Health,Disease Prevention and Control,"Turkana pastoralists welcome mass livestock vaccination drive to Combat Diseases. Livestock keepers in Elelea Ward, Turkana East Sub-County, have welcomed a mass livestock vaccination and supportive treatment campaign aimed at improving animal health, controlling diseases and expanding access to domestic and international livestock markets. The 10-day exercise, being implemented through a partnership between the Turkana County Government and GENCO Livestock and Fresh Meat Export Ltd, targets the vaccination and treatment of more than 100,000 animals in Elelea, Karoge and Lokapel. The campaign focuses on protecting livestock against Peste des Petits Ruminants (PPR), a highly contagious viral disease affecting sheep and goats, as well as other common livestock diseases. Kamar Lojao, a livestock keeper from Echoke Village, said the exercise would help reduce livestock losses caused by disease outbreaks and improve household incomes that depend on livestock production. Community Disease Reporter (CDR) Ngitira Ekitela said PPR and tick-borne diseases remain the most common livestock diseases in Elelea and neighbouring areas. While welcoming the vaccination programme, Ekitela appealed to the County Government to provide acaricides to help pastoralists control tick infestations and further improve livestock health. During a supervision visit, the Director of Veterinary Services, Dr Benson Long’or, said the campaign had made significant progress, with more than 30,000 animals vaccinated and treated within the first three days. “We have vaccinated and treated over 30,000 animals in Elelea and Lokapel within three days. With the continued cooperation of livestock keepers, we expect to surpass our target of 100,000 animals by the end of the campaign,” said Dr Long’or. He said the vaccination and supportive treatment programme is designed to produce disease-free animals at the farm gate, enabling pastoralists to access premium local and export markets while strengthening the livestock value chain. Dr Long’or added that the County Government had provided vaccines, dewormers, veterinary equipment and technical personnel to ensure the success of the campaign. The exercise follows a consultative meeting held in Lodwar between officials from the County Department of Livestock and GENCO Livestock and Fresh Meat Export Ltd to strengthen livestock disease control initiatives in Turkana. GENCO veterinarian Dr Sibiah Ratemo praised the commitment of county veterinary officers and community mobilisers, saying the partnership had attracted a high turnout of pastoralists at designated vaccination points. He also commended women for their role in mobilising communities and encouraged their increased participation in future livestock health campaigns to improve outreach and disease control efforts. By Peter Gitonga",,,https://www.kenyanews.go.ke/turkana-pastoralists-welcome-mass-livestock-vaccination-drive-to-combat-diseases/,2026-07-20T11:02:16+00:00,High,General public / patients,3,en
GOV_KENYA_NEWS_AGENCY_0049,Health,Healthcare Access,"Senator calls for crackdown on political goonism ahead of elections. Nakuru Senator and Deputy Majority Leader Tabitha Karanja has called on security agencies to dismantle organised political goonism, warning that rising cases of violence and intimidation could undermine Kenya’s democracy and peaceful campaigns ahead of the 2027 General Election. Speaking during an engagement with opinion leaders at her Naivasha residence, Karanja said incidents of violence witnessed during church events, political rallies and campaigns had continued to increase despite government assurances that perpetrators would face legal action. Her remarks come after the Ol Kalou by-election, where reports of violence, intimidation and disruption attracted condemnation from leaders across the political divide. During the election exercise, rival supporters reportedly clashed in several areas, leaving some people injured, while journalists covering the poll said they were harassed by suspected goons. Karanja alleged that individuals involved in the chaos had planned their actions in advance and that their identities were already known. She urged security agencies to take decisive action against those behind political violence, saying failure to act could encourage criminal groups and weaken public confidence in democratic institutions. “I urge Interior Cabinet Secretary Kipchumba Murkomen and Inspector-General of Police Douglas Kanja to be honest with Kenyans and arrest these criminals once and for all because they are well known to the people,” she said. The senator warned that continued political violence could also affect the economy by discouraging investors and creating uncertainty, undermining efforts to build a stable environment for businesses. She said leaders sponsoring violence risked damaging the country’s reputation and threatening the government’s commitment to promoting economic growth. Karanja also attributed the ruling United Democratic Alliance (UDA) party’s defeat in the Ol Kalou by-election to what she described as arrogance and excessive confidence among some leaders within the party. She claimed that despite heavy investment in the campaign, voters rejected the party’s candidate because of what she termed as displays of arrogance, violence and offensive political rhetoric. “It is time the President reconstituted his inner circle because the current one is tarnishing his name and is responsible for the loss in Ol Kalou,” she said. Karanja warned that the party’s image was being damaged and could lead some leaders to consider shifting allegiance ahead of the next General Election. She accused some politicians of promoting vote buying, intimidation and divisive politics instead of engaging voters through meaningful discussions on development issues. The senator condemned alleged harassment of journalists during the Ol Kalou by-election, saying media practitioners play a critical role in informing the public and should be allowed to carry out their duties without interference. She said attacks against journalists undermine constitutional guarantees on media freedom and weaken accountability during electoral processes. Karanja further criticized the use of young people to perpetrate violence during political activities, saying youths should instead be empowered through employment opportunities, skills development and economic support. By Erastus Gichohi and Beatrice Wanjiku",,,https://www.kenyanews.go.ke/senator-calls-for-crackdown-on-political-goonism-ahead-of-elections/,2026-07-21T17:55:11+00:00,High,General public / patients,6,en
GOV_KENYA_NEWS_AGENCY_0051,Health,Healthcare Access,"Kirinyaga trains 2,000 farmers on high-yield maize varieties. More than 2,000 farmers in Kirinyaga County have been trained on high-yielding maize varieties under a county government programme aimed at increasing maize production, strengthening dairy farming and preparing farmers to take advantage of the anticipated El Niño rains. The training, conducted in partnership with Bayer East Africa Limited, equipped farmers with practical knowledge on selecting maize varieties suited to different ecological zones and planting seasons, climate-smart farming practices and available market opportunities to improve productivity and household incomes. The initiative is being implemented under Governor Anne Waiguru’s Masomo Mkulima Mashinani programme, which delivers agricultural extension and advisory services directly to farmers across the county. Speaking during the training, Governor Waiguru said the programme enables extension officers to conduct practical demonstrations on crop and livestock value chains, helping farmers adopt modern technologies that enhance productivity, resilience and profitability. “This support is part of the Wezesha Kirinyaga programme, which seeks to transform the lives of smallholder farmers by supporting households engaged in various agricultural value chains to increase production and access better markets,” she said. Waiguru said the county government would continue investing in value addition, post-harvest handling and market access to protect farmers from price fluctuations and exploitation by middlemen. “Our next phase is about sustainability, ensuring every farmer continues to grow their income and every village becomes part of Kirinyaga’s agricultural success story,” she added. During the training, farmers were introduced to improved maize varieties, including DK777, DK8031, DKC8033, DKC9089 and the newly promoted DK7500, a yellow maize variety recommended for both grain production and silage to support dairy farming. County Executive Committee Member for Agriculture Dr. John Gachara said the programme is supported by 147 agricultural extension officers deployed across all sub-locations to provide technical support, monitor crop performance and collect field data to strengthen extension services. He said similar training programmes are being rolled out across other agricultural value chains to improve productivity and increase farm incomes. Dr. Gachara explained that the county introduced the Masomo Mkulima Mashinani programme after realising that many farmers were unable to travel to the Agricultural Technical and Vocational Education and Training (ATVET) Centre at Kamweti in Karumandi Ward for training. To bridge that gap, the county established the Kangai Tomato Propagation Centre as an extension of the Kamweti facility, enabling farmers to access practical training closer to their homes. He said the county remains committed to ensuring farmers have access to quality seed, practical knowledge and reliable markets, noting that the partnership with Bayer has enabled farmers to learn about improved seed varieties while the county works to expand market opportunities. Dr. Gachara added that the county is monitoring maize performance across different ecological zones to determine the suitability of various seed varieties and farming practices. The findings will guide future extension services and help farmers make informed production decisions. Bayer East Africa trainer Peter Kibure said the training was designed to help farmers understand the characteristics of different maize varieties and select seed best suited to prevailing weather conditions and intended use. He said farmers were introduced to DK7500, a high-yielding yellow maize variety containing about 12 percent protein, making it suitable for both grain production and silage for dairy cattle. The variety also contains beta-carotene and has demonstrated strong performance under favourable rainfall conditions. Kibure said the anticipated El Niño rains present an opportunity for farmers to maximise production by planting varieties that perform well under wetter conditions. Farmers who attended the training welcomed the initiative, saying it had equipped them with practical skills to improve production and increase incomes. Christopher Wanjohi said the programme had provided valuable knowledge that would enable farmers to achieve higher yields and improve their livelihoods. Jane Wambui of Kerugoya Ward said the county’s agricultural training programmes had transformed her maize farming since 2022 by helping her adopt improved seed varieties with better yields. She said she had previously planted low-performing maize varieties but had recorded better harvests after switching to recommended seeds and expressed confidence that the newly introduced DK7500 would further improve maize production across the county. By Mutai Kipng’etich",,,https://www.kenyanews.go.ke/kirinyaga-trains-2000-farmers-on-high-yield-maize-varieties/#respond,2026-07-20T15:21:38+00:00,Normal,General public / patients,1,en
GOV_KENYA_NEWS_AGENCY_0052,Health,Maternal and Child Health,"Kemei urges hospital deliveries to reduce infant mortality. Kericho Woman Representative Beatrice Kemei has called on expectant mothers to embrace hospital deliveries, saying access to skilled birth attendants remains one of the most effective ways of reducing infant mortality and safeguarding the health of both mothers and newborns. Speaking during a funeral service at Kericho Golf Club, Kemei said although Kenya has made significant progress in reducing child mortality, preventable deaths during childbirth continue to occur because some mothers delay seeking medical care or opt for home deliveries. She noted that many childbirth-related complications can be effectively managed in well-equipped health facilities where skilled healthcare professionals, emergency obstetric services and newborn care are readily available. “We want to get rid of infant mortality. Let us improve our hospitals and encourage women to give birth in hospitals. We still have cases where complications during childbirth claim the lives of babies, yet many of these deaths can be prevented through skilled care,” said Kemei. She observed that hospital deliveries guarantee access to qualified medical personnel who can provide emergency obstetric care, newborn resuscitation, postnatal monitoring and timely referrals whenever complications arise. The Woman Representative also called for continued investment in maternity infrastructure, adequate medical equipment and the recruitment of skilled healthcare workers to strengthen maternal and newborn healthcare services across Kericho County. Kemei said protecting the lives of mothers and newborns requires collective responsibility, urging families and communities to support expectant mothers throughout pregnancy by encouraging regular antenatal clinic attendance and ensuring they deliver in health facilities. Kericho County has continued to register steady improvements in maternal and child health, reflecting sustained government investment in healthcare services. According to the latest Kenya National Bureau of Statistics County Statistical Abstract, the county’s infant mortality rate stands at 25 deaths per 1,000 live births, compared to 37.8 deaths per 1,000 live births recorded in earlier estimates. The county also reports an under-five mortality rate of 32 deaths per 1,000 live births, placing it below the national average. The gains have been attributed to expanded antenatal and postnatal care services, increased uptake of skilled birth attendance, improved immunisation coverage and strengthened community health programmes. Data from the 2022 Kenya Demographic and Health Survey indicates that most births in Kericho are attended by skilled health providers, while childhood immunisation coverage remains among the highest in the country, contributing to improved survival rates for infants and young children. Despite the progress, health experts caution that the neonatal period—the first month after birth—remains the most vulnerable stage for newborn survival. Premature birth, birth asphyxia, infections and delayed access to emergency obstetric care continue to account for a significant proportion of infant deaths, underscoring the need for expectant mothers to seek skilled medical care throughout pregnancy and during delivery. Kemei stressed that eliminating preventable infant deaths will require close collaboration between government, healthcare providers, communities and families to ensure pregnant women receive quality maternal healthcare services. She said sustained public awareness campaigns, improved healthcare infrastructure and increased access to skilled birth attendants will play a critical role in improving maternal and child health outcomes. The government’s continued investment in modern maternity facilities, expansion of community health services, recruitment of skilled healthcare workers and implementation of the Social Health Authority is expected to further strengthen maternal and newborn healthcare in Kericho County. As Kenya works towards achieving the Sustainable Development Goals on maternal and child survival by 2030, health stakeholders continue to encourage expectant mothers to utilise antenatal services and deliver in health facilities to give every child a healthier start to life. By Gilbert Mutai",,,https://www.kenyanews.go.ke/kemei-urges-hospital-deliveries-to-reduce-infant-mortality/,2026-07-20T13:23:52+00:00,High,General public / patients,5,en
GOV_KENYA_NEWS_AGENCY_0053,General,Uncategorized,"Homa-Bay. The government has issued a stern warning against increasing cases of defilement and goonism in Ndhiwa East, Homa Bay County, saying offenders will face the full force of the law. Speaking",,,https://www.kenyanews.go.ke/category/county/hby/,2026-07-19T15:53:02+00:00,High,General public,1,en
GOV_KENYA_NEWS_AGENCY_0055,Health,Mental Health Awareness,"Kenya rallies region to strengthen climate services. By N, KNA The government of Kenya has urged stronger regional cooperation in climate services to address worsening climate shocks across the Horn of Africa. Speaking at the official opening of the 71st Greater Horn of Africa Climate Outlook Forum (GHACOF71) in Nairobi, Cabinet Secretary (CS) for Environment, Climate Change and Forestry, Dr. Deborah Barasa, noted that climate extremes such as droughts, floods and erratic rainfall continue to undermine food security and economic growth in the region. “This year’s theme: Climate Services for Bridging the Early Warning Gap Together, speaks directly to the urgent challenges facing our region, therefore, governments must act collectively to ensure that timely and reliable climate information reaches communities, farmers, and decision-makers across all levels,” urged Dr. Barasa. The CS disclosed that Kenya has taken deliberate steps to institutionalize climate services by launching its National Framework for Climate Services (NFCS) in March 2025. She further thanked Intergovernmental Authority on Development (IGAD), Climate Prediction and Applications Centre (ICPAC), and development partners for their continued support and pledged that Kenya would continue championing regional cooperation in climate services. “With shared commitment and collaboration, we can overcome the climate challenges that confront us,” she assured. The CS reiterated that the country is committed to making climate services part of government decision-making systems. “Forecasts must translate into actionable data that support communities to plan and safeguard their livelihoods. The framework also contributes to the implementation of Kenya’s National Adaptation Plans and aligns with Vision 2030,” she stressed. In addition, Dr. Barasa urged governments and development partners to build on the momentum of the forum stating, “The Regional Framework for Climate Services is not just a policy document. It is a transformative tool for resilience, offering tailored climate services that save lives, drive sustainable development, and ensure a climate-resilient Africa”. The Principal Secretary (PS) for Environment and Climate Change, Dr. Eng. Festus Ng’eno, disclosed that the NFCS represents Kenya’s determination to narrow the early warning gap by institutionalizing timely, sector-specific climate data delivery. He noted that this would empower local authorities and communities to act upon forecasts, reducing disaster risks and protecting livelihoods. “We must ensure that climate information is not confined to research papers and institutions, but is accessible at the grassroots level. Every farmer should be able to make decisions based on credible climate data,” urged Dr. Ng’eno in a speech delivered on his behalf by the Secretary Environment Selly Kimosop. The PS added that the government has prioritized investments in capacity building, monitoring networks and research to sustain the framework, stressing that these efforts would also contribute to the broader regional agenda of harmonizing climate services. Speaking at the event, IGAD Deputy Executive Secretary, Mohamed Abdi Ware, commended the Government of Kenya for hosting the forum and for demonstrating leadership in strengthening climate resilience. He observed that climate shocks do not respect borders and require governments across the Horn of Africa to work in unity. “Droughts, floods and pests are not confined to one country. They cross borders and affect millions of people across this region. The only way we can effectively confront these challenges is by pooling our knowledge, resources, and technical capacities,” advised Ware. Additionally, he underscored the role of ICPAC as IGAD’s designated regional climate centre, which has for decades provided scientific analysis, forecasts, and climate information for the region. “One of the most powerful tools we have is collective knowledge. When it is timely, reliable, and accessible, it saves lives. But when it fails to reach the last mile, the consequences are devastating,” he remarked. Ware also highlighted the importance of translating climate science into actionable policies that governments can adopt asserting that governments must lead in ensuring climate information is applied where it matters most. “Climate services must not remain in the hands of experts alone. They must be useful to farmers, pastoralists, business people, and governments at the local and national levels,” argued. In his remarks, Kenya Meteorological Department (KMD) Acting Director, Edward Maina Muriuki, affirmed that the department is committed to working closely with IGAD and ICPAC to improve the accuracy and timeliness of forecasts. “Climate change and extreme weather are no longer distant threats but present realities. Governments must be ready to act. Through collaboration with ICPAC, we are improving early warning services so that decision-making is based on accurate forecasts,” voiced Muriuki. He disclosed that KMD will convene the National Climate Outlook Forum in the coming weeks, with the outcomes cascaded to counties through County Climate Outlook Forums. These initiatives, he said, bridge the gap between scientists and communities by ensuring climate information reaches those most affected. Meanwhile, the forum brought together ministers, senior government officials, climate scientists, development partners, and representatives from 11 IGAD member states. The delegates validated the Regional Framework for Climate Services (RFCS), which will harmonize climate services delivery across the region and provide a roadmap for collective resilience. Delegates at the forum further noted that Kenya’s NFCS provides a model for other countries in the Horn of Africa seeking to establish similar frameworks. The discussions also reaffirmed the need for governments to ensure political endorsement of the RFCS to guarantee its implementation. The framework, developed with the support of the IGAD Climate Prediction and Applications Centre (ICPAC), is designed to strengthen observation networks, improve data sharing, and ensure that climate information is effectively applied in agriculture, water, health, energy and disaster management.",,,https://www.kenyanews.go.ke/kenya-rallies-region-to-strengthen-climate-services/#respond,2026-07-17T17:56:32+00:00,High,General public / patients,6,en
GOV_KENYA_NEWS_AGENCY_0056,Health,Mental Health Awareness,"Government unveils historic health disability policy. The Ministry of Health has officially launched the Health Sector Disability Mainstreaming Policy to ensure that all healthcare facilities across the country are fully inclusive and accessible to persons with disabilities (PWDs). The policy, which has been under development for over six years, targets physical, institutional, and attitudinal barriers within public, private, and faith-based healthcare facilities. Speaking during the launch in Nairobi, Principal Secretary for the State Department for Public Health and Professional Standards, Mary Muthoni, emphasized that disability mainstreaming was a fundamental commitment to human dignity rather than a mere policy narrative. “For too long, the narrative around disability has been one of limitation,” PS Muthoni stated. “Today, by integrating disability perspectives directly into our health system, we are decisively shifting that narrative. We are moving away from exclusionary models towards a system that guarantees equitable access for all Kenyans.” To ensure immediate execution, the ministry fast-tracked both the policy and its operational guidelines simultaneously. “We are not going to have it sit on the shelves waiting for implementation guidelines,” Muthoni said, adding, “We want to hit the ground running.” Ministry of Health’s Head of Rehabilitative Services Ms. Irene Gichohi called for immediate compliance across all healthcare sectors. “The idea is that, from the very beginning, we should design services, infrastructure, and equipment that are universally accessible,” she said, stressing that institutions should avoid relying on makeshift, retrofitted adjustments after facilities are built. Gichohi welcomed the collaboration that made the document’s launch possible after a long six-year journey. Following Gichohi’s remarks, the government highlighted its plans to integrate Community Health Promoters (CHPs) to identify, assess, and refer PWDs within their neighborhoods. Muthoni revealed that plans are underway to incorporate disability mainstreaming into the CHP training curriculum. “It is not just about identification of who is unwell or who is disabled,” the PS explained. “It is equally an opportunity to ensure that we prevent disability from happening, right from conception.” Representing the National Council for Persons with Disabilities (NCPWD), Senior Disability Services Officer Mr. Isaac Manyonge highlighted the everyday hurdles PWDs face, ranging from inaccessible registration desks to a lack of sign language interpreters in hospitals. “Article 54 of our Constitution speaks about the right of a person with a disability to access institutions and the facilities within them.” Manyonge noted, explaining, “It is one thing to access an institution, and it is another to access the actual facilities inside.” Manyonge emphasized the need for disability etiquette among healthcare providers, noting that medical professionals must understand that PWDs require equal respect and dignified care. He added that the policy also seeks to leverage CHPs to collect reliable demographic data, which will help reform medical procurement to include disability-specific treatments and assistive devices. Under the Social Health Authority (SHA), the government is tailoring specific benefit packages to cover essential assistive devices and rehabilitative services. PS Muthoni also reaffirmed the government’s commitment to enforcing a two percent public procurement quota specifically for PWD-owned enterprises. “Disability is a club that anyone can join at any time of life,” Manyonge said. “This policy is about all of us, protecting those who have disabilities today, and those who may acquire them tomorrow.” By Lilian Gichohi",,,https://www.kenyanews.go.ke/government-unveils-historic-health-disability-policy/#respond,2026-07-18T14:53:41+00:00,Normal,General public / patients,4,en
GOV_KENYA_NEWS_AGENCY_0057,General,Uncategorized,"Education. Political leaders, school managers, teachers, parents and communities have been urged to strengthen collaboration to improve education standards and ensure learners are equipped with the knowledge and skills required to",,,https://www.kenyanews.go.ke/category/education/,2026-07-21T15:22:41+00:00,Normal,General public,2,en
GOV_KENYA_NEWS_AGENCY_0058,Agriculture,Agricultural Training,"Legislator prioritizes technical training for Tinderet residents. Residents of Tinderet Sub-county are set to benefit from expanded access to Technical and Vocational Education and Training (TVET) following continued investment in training infrastructure by area Member of Parliament Julius Melly. The latest milestone is the completion of a one-storey tuition block at Tinderet Technical and Vocational Training College in Sigoria, alongside a modern Electrical and Electronics Workshop that is scheduled for commissioning later this week. The projects are expected to increase the institution’s training capacity, improve learning conditions and equip trainees with practical skills required in the labour market. Speaking during an inspection tour of the institution, Melly said the expansion is part of a broader strategy to strengthen technical education and provide young people with market-driven skills that respond to the needs of Kenya’s evolving economy. He said the investment reflects his commitment to ensuring that youth from the constituency can access quality technical education closer to home instead of travelling to institutions in other counties. “We are determined to make Tinderet a centre of excellence in technical and vocational education. Every young person deserves an opportunity to acquire practical skills that can enable them to secure employment or establish their own businesses. Investing in training institutions is one of the surest ways of tackling unemployment and accelerating economic transformation,” said Melly. The MP noted that the newly completed tuition block will provide additional classrooms, helping to ease congestion while creating a more conducive learning environment for the institution’s growing student population. He added that the Electrical and Electronics Workshop has been fitted with modern equipment that will enable trainees to acquire practical competencies aligned with current industry standards. According to Melly, strengthening TVET institutions is critical to producing graduates who are capable of creating employment opportunities rather than relying solely on formal jobs. “Our goal is to produce graduates who are job creators rather than job seekers. Technical institutions are the backbone of industrial growth because they provide the skilled workforce needed in manufacturing, construction, electrical installation, automotive engineering and other productive sectors,” he said. The legislator encouraged students who complete secondary education but are unable to join universities to consider technical institutions, saying vocational training offers competitive and rewarding career opportunities. He observed that the government’s continued support for TVET institutions is helping bridge the gap between classroom learning and industry requirements by placing greater emphasis on practical skills. Technical and Vocational Education advocate Joseph Kiprono welcomed the expansion, saying the additional facilities would significantly improve the quality of training offered at the college. He noted that the new infrastructure would increase the institution’s capacity to admit more students while enabling trainees to acquire practical competencies that are highly sought after by employers. Kiprono added that the improved facilities would support the implementation of competency-based training, which focuses on equipping learners with hands-on skills relevant to the labour market. According to the college administration, student enrolment has continued to rise as more young people recognise the value of technical education in securing employment and creating self-employment opportunities. The administration said improved infrastructure and modern workshops are expected to attract even more students from Nandi County and neighbouring regions. Students at the institution expressed optimism that the new facilities would enhance their learning experience and better prepare them for the workplace. Electrical engineering trainee Brian Kiprono said access to modern workshops is essential in helping students develop confidence and practical competence. “Modern workshops make learning more effective because we are able to practise what we learn in class. This gives us the experience required by employers and also enables us to start our own businesses after graduation,” he said. Another trainee, Faith Chebet, said the improved learning environment would encourage more young people, particularly women, to pursue technical courses that have traditionally attracted fewer female students. “We are happy to see these investments because they show that technical education is receiving the attention it deserves. More girls are now enrolling in engineering-related courses because they can see promising career opportunities,” she said. Local residents also welcomed the expansion of the institution, saying it would create more educational opportunities for young people while stimulating economic activity around Sigoria through increased demand for housing, transport, food and other services. Community elder Daniel Koech described the college as an important driver of development within the area, noting that technical education equips young people with practical skills that improve household incomes and reduce unemployment. “When young people acquire skills such as electrical installation, welding, plumbing, tailoring and information technology, they become productive members of society. This reduces unemployment and creates income for many families,” he said. The commissioning of the Electrical and Electronics Workshop later this week is expected to mark another milestone in the transformation of Tinderet Technical and Vocational Training College into a leading centre for skills development in Nandi County. Education stakeholders have praised continued investment in TVET institutions, saying strengthening technical training is critical to supporting Kenya’s industrialisation agenda, promoting innovation and equipping young people with the practical skills needed to compete in the modern economy. By Sammy Mwibanda",,,https://www.kenyanews.go.ke/legislator-prioritizes-technical-training-for-tinderet-residents/#respond,2026-07-20T17:33:00+00:00,Normal,Farmers,3,en
GOV_KENYA_NEWS_AGENCY_0061,Health,Mental Health Awareness,"Mutula Care offers hope to vulnerable families. The County Government of Makueni has launched a comprehensive health care initiative to cover at least 11,000 vulnerable households under the Universal Health Care (UHC) programme. The initiative dubbed Mutula Care and spearheaded by Makueni Governor Mutula Kilonzo Jr. intends to accommodate all the less fortunate members of the society in the county under the universal health cover. The launch was done by the County Executive Committee Member for Health Joyce Mutua at Wote Town Multi-Purpose Hall, Green Park in Makueni Subcounty on Thursday. Ms. Mutua disclosed that they had already registered 10,100 vulnerable families and paid annual Social Insurance premiums. She assured 1,000 households whose names were wrongly captured that they will be included in the programme adding the County government intended to increase the beneficiaries to 25,000 in due course. “We did target jointly with the community to identify the most vulnerable households. The government has paid annual premiums ranging between Sh3,600 and Sh15,000 per family. The insurance runs up to May, 2027, when it will be renewed,” she told the media. The CECM explained that the beneficiaries through the scheme will access outpatient and inpatient services at all public health facilities up to referral hospitals besides getting packaged maternity services, renal treatment, and mental health among other health care services provided under Social Health Insurance Fund (SHIF). She said previously the government used to do a lot of waivers to vulnerable families who were unable to pay for hospital bills. “Earlier, the government made waivers of huge amounts of money for patients who could not afford to pay for the services,” she said, adding that by ensuring payment for their insurance in advance, these needy patients will access health care without any hindrance. Mutua further said that each of the registered households will have parents and their dependents below 18 years covered and urged needy residents in the county to enroll in the scheme. She said free ambulance referral services took effect on July 1, 2026, explaining that patients referred to distant hospitals, including Kenyatta National Hospital and Kijabe Hospital, will be transported free of charge to lessen medication costs. By Patrick Nyakundi",,,https://www.kenyanews.go.ke/mutula-care-offers-hope-to-vulnerable-families/,2026-07-18T15:20:20+00:00,Normal,General public / patients,2,en
GOV_KENYA_NEWS_AGENCY_0062,Agriculture,Sustainable Farming,"Directorate reviews of public- private partnerships policy. The Directorate of Public-Private Partnerships (PPP), domiciled at the National Treasury and Economic Planning, has kicked off public participation forums to ensure community engagement, transparency, and stakeholder buy-in of its activities. The PPP Directorate is the technical arm of the PPP Committee at the National Treasury, mandated to facilitate, structure and manage infrastructure and development projects between the public and private sectors. Director General (DG) of the PPP Eng. Kefa Seda says that the forums provide a platform for citizens and stakeholders to review the legal instruments and submit their views before their finalization. Eng. Seda said the nationwide public participation forums on the review of the PPP legal framework are officially underway. He said the consultative sessions that began on the 13th of July, 2026, run until July 29, 2026, and provide citizens and stakeholders an opportunity to review proposed amendments aimed at streamlining project procurement, enhancing transparency, and clarifying county government roles in PPP investments. The PPP DG said the public consultations cover the draft PPP (Amendment) Bill, 2026, and associated management regulations. The DG reaffirmed the government’s commitment to addressing the country’s huge infrastructure deficit through stronger collaboration with the private sector under the PPP initiatives. He said the objective of the public forums, besides fulfilling the requirements of the Constitution, was to accord an opportunity for citizens and stakeholders to review the PPP legal instruments and submit their views before finalization and submission to Parliament. Eng. Seda spoke to the press at the Kenya School of Government (KSG) Mombasa campus during a stakeholders and public participation forum. The Mombasa forum was attended by relevant public and private sector stakeholders drawn from Mombasa, Kilifi, Lamu and Tana River counties. One of the major PPP projects in the coastal region is the Sh. 12.5 billion Galana-Kulalu Food Security project. The Galana-Kulalu Food Security Project, which straddles Kilifi and Tana River counties, brings over 20,000 acres under production and is Kenya’s largest irrigation-based agricultural scheme. “We are calling on the citizens to join the public participation forums taking place across the country and share their views to help shape our PPP legal and regulatory framework,” said Seda. He added: ‘The participation and voice of all citizens matters and counts.’ Eng. Seda said PPPs are essential for funding mega projects because they relieve immense fiscal strain on national budgets while ‘’leveraging private sector expertise, innovation and efficiency. The PPP top official said by transferring financial and operational risks to private entities, the governments can deliver critical infrastructure like highways and energy grids faster and more efficiently. Eng. Seda said the world over, governments and development institutions heavily utilize the PPP model to bridge infrastructure funding gaps. “The PPP funding model remains a viable option to the country’s budgetary constraints,” he said, further underscoring the importance of collaboration between public and private sector players in advancing quality infrastructure development and driving sustainable economic growth. He said typically in PPP arrangements, the government and a private partner enter into a long-term contract to finance public assets that people often need in the infrastructure sector. “The PPP model allows the government to leverage private sector expertise and resources while minimizing financial risks and keeping costs down,” he said. Eng. Seda emphasized that the infrastructure sector is highly resource-intensive and requires massive capital which the government alone can’t handle since they place severe pressure on national budgets and public debt. By Hussein Abdullahi and Joan Kinuthia",,,https://www.kenyanews.go.ke/directorate-reviews-of-public-private-partnerships-policy/#respond,2026-07-18T13:07:05+00:00,Normal,Farmers,1,en
GOV_KENYA_NEWS_AGENCY_0064,Agriculture,Crop Production,"KFS opens Sh75 million centre to boost forest conservation. The Kenya Forest Service (KFS) has opened a Sh75 million GreenZones Development Support Project II Resource Centre at its headquarters in Nairobi, strengthening efforts to enhance forest conservation, institutional development and environmental sustainability. The facility, funded by the African Development Bank (AfDB), was officially commissioned on Tuesday by Chief Conservator of Forests (CCF) Alex Lemarkoko during a ceremony attended by government officials, development partners and faith leaders led by Africa Inland Church (AIC) Presiding Bishop Rt. Rev. Abraham Mulwa. Lemarkoko said the resource centre comes at a critical time when KFS is undergoing significant transformation through increased staffing, improved ranger training and expanded responsibilities in forest management and restoration. “Kenya Forest Service is undergoing an extremely unique period,” said Lemarkoko, noting that the institution’s workforce has grown from about 3,000 to more than 6,000 employees. He said the increased workforce has been accompanied by improved ranger training and recruitment of technical officers and cadets to strengthen the country’s capacity in managing forest resources. The CCF said KFS is leading efforts to achieve Kenya’s national target of attaining 30 per cent tree cover by 2032 through expansion of tree nurseries and production of quality seedlings for restoration programmes across the country. He added that the agency has strengthened partnerships with government institutions, development organisations and communities to accelerate forest restoration and promote sustainable environmental conservation. Lemarkoko commended the African Development Bank for supporting infrastructure development, forest restoration initiatives and livelihood programmes targeting communities living near forests. He said the partnership has contributed to improved conservation outcomes while supporting household incomes among communities dependent on forest ecosystems. The CCF also announced that KFS is finalising a Memorandum of Understanding with the African Inland Church to provide chaplaincy services for staff, saying the partnership will enhance employee welfare and support the institution’s conservation mandate. He urged Kenyans, especially young people, to embrace tree growing and understand the importance of protecting forests for current and future generations. “We have agreed to plant trees across the country because our young people must understand why we grow trees, how they benefit from them and the role they play in conserving the environment,” he said. AIC Presiding Bishop Rt. Rev. Abraham Mulwa challenged KFS to strengthen public awareness campaigns on forest conservation, saying access to information is essential in encouraging communities to protect natural resources. “Please give people the opportunity to understand how to protect, keep and maintain our forests. When information is shared, people become part of the solution,” Mulwa said. The bishop encouraged Kenyans to protect trees and the environment, noting that forests play a vital role in supporting human health, biodiversity conservation and climate resilience. The commissioning of the facility also marked the dedication of the new resource centre, which replaced an earlier building that was destroyed by fire three years ago. KFS Commander Mohamed Adam Mohamed thanked the government, AfDB and KFS management for supporting the reconstruction of the facility, saying it would serve as an important centre for staff training, environmental education and conservation programmes. He said the centre would enhance the capacity of KFS officers while providing a platform for knowledge sharing and strengthening forest management initiatives. The opening of the resource centre comes ahead of the International Day for the Conservation of the Mangrove Ecosystem, with KFS renewing its call for Kenyans to plant and protect trees across all ecosystems. ByZipporah Odionyi and Sharon Njeru",,,https://www.kenyanews.go.ke/kfs-opens-sh75-million-centre-to-boost-forest-conservation/,2026-07-21T15:27:36+00:00,Normal,Farmers,5,en
GOV_KENYA_NEWS_AGENCY_0066,Health,Mental Health Awareness,"Ministry of Interior honors grassroot peace crusader, Wilson Tonapa. By A, KNA A grassroot peace crusader in West Pokot County, elder and businessman, Wilson Tonapa has been honored for his outstanding contribution in fostering community harmony, unity and peaceful coexistence in the North Rift region. The recognition ceremony held at a popular hotel in Makutano Town, West Pokot County, brought together dignitaries from across the region. Attendees included officials from the Ministry of Interior and National Government Coordination, officials from the Jamhuri Kenya Awards, county government officials, local elders, the clergy, and community members drawn from as far as Turkana, West Pokot, Baringo, Elgeyo Marakwet, and the Pokot community of Uganda. During the colorful occasion, Senior Assistant Secretary, at the National Steering Committee on Peacebuilding and Conflict Management Clause Obote, who represented the Secretary Peacebuilding and Conflict Management, Madam Josephine Onunga who was the chief guest, praised Wilson Tonapa for his consistent commitment to grassroot peacebuilding through the Lonapa Peace Foundation. In the message, Onunga commended Tonapa for strengthening grassroots peace initiatives across the North rift region and noted that the forum’s theme “Unity in Diversity: Strengthening Grassroots Peace Networks,” was timely and profound. She said the theme underscored the Ministry’s shared responsibility to adopt innovative peace approaches that are responsive to community concerns and the evolving nature of conflict in Kenya. Kenya’s diversity, she noted, should be viewed as a source of strength rather than division, adding that when positively harnessed, the country’s rich cultural and religious plurality provides a strong foundation for resilience, stability, and shared prosperity. Onunga observed that peace is not only a social imperative but also a critical enabler of development, contributing directly to the realization of the Government’s Bottom-Up Economic Transformation Agenda (BETA) and the attainment of the Sustainable Development Goals (SDGs). Peace and stability, she underscored, form the bedrock for inclusive development and meaningful socio-economic empowerment of citizens. She noted that frontier counties, including West Pokot and the wider North Rift region, occupy a strategic place in the national peace and security architecture. Onunga said while parts of the region have historically experienced security challenges ranging from resource-based conflicts and inter-communal tensions to cross-border dynamics and marginalization they are also home to resilient communities whose traditions of dialogue and coexistence offer valuable pathways to sustainable peace. She also commended the progress recently witnessed in the North Rift on matters of peace, regional stability, and inter-communal cohesion, noting that such gains were worth celebrating. She reaffirmed the Government’s commitment to promoting peace, security, and social cohesion across all corners of the country, emphasizing the vision for community policing partnerships. Onunga stressed that sustainable security cannot be achieved through enforcement alone, noting that security is most effective when it is people-centered, preventive, and rooted in trust between citizens and the state. The forum celebrating the peace efforts of the Lonapa Peace Foundation, she said, provided an important opportunity to deliberate on sustainable security strategies and community-driven approaches to peace and stability. She further said the department remains dedicated to working closely with the county governments, civil society, and community leaders to strengthen coordination, enhance early warning mechanisms, and support locally anchored solutions to conflict. She concluded by expressing appreciation to the Tonapa for convening the award ceremony and for its continued service to peace-building efforts in the region. She also commended all peace champions past and present whose courage and dedication have contributed to the stability currently being witnessed, urging all stakeholders to move forward with renewed resolve, guided by the understanding that peace is a collective responsibility and that unity in diversity is the cornerstone of a stable and prosperous Kenya. Kubai Thuranira, CEO of Jamhuri Kenya Awards, said the organization visited the region to celebrate and recognize the impactful work Wilson Tonapa has been undertaking in the community. He emphasized the need to identify, support, and empower individuals and organizations involved in peace promotions and other positive initiatives. He noted that individuals like Tonapa, who passionately engage in development and peace-building efforts with visible impact, deserve support from government, partners, and well-wishers. Former Simat/Kapseret Ward Member of County Assembly (MCA) in Uasin Gishu County, Edwin Korir Maraswo, commended individuals who had voluntarily surrendered firearms and renounced banditry,urging them to take the lead in promoting peace and disarmament in historically volatile areas of the North Rift. He encouraged those who had reformed to integrate fully into society and called on young people who had abandoned crime to consider returning to school,noting that they have a bright future ahead. In his remarks, Wilson Tonapa, the award recipient, called on leaders to take decisive actions in championing peace and resisting forces that undermine peace and security. He emphasized the need for value-driven leadership, noting that insecurity erodes development and peaceful coexistence. Tonapa expressed humility and gratitude for the recognition, describing it not merely as a personal achievement but as a profound responsibility to continue advocating for peace and harmony within communities across the North Rift region. He urged community members and leaders to promote understanding, tolerance, and peaceful coexistence among diverse communities. Through the Lonapa Peace Foundation, he said, he remains committed to promoting peacebuilding and conflict resolution, inspiring young people and leaders to champion initiatives that strengthen community resilience, national unity, and social justice. He called upon leaders, government agencies, and organizations to support and collaborate in advancing peace efforts and peaceful coexistence. Wilson Tonapa has received two prestigious awards from Jamhuri Kenya Awards, In 2024, he was honored as Humanitarian Activist Champion of the Year during an event held at the Taifa Hall, University of Nairobi. In 2025,he was nominated and recognized as a Peace Ambassador-Great Rift Valley region, in acknowledgement of his outstanding contribution and impact in promoting grassroot peace and satbility, during an award ceremony held at Argyle Grand Hotel on November 22, 2025. End/Award/Mwangi/Ongaga Caption photos IMG- 5001 Wilson Tonapa, an elder and businessman in West Pokot (Fifth from left) receives his trophies in recognition of his outstanding impact and excellence in peacebuilding effort across the North Rift region. Photo caption by Parklea Ivor IMG- 5002 Wilson Tonapa, an elder and businessman (Fifth from left) receives his trophies in recognition of his outstanding impact and excellence in peacebuilding effort across the North Rift region. Photo caption by Parklea Ivor",,,https://www.kenyanews.go.ke/ministry-of-interior-honors-grassroot-peace-crusader-wilson-tonapa/,2026-07-17T18:26:41+00:00,High,General public / patients,5,en
GOV_KENYA_NEWS_AGENCY_0067,General,Uncategorized,"December,. By S, KNA The Kenya Meteorological Department (KMD) has advised Kenyans to brace for a drier day as the October-November –December short rains come to an end. The department has also urged",,,https://www.kenyanews.go.ke/category/december/,2026-07-17T18:19:05+00:00,Normal,General public,2,en
GOV_KENYA_NEWS_AGENCY_0068,Health,Disease Prevention and Control,"Kakamega opts for low-cost climate smart agriculture. An international non-governmental organization, Ripple Effect, is encouraging farmers in Kakamega County to embrace agro-ecology, sustainable and climate-smart agriculture to lower production costs and boost yields and soil fertility. During a smallholder farmers’ field day held at Emathayi, organized by Ripple Effect in collaboration with Vivamos, a Swiss organization and the Kenya National Farmers Federation (KENAFF), farmers learned practical and easy-to-access technologies to improve food security, restore soil health and support the transformation of rural livelihoods. Farmers, agricultural experts and agricultural officials attended the event where live demonstrations were conducted on making suitable homemade organic fertilizers, making keyhole gardens, fertility trenches, preservation of indigenous seeds, bee farming, and making of Black Soldier Fly larvae as inexpensive manure for poultry industries. Speaking at the event, the Kakamega County Executive Committee Member for Agriculture, Mophat Mandela, said the County is encouraging farmers to practice climate-smart agriculture to lower production costs for farmers and boost soil fertility and yields. “Overdependence on costly farm inputs has become a serious load to many farmers; locally made organic fertilizers with biodegradable waste is a sustainable alternative,” he added. He highlighted the fact that the soils in the county are facing acidity and low levels of essential nutrients in the soil but added that these new techniques are improving because the farmers have adopted homemade fertilizers and commercial farming. “While agricultural production continued to improve substantially in the past decade, more measures are needed to attain food security and improve farmers’ incomes,” he added. Mandela suggested that farmers integrate the application of both organic and conventional fertilizers, as needed, to increase soil fertility and promote budding agripreneurs to lend a helping hand to fellow farmers by organizing peer-to-peer learning opportunities. He said the county has employed extension officers in all the wards and sub-counties to serve their best interests, also urging them to collaborate more with the farmers for improved agricultural production. Ripple Effect Country Manager Isaac Ogutu said the organization was promoting agro-ecological farming, which was centered on providing higher output in order to sustain the environment for posterity. “The farmers should put into practice the knowledge they have learnt on the field day and transfer their knowledge to people around them to help more farmers understand the sustainable agriculture techniques and practice them,” Ogutu stated. He also urged farmers to grow and conserve their original seeds, which are more resistant to climate changes, pests, diseases, and were better keepers of food and income. “Ripple Effect would increase farmer groups in order to have wide access to training and support systems based on the community,” Ogutu revealed. Habakuk Khamala, a representative of the KENAF, urged farmers to embrace new technologies in the farming process and indigenous farming, particularly technologies like keyhole gardens, fertility trenches that play a big role in crop production amidst changing climate conditions. “Farmers should embrace modern methods even when farming indigenous breeds,” Khamala said. Peer farmer trainer Reuben Malinja demonstrated how Black Soldier Fly larvae can be raised to feed low-cost chickens and farmers can optimally make use of organic waste in chicken farming, which would improve the profitability of the farms. “Farmers should join SACCOs and self-help groups and avail themselves for training, financing and modern farming technologies,” Benjamin Maina urged farmers. Maina also spoke about the economic and medicinal importance of beekeeping. Apart from the production of honey, the bees also generate an extra source of income to the rural households as they generate wax which would be utilized for the making of candles apart from other cottage industries. Another peer farmer trainer, Evelyne Karakacha, exhibited successful production of local vegetables such as cowpea leaves and jute mallow with home-grown organic fertilizers. “The farming of local vegetables using organic fertilizers has increased my productivity, while also lowering production costs,” Evelyne said. Another beneficiary, Esther Osimbo, said she transitioned from hardship to self-reliance after embracing the new farming techniques. “By learning and picking up the skills, I can now produce food, care for my husband who has a disability, and educate my children; this was something I had not been able to do before the training,” Osimbo said The programme has also enabled her to train other farmers, showcasing the far-reaching potential of knowledge transfer to boost opportunities and strengthen livelihoods in entire communities, she said. The field day climaxed with a renewed appeal to farmers to join farmers’ groups and encouraged them to accept climate-smart agriculture and adapt low-cost sustainable technology that can help create resilient farms for improved household income and long-term food security. By Paul Nyokech",,,https://www.kenyanews.go.ke/kakamega-opts-for-low-cost-climate-smart-agriculture/#respond,2026-07-18T14:58:49+00:00,Normal,General public / patients,4,en
GOV_KENYA_NEWS_AGENCY_0071,Health,Public Health Campaigns,"Modern ECDE centres transform learning in Lugari. For years, many children in Lugari Sub-County began their education in overcrowded classrooms with leaking roofs, inadequate learning materials and poor sanitation facilities. Today, that picture is gradually changing as the County Government of Kakamega continues investing in modern Early Childhood Development Education (ECDE) centres aimed at giving young learners a strong foundation. The transformation is evident at Munyuki Primary School in Lumakanda Ward, where a newly commissioned ECDE centre now offers spacious classrooms, a kitchen, clean water, modern sanitation facilities and a safe environment designed for children. The facility is among more than 61 ECDE centres that the county government is constructing across Kakamega County to improve access to quality early childhood education. Parents say the improved infrastructure has renewed confidence in public ECDE centres. Mary Naliaka, a parent from Lumakanda, says the new classrooms have greatly improved the learning environment for young children. “Previously our children were learning in old classrooms that became muddy whenever it rained. Today they have a clean, secure and child-friendly environment. We no longer worry about their safety because they are learning in classrooms that are suitable for their age,” she said. Peter Wekesa, another parent, says the county’s investment has encouraged more parents to enroll their children in public ECDE centres. “Many parents who previously preferred private nursery schools are now bringing their children here because the facilities have greatly improved. The classrooms are bright, the furniture is suitable for young learners and there is clean water. Our children are excited to attend school every day,” he said. The improved infrastructure is also translating into increased enrolment in public ECDE centres and in addition to improved learning facilities, school feeding programmes are enhancing learner attendance and retention. Education stakeholders say proper nutrition has become an important complement to the county’s investment in quality infrastructure, as well-fed learners are more likely to attend school consistently and perform better academically. A teacher at Munyuki Primary School says enrollment at the school’s ECDE section has continued to rise since the completion of the new classrooms, adding that better infrastructure and the availability of school meals have also improved attendance, learner participation and classroom interaction, making it easier to implement the Competency-Based Curriculum (CBC). County Executive Committee Member for Education, Science and Technology, Dr. Bernard Amwayi, says the county is constructing modern classrooms, providing age-appropriate furniture, improving sanitation facilities, and ensuring access to clean water besides recruiting qualified ECDE teachers to enhance the quality of early learning. “Our objective is to ensure every child begins school in a safe, stimulating and conducive learning environment. We believe quality education starts with quality infrastructure, competent teachers, adequate learning resources and proper nutrition,” noted Dr. Amwayi. He said the county continues to strengthen school feeding initiatives in ECDE centres because good nutrition supports children’s physical growth, cognitive development and overall learning outcomes. He added that improved infrastructure has contributed to increased enrolment in many public ECDE centres as more parents choose county-supported institutions. Governor Fernandes Barasa on his part maintains that the county remains committed to expanding access to quality early childhood education through sustained investment in ECDE infrastructure across all sub-counties. However, education officers note that although significant progress has been made, some ECDE centres still require additional classrooms, more teachers, learning materials and expanded playgrounds to accommodate the growing number of learners. Parents, on the other hand, have appealed to the county government to sustain the momentum by completing ongoing projects and extending similar investments to all ECDE centres in the region. By Linet Wafula",,,https://www.kenyanews.go.ke/modern-ecde-centres-transform-learning-in-lugari/,2026-07-18T11:44:02+00:00,Normal,General public / patients,3,en
GOV_KENYA_NEWS_AGENCY_0073,Health,Disease Prevention and Control,"Murkomen urges diaspora to invest in community health services. Kenyans living in the diaspora have been encouraged to complement government efforts in improving access to quality, affordable, and accessible healthcare services through investments in community health facilities. Interior Cabinet Secretary Kipchumba Murkomen made the appeal on Friday when he presided over the official opening of Kenyaluk Medical Centre in Salawa Division, Baringo Central Constituency. Murkomen said the diaspora community, alongside professionals in the country, plays a significant role in strengthening the health sector by supporting the establishment of modern medical facilities that serve local communities. The CS, who was accompanied by Housing Principal Secretary Charles Hinga, recognized the efforts of the family of Wilfred Kandie, a son of Kipsoit village based in the United States, for constructing the Level 3A medical facility. Murkomen said the hospital is a major investment that will benefit residents of Salawa, Baringo County, and neighbouring Elgeyo Marakwet County. “I have looked at the facility; it is a proper use of money. You can see the space and the modern equipment, and we need more of such facilities,” he said. The CS pledged to support the medical centre in acquiring additional facilities, including a theatre and inpatient services, to enable it to be upgraded to a Level 4 hospital and qualify for funding under the Social Health Authority (SHA). He encouraged more professionals to invest in similar projects, noting that even small initiatives can grow into important community assets in the future. Baringo Central Member of Parliament Joshua Kandie commended Kenyaluk Foundation for giving back to the community through the investment in healthcare. Kandie said the facility demonstrates the positive impact of diaspora contributions in transforming lives and accelerating development at the grassroots level. The founder of the medical centre said the project was inspired by a personal tragedy involving his late father, Mzee Kanyeluk Komen, who died eight years ago from an avoidable lifestyle disease. Kandie said the experience exposed the challenges faced by many residents, particularly men, who often delay seeking medical attention until their conditions become severe. “Most of our community members are seeking medical attention when it is too late, and that is the reality we cannot ignore,” Kandie said. He explained that the project was initiated in partnership with the Kenya Pipeline Foundation and other stakeholders to promote preventive healthcare and encourage early access to medical services. The facility will provide routine medical check-ups for residents while strengthening maternal and child health services within the area. Kandie said the medical centre would reduce the financial burden faced by patients suffering from lifestyle diseases who previously travelled long distances to seek treatment in Kabarnet, Iten, and Eldoret City. He added that plans are underway to expand medical outreach programmes to reach more residents within the surrounding communities. Murkomen said such investments are critical in supporting government efforts to improve healthcare delivery, especially in rural areas where access to specialized services remains a challenge. He urged more Kenyans, both locally and abroad, to consider investing in projects that directly improve the lives of communities. By Benson Kelio",,,https://www.kenyanews.go.ke/murkomen-urges-diaspora-to-invest-in-community-health-services/,2026-07-19T15:08:34+00:00,Normal,General public / patients,6,en
GOV_KENYA_NEWS_AGENCY_0074,Health,Public Health Campaigns,"Mung’ala Secondary School get new dining facilities. Learners at Mung’ala Secondary School in Machakos Town Constituency can now enjoy their meals in a better environment after they were handed a modern dining hall and kitchen. The improved dining facilities were constructed and funded from the National Government Constituencies Development Fund (NG-CDF) kitty. The project, commissioned on Friday, marks another milestone in efforts to strengthen educational infrastructure while easing congestion during meal times as well as improving the learning environment in public schools within the constituency. Speaking during the commissioning, Machakos Town Member of Parliament Caleb Mule Mutiso said investment in education infrastructure remains a priority in the constituency’s development agenda, noting that quality facilities contribute significantly to learners’ academic performance and overall well-being. “We are committed to transforming our schools by providing infrastructure that creates a conducive environment for learning. This dining hall is an investment in the future of our children and demonstrates our resolve to ensure every learner has access to quality facilities that support academic excellence,” said the legislator. Mung’ala Secondary School Principal Madam Joyce Kyalo lauded the NG-CDF and the area Member of Parliament for responding to the school’s infrastructure needs, saying the new facility will improve students’ welfare, accommodate a larger number and provide a safe, spacious and dignified environment during meal times. “This facility is a major achievement for our school community. It will enhance the welfare of our learners by providing adequate dining space while improving hygiene, order and efficiency during meal service, “she said. Chief Guest and Mwala Member of Parliament Vincent Kawaya commended the Machakos Town NG-CDF for prioritizing projects that directly impact learners, observing that investment in education remains one of the most effective ways of promoting sustainable national development. “Quality education begins with quality learning environments. Leaders should continue investing in projects that improve the welfare of learners because education remains the foundation upon which communities and the nation build their future,” said Kawaya. The commissioning ceremony was also attended by Yatta Member of Parliament Robert Basil. Masinga MP Joshua Mwalyo, Kangundo MP Fabian Kyule, Members of the County Assembly and other government officials. By Francis Muendo and Steven kimeu",,,https://www.kenyanews.go.ke/mungala-secondary-school-get-new-dining-facilities/#respond,2026-07-19T11:48:22+00:00,Normal,General public / patients,2,en
GOV_KENYA_NEWS_AGENCY_0075,Governance,Elections and Voter Education,"Mt Kenya East leaders push for greater share of national cake. ‎Leaders from the Mt. Kenya East region have renewed calls for greater economic and political empowerment, saying the region is seeking a stronger voice in national affairs to secure equitable allocation of resources and accelerate development. ‎Speaking during a funeral service at Kiang’ondu in Karingani Ward in Chuka Igambang’ombe Constituency, Tharaka Nithi County, Cabinet Secretary for Public Service, Human Capital Development and Special Programmes Geoffrey Ruku said the region’s campaign was aimed at strengthening its bargaining position within government and ensuring residents benefit fairly from national development programmes. ‎Ruku said leaders from the region had resolved to continue supporting the Kenya Kwanza administration, arguing that the decision was informed by the need to advance the area’s development agenda. He dismissed claims that the outcome of the Ol Kalou parliamentary by-election would influence the political direction of Mt Kenya East, saying the region had already made its political choice. ‎”The outcome of the Ol Kalou by-election does not concern us. Every region is free to make its own political decisions, but Mt. Kenya East has already made its choice. We will continue working with the government to advance the interests of our people,” said the cabinet secretary. ‎Ruku said the region had for many years lagged behind in infrastructure and other development indicators, citing what he described as disparities in road infrastructure, electricity connectivity and appointments to senior public offices between Mt. Kenya East and Mt Kenya West. He claimed that about 23 percent of road infrastructure was in Mt. Kenya East compared to 77 percent in Mt Kenya West, while electricity connectivity stood at about 30 percent in Mt. Kenya East against 70 percent in the neighbouring region. ‎The Cabinet Secretary said the region was now seeking increased government investment in infrastructure, public services and other development projects, adding that continued collaboration with the national government would help address the disparities. He urged residents to remain united in supporting the government’s development agenda, saying this would strengthen the region’s capacity to negotiate for more projects, investment opportunities and equitable distribution of public resources. Chuka/Igambang’ombe Member of Parliament Patrick Munene echoed the sentiments, saying leaders from Mt Kenya East would remain united in championing the welfare of residents and ensuring the region speaks with one voice on matters of development. Munene said time had come for the region to chart its own political direction while focusing on securing development projects that would improve the livelihoods of residents and argued that some parts of the region had experienced slower infrastructure development than others. He called for major road projects, including expansion of the Makutano-Isiolo and Chuka-Meru highways into dual carriageways to enhance transportation and economic growth. ‎” We must stand together and speak as one region so that our people receive a fair share of national development. We also want major infrastructure projects, including dual carriageways from Makutano to Isiolo and from Chuka to Meru, to spur economic transformation,” said Munene. By Dickson Mwiti and Christine Ngitori",,,https://www.kenyanews.go.ke/mt-kenya-east-leaders-push-for-greater-share-of-national-cake/,2026-07-18T11:29:21+00:00,Normal,Citizens / voters,3,en
GOV_KENYA_NEWS_AGENCY_0078,Health,Healthcare Access,"Business leaders, investors to gather for SME conference in Nairobi. Business leaders, policymakers, investors and industry experts are set to converge in Nairobi this week for the 3rd Annual SME Conference, Awards & Exhibition organised by the Kenya Private Sector Alliance (KEPSA). The two-day event scheduled for July 23–24, 2026, at the All Saints’ Cathedral Auditorium will be presided over by Chief Guest FCPA Dr. Wycliffe Ambetsa Oparanya, Cabinet Secretary for Cooperatives and Micro, Small and Medium Enterprises (MSMEs) Development. Held under the theme, “Beyond Survival: Building Smart and Resilient Businesses,” the conference is expected to bring together more than 2,500 delegates, including SME owners, policymakers, investors, development partners, financial institutions and industry specialists. The forum will focus on addressing key challenges affecting Kenya’s Micro, Small and Medium Enterprises (MSMEs), including access to finance, market opportunities, innovation, digital transformation and the creation of a supportive policy environment. MSMEs remain a critical pillar of Kenya’s economy, with an estimated 7.4 million enterprises employing about 15 million people and contributing approximately 40 per cent of the country’s Gross Domestic Product (GDP). Despite their contribution, many enterprises continue to face challenges such as limited access to affordable financing, changing market conditions, regulatory barriers and low levels of formalisation. According to KEPSA, the conference will provide practical solutions through discussions on access to finance and investment readiness, market access, trade opportunities, MSME capacity building, innovation, technology adoption and strategic partnerships. Participants will also benefit from keynote addresses, expert panel discussions and an exhibition featuring products, services and innovations from more than 250 exhibitors. The event will also host the MSME Innovation Challenge and MSME Enablers Awards, which will recognise 20 outstanding enterprises for their achievements and contribution to the sector. Other activities include business clinics offering entrepreneurs one-on-one advisory support and networking opportunities connecting SMEs with investors, financial institutions, policymakers and development partners. ByMichael Omondi",,,https://www.kenyanews.go.ke/business-leaders-investors-to-gather-for-sme-conference-in-nairobi/,2026-07-21T13:39:06+00:00,Normal,General public / patients,1,en
GOV_KENYA_NEWS_AGENCY_0080,Health,Healthcare Access,"West Pokot Set to host KICOSCA and KYISA Games. West Pokot County has set in motion preparations to host two of Kenya’s biggest inter-county sporting events after delegates from across the country expressed satisfaction with the county’s state of preparedness following a four-day inspection tour of sports facilities and accommodation venues. The delegation, comprising officials from the Kenya Inter-County Sports and Cultural Association (KICOSCA) and the Kenya Youth Inter-County Sports Association (KYISA), concluded an extensive assessment of venues that will host the 13th edition of the KICOSCA Games in November this year and the KYISA National Championships in April next year. The inspection culminated in a courtesy call on West Pokot Governor, Simon Kachapin, at his Kapenguria residence, where the governor welcomed delegates from the participating counties and invited them to become ambassadors of the county by sharing its positive story with the rest of the country. Governor Kachapin said hosting the two national competitions marks a historic milestone for West Pokot and presents a rare opportunity to showcase the county’s immense tourism potential, vibrant cultural heritage and remarkable development to thousands of visitors expected during the events. “This is more than just a sporting event. It is an opportunity for Kenyans to discover the true West Pokot. For many years, our county has been misunderstood and negatively stereotyped despite being one of the safest counties in the country according to national crime statistics,” said the governor. He noted that cases of cattle rustling and banditry frequently highlighted in the media occur only in isolated border areas inhabited by pastoral communities and do not reflect the prevailing security situation across the county. Kachapin assured athletes, officials and supporters that elaborate security arrangements have been put in place to guarantee their safety throughout the competitions. “Our preparations are in the final stages, funding has already been set aside and we are determined to host memorable games that will set a new benchmark for future editions,” he said. The governor encouraged visitors to take advantage of the competitions to tour the county’s numerous attractions, including the historic Kapenguria Museum, home of the famed Kapenguria Six, where Kenya’s founding President Mzee Jomo Kenyatta and fellow freedom fighters were detained during the struggle for independence. He also urged participants to explore the colonial law courts at Chewoyet National School alongside the county’s breathtaking landscapes and unique cultural heritage. As Chairperson of the Council of Governors’ Committee on Gender, Youth, Sports, Culture and Social Services, Kachapin underscored the unifying power of sports, saying they remain one of the strongest platforms for fostering national cohesion among the 47 counties. He further applauded the national government’s investment in sports infrastructure ahead of the 2027 Africa Cup of Nations (AFCON), which Kenya will co-host with Uganda and Tanzania, saying the developments have elevated the country’s sporting profile globally. National KICOSCA Chairman John Ang’awa, who led the inspection team, said the delegation was impressed by the progress made by the county government in upgrading sporting infrastructure and preparing facilities capable of hosting a national competition. “We have inspected the playing fields, indoor halls and accommodation facilities and we are satisfied with what we have seen. The county government has invested heavily not only in its own facilities but also in improving those owned by partner institutions such as schools. This demonstrates serious commitment towards hosting successful games,” said Ang’awa. He observed that devolution has played a significant role in accelerating development across counties and expressed confidence that West Pokot was ready to welcome participants from all parts of the country. KICOSCA Vice Chairperson and Technical Committee Chair Fred Onundu said the county is about 95 percent prepared, adding that the remaining works will be completed well before the competitions begin. “The facilities are adequate, both for outdoor and indoor disciplines. The technical team has been impressed by the level of preparation and we encourage all participating counties to intensify training because the stage is almost set,” said Onundu. He thanked Governor Kachapin for accepting to serve as patron of KICOSCA and urged counties to turn up in large numbers for the November games. The competitions are expected to attract more than 15,000 athletes, officials and supporters, creating significant business opportunities for hotels, restaurants, transport operators, entertainment providers and small-scale traders while boosting the county’s economy. County Executive Committee Member for Tourism, Culture, Gender, Social Services, Sports and Youth Affairs, Lucy Litole, hailed the county government’s commitment to hosting the two national events, saying the preparations demonstrate the administration’s determination to position West Pokot among Kenya’s leading sporting and tourism destinations. “We are proud that West Pokot has earned the confidence to host these prestigious championships. My department is fully committed to ensuring every visitor enjoys an unforgettable experience, from our hospitality and culture to the quality of the sporting facilities. We want every team to leave as ambassadors of our county,” she said. Litole expressed confidence in the county’s athletes, noting that West Pokot has consistently produced some of the country’s finest performers across various sporting disciplines. “Our players have continually excelled in different competitions, and as the host county, we are ready to showcase that talent once again. We promise visiting teams exciting, highly competitive games while ensuring they experience the warmth and hospitality that define West Pokot,” she added. The KICOSCA Games serve as a key qualification pathway for athletes seeking selection to represent Team Kenya at the regional East African Local Authorities Sports and Cultural Association (EALASCA) championships, while KYISA provides a national platform for talented youth aged between 18 and 23 years to showcase their abilities before scouts from professional clubs and national teams. For the first time in its history, West Pokot will host the prestigious KICOSCA Games, a development widely viewed as a defining moment that will place the county firmly on Kenya’s sporting and tourism map. By Parklea Ivor",,,https://www.kenyanews.go.ke/west-pokot-set-to-host-kicosca-and-kyisa-games/,2026-07-18T13:11:37+00:00,Normal,General public / patients,3,en
GOV_KENYA_NEWS_AGENCY_0081,Agriculture,Agribusiness and Market Access,"Multi-Agency operation busts suspect bhang trafficking network in Ruiru. A multi-agency enforcement team has intensified the fight against drug trafficking in Kiambu County after arresting a 27-year-old suspect linked to the sale of cannabis and cannabis-infused products in Ruiru Sub-county. The operation, which was conducted on Tuesday, July 14, led to the recovery of suspected narcotic substances, including six brownish cakes believed to contain cannabis, 34 cannabis-infused cookies, 230 rolls of dry plant material suspected to be cannabis, and 12 sachets containing similar dry plant material. Working on intelligence, the security crack team targeted two residential premises in Kahawa Wendani and Kahawa Sukari following complaints from members of the public over alleged sale of narcotic substances. Edward Tito, a legal officer with the Consumer Protection Organization (CPO), said the operation was conducted through a coordinated effort involving the National Authority for the Campaign Against Alcohol and Drug Abuse (NACADA), the National Police Service, CPO, National Government Administration Officers (NGAO), and public health officials. “One suspect was arrested at the second premises following a coordinated search conducted by the multi-agency team,” Tito said. He said the operation aimed at dismantling illegal sale and distribution of suspected narcotic products and warned that similar crackdowns would continue in areas where credible information is received. “This operation was intelligence-led and brought together several government agencies to disrupt the sale and distribution of suspected narcotic products. We will continue conducting similar enforcement operations wherever credible information is received,” he said. The suspect was initially booked at Kahawa Sukari Police Station before being transferred to Muthaiga Police Station. He was later arraigned in court where he faces charges related to drug trafficking as investigations continue. Tito further disclosed that enforcement teams had shifted focus to the Makongeni area in Thika Sub-county, where similar intelligence-led operations are underway. Beyond narcotics, the CPO official raised concern over an emerging trend involving unscrupulous traders repackaging expired consumer goods and returning them to the market. “We have noticed increasing cases of people repackaging and reselling expired drugs and food substances such as soft drinks, bread, flour and other fast-moving consumer goods found on retail shelves,” Tito said. He urged members of the public to remain vigilant and report suspicious activities involving narcotics or unsafe consumer products, noting that public information remains critical in dismantling illegal trade networks. The Consumer Protection Organization is a consumer rights advocacy body that works with government agencies to promote safe products in the market, protect consumers against unfair trade practices, and support enforcement efforts against counterfeit, adulterated, and unsafe goods. By Rose Muthoni and Grace Naishoo",,,https://www.kenyanews.go.ke/multi-agency-operation-busts-suspect-bhang-trafficking-network-in-ruiru/,2026-07-17T18:27:31+00:00,Normal,Farmers,3,en
GOV_KENYA_NEWS_AGENCY_0082,Health,Disease Prevention and Control,"Busia launches second Mpox vaccination phase as cases rises. The Busia County Department of Health will roll out the second phase of its Mpox vaccination campaign from July 17 to 26, targeting high-risk populations in an effort to curb the continued spread of the disease. The campaign will mainly focus on Matayos and Teso North sub-counties, which have recorded the highest number of infections due to their proximity to the Kenya-Uganda border and increased cross-border movement. Speaking after a stakeholders’ sensitization forum attended by representatives from religious groups, administrators, customs officers, sex workers, fish traders, boda boda operators and the transport sector, Matayos Sub-county Health Promotion Officer Kennedy Odhiambo said the vaccination exercise is aimed at reducing transmission and protecting vulnerable populations. “We are commencing the Mpox vaccination campaign, which will run from Friday, July 17 to July 26. The county has continued reporting Mpox cases, especially in Matayos and Teso North because of the border points and cross-border movements,” said Odhiambo. He noted that Busia has so far recorded 105 confirmed Mpox cases, an indication that community transmission is still ongoing. “There are cases that are being reported and so far in the county we have 105 cases. This clearly indicates that there is still transmission of Mpox which needs to be controlled,” he added urging residents to continue observing preventive measures alongside the vaccination campaign. “Our aim is to ensure the community is free from Mpox. We have been conducting sensitization to ensure people receive the right information and understand the measures they should practice to prevent infection,” he added. An officer from the Infectious Diseases Section, Joan Anyanga, said the campaign will prioritize Matayos and Teso North because they account for the highest number of reported cases. “The vaccination campaign will mainly be conducted in Teso North and Matayos sub-counties because they have experienced the highest number of infections. Matayos has reported 47 cases while Teso North has reported 29 cases, making them the most affected areas,” she said. Anyanga added that disease surveillance and screening remain active across the county to identify new infections early. “We have improved our surveillance and screening to identify cases and respond promptly. The vaccination targets people at risk, and we encourage the community to observe preventive measures, including regular handwashing and following all Ministry of Health guidelines to reduce community transmission,” she advised. Busia Municipality Assistant County Commissioner Calvin Monare on his part called on residents to cooperate with health workers and ignore misinformation surrounding the vaccine. “Vaccination is going to protect us. The disease is still with us, and my appeal is that we cooperate and ensure we get vaccinated. The vaccine is safe and has been approved by the relevant government agency. Let us not be distracted by misinformation and fail to protect ourselves,” he said. A beneficiary of the first phase of the vaccination campaign, George Luhoma, encouraged those eligible to receive the vaccine to do so saying he experienced no adverse effects. “Last year I received the Mpox vaccine and it was good for me. My appeal to those working at the border points is to prioritize getting vaccinated so that they remain safe. There are many myths surrounding this vaccine, but as someone who has received it, I can confirm it is safe,” he said. By Salome Alwanda /Rodgers Omondi",,,https://www.kenyanews.go.ke/busia-launches-second-mpox-vaccination-phase-as-cases-rises/,2026-07-17T18:10:34+00:00,Normal,General public / patients,5,en
GOV_KENYA_NEWS_AGENCY_0086,Health,Public Health Campaigns,"Over 1,600 Makueni households to benefit from Kwa Makau borehole. By P, KNA Makueni county governor Mutula Kilonzo Jr has officially commissioned Kwa Makau borehole in Mavindini Ward, Kathozweni Sub county, which was funded by the Charity Water Mission to the tune of Sh10.2 million. The project, implemented by Welt Hunger Hilfe (WHH),will benefit over 1,600 households in Katithi sub- location, Mavindini Ward, who will now access clean water for domestic and livestock use. “The water will be distributed to 15 villages, while one secondary and three primary schools will also access clean water for domestic use. This has effectively brought to an end the perennial acute water shortage in the area,” said Mutula, while commissioning the borehole at Katithi village. Among the schools that benefitted included Katithi, Mumberni and Mikisi primary schools and Katithi secondary school. On his part, head of project at WHH Makueni, Nicolas Kimeu said the key works of the project included the installation of a solar system to pump water, building of a 50m³ storage tank and laying of 12.5km of pipeline and construction of six kiosks, each installed with PVC tank. While saying they have implemented the project for the past one year, Kimeu disclosed that they had also constructed two ablution blocks at Katithi primary school for girls and teachers respectively. “I urge the community to own this project for sustainability and ensure it provides water for the next 10 years according to the requirement of the sponsor,” he said, while addressing the beneficiaries. Speaking at the same event, Mavindini Ward Member of County Assembly (MCA) Jonathan Kimongo challenged the area residents to safeguard the water infrastructure against vandalism. Present at the event was the County Executive for Water and Sanitation Eng. John Kieti and other county government officials.",,,https://www.kenyanews.go.ke/over-1-600-makueni-households-to-benefit-from-kwa-makau-borehole/,2026-07-17T17:56:44+00:00,Normal,General public / patients,1,en
GOV_KENYA_NEWS_AGENCY_0088,Agriculture,Crop Production,"Bamboo gives Vihiga farmers new hope as green enterprise takes root. In the rolling hills of Vihiga County, slender bamboo stalks sway gently in the morning breeze, symbolizing more than environmental conservation. They are becoming a dependable source of income, transforming livelihoods and offering farmers and artisans a sustainable crop that yields returns within a few years rather than generations. From baskets woven in village courtyards to furniture and household items displayed in showrooms, bamboo is steadily emerging as a valuable green enterprise. According to Atlas Reforestation Foundation Agribusiness Manager, Topysther Walusimbi, the organization realized that restoring forests alone was not enough if surrounding communities lacked alternative sources of income. “We plant trees and restore ecological zones, but after planting, what do we do with the communities around those forests? If we don’t provide them with sustainable livelihoods, they will eventually return to cut down the forests,” she said. This realization led to the establishment of Beyond Trees, the commercial arm of Earth Lungs, a non-profit conservation organization. Walusimbi said Beyond Trees operates several enterprises, including Earth Lungs Bamboo Industry Limited in Vihiga, Bush Honey in Nandi, Uyoga mushroom farming in Mombasa, alongside glass recycling, pottery, vegetable farming and goat rearing. “The idea is simple. Conservation cannot succeed without creating economic opportunities for communities,” she noted. She explained that bamboo has gained global attention because of its exceptional environmental and economic benefits. Unlike conventional timber trees, bamboo reaches maturity within three to five years, regenerates naturally after harvesting without requiring replanting, and absorbs significantly more carbon dioxide while producing more oxygen. “Bamboo behaves differently from most plants. Once harvested, the root system remains intact and new shoots emerge naturally, making it a renewable resource for decades,” she explained. Walusimbi added that bamboo is increasingly replacing plastics and slow-growing timber in various industries because of its versatility and rapid growth. She said different bamboo species thrive under different ecological conditions, with some suited for coastal areas while others perform best in highland regions such as Vihiga. However, processing bamboo into durable products requires specialized treatment. She explained that freshly harvested bamboo contains natural sugars that attract insects. Traditionally, manufacturers relied on chemical preservation methods that required drilling through each bamboo node before soaking the poles in preservatives for several weeks. Modern technology has significantly improved the process. “Today we use pressure carbonizer treatment where high-pressure steam removes sugars from the bamboo within four hours, making it insect-resistant and ready for manufacturing,” she said. Globally, bamboo has become an important crop in addressing climate change, soil conservation and water management. Research shows bamboo plantations reduce soil erosion on steep slopes, improve groundwater recharge and capture between 12 and 17 tonnes of carbon dioxide per hectare annually. The International Bamboo and Rattan Organisation estimates that increased use of bamboo products could help reduce global carbon emissions substantially by replacing materials such as steel, plastic and conventional timber. Kenya recognizes bamboo as a crop under the Crops Act, allowing farmers to cultivate and harvest it similarly to other agricultural crops. Some of the bamboo species grown in the country include Bambusa longinternode, Thyrsostachys siamensis, Dendrocalamus latiflorus, Dendrocalamus asper and Bambusa bambos. At Atlas Reforestation Foundation, the focus extends beyond planting bamboo to building an entire value chain. Business Manager Zwigyl Malesi said the organization distributes bamboo seedlings to farmers instead of maintaining large plantations. “We don’t own bamboo farms. We provide seedlings to farmers across the community. Once the bamboo matures after about five to seven years, harvesting begins, and after cutting, new shoots emerge within a few months,” she said. Although the bamboo processing factory became fully operational in 2023, the family’s involvement with bamboo dates back to 2012. “My father began growing bamboo around 2012. We started by planting it at home before distributing seedlings to farmers. Later, we established the factory after realizing the enormous potential of bamboo products,” Malesi said. She noted that the company sought to reduce dependence on imported bamboo products by utilizing locally available raw materials and supporting Kenyan artisans. “We realized many products imported from overseas can “We realized many products imported from overseas can actually be produced locally using bamboo while creating employment for our own people,” she said. Inside the Vihiga factory, bamboo undergoes several stages of processing. The harvested poles are first cut into uniform lengths before being split into strips. The strips are then smoothed by removing the nodes and later shaped into cylindrical rods. Depending on market demand, the rods are processed into food-grade skewers and toothpicks, biodegradable cotton bud sticks, curtain blinds and various furniture products. Despite the growing opportunities, Malesi acknowledged that bamboo farming and processing still face challenges. “Bamboo is delicate during its early stages. Farmers must follow planting instructions carefully because different species require different ecological conditions,” she said. She also noted that Kenya still lacks sufficient artisans with bamboo processing skills. “Most carpenters are trained to work with hardwood such as mahogany and oak. Bamboo requires different skills, so we have to train many of our workers from the beginning,” she explained. Currently, the Vihiga factory employs about 50 workers across different departments. At the company’s showroom, bamboo products continue attracting customers from within and outside the county. Showroom attendant Marion Kasorani said bamboo products are increasingly gaining popularity due to their affordability, durability and environmental friendliness. “It has created employment and supports many low-income earners. We receive customers from Vihiga and other parts of Kenya, as well as international visitors,” she said. Products on display include key holders, trays, coasters, phone holders, stools, beds, coffee tables and other household items made entirely from bamboo. Although many bamboo plantations in Vihiga are still maturing, Atlas Reforestation Foundation believes the long-term model is already proving successful by combining environmental conservation with income generation. For the organization, bamboo represents more than a conservation initiative. It offers communities an opportunity to protect forests while earning sustainable livelihoods, ensuring that economic development and environmental protection move hand in hand. By Convivian Khasoha",,,https://www.kenyanews.go.ke/bamboo-gives-vihiga-farmers-new-hope-as-green-enterprise-takes-root/,2026-07-21T18:20:26+00:00,Normal,Farmers,2,en
GOV_KENYA_NEWS_AGENCY_0089,Agriculture,Livestock Management,"Government commissions multi million shillings water dam projects in Tana River. For decades, residents of the remote interior of Tana River County have lived with a painful reality. Every dry season, families walked kilometres in search of water, children missed school, livestock perished and conflicts over scarce water sources became inevitable. That cycle may finally be coming to an end in parts of the vast Tana River County which experiences historic resource-based tensions pitting nomadic pastoralist communities against sedentary farmers over access to dwindling water points and grazing lands. Observers note that climate change and drought have severely exacerbated these seasonal disputes driving recurring cycles of violence. The national government has completed two earth-fill dams worth nearly Sh190 million in Tana North and Bangale sub-counties, a major investment expected to transform livelihoods for thousands of pastoralists in one of Kenya’s most drought-prone regions. Constructed under the Drought Mitigation and Flood Control Programme through the Coast Development Authority (CDA), the Miidi and Hambaresa earth-fill dams each have a storage capacity of 100,000 cubic metres. The projects are designed to improve access to water, strengthen climate resilience and enhance food and nutrition security in vulnerable communities that have long struggled with recurring drought. Speaking during the commissioning of the projects, Cabinet Secretary (CS) for East African Community Affairs, Arid and Semi-Arid (ASALs), and Regional Development Beatrice Askul Moe described the dams as proof that government investments are reaching the country’s most marginalized communities. “What I’ve come to witness is value for money. The services are reaching the most vulnerable and marginalized communities, especially pastoralists who depend on livestock for their upkeep. Seeing such an investment in the heart of Tana River shows that government development is reaching the people who need it most,” she said. CS Moe said the projects in underserved communities would spare families from the hardships that have forced pastoralists to migrate in search of water and pasture. She said during periods of drought, pastoralists are forced to walk longer distances in search of water and pasture for their livestock as such resources are increasingly dwindling. “The pastoralists move long distances looking for water; sometimes children are withdrawn from school because families cannot leave them behind and, in some cases, armed conflicts arise over access to water and grazing land,” she said. She went on ‘but now there is a glimmer of hope. The livestock will have water; communities will have clean water closer to their homes and their dignity will be restored. The CS challenged local community leaders and residents to protect the water facilities, saying they represent a huge public investment. CS Moe said the government will continue to launch a network of water infrastructure projects such as dams and boreholes to resolve shortages for both communities and their livestock. She said the water supply initiatives are also designed to tackle water shortages for livestock and reduce farmer-herder conflicts. “I urge the community to safeguard these projects the same way they protect their livestock. If we fail to protect it, we risk losing an investment that may not easily be replaced,” she said. The Miidi Earth-fill Dam, located in Chewele Ward, Tana North sub-county, was constructed at a cost of Sh95.8 million by Holwadhe Investment Limited. The project has reached 100 percent completion and includes a reservoir, embankment, water kiosk, livestock watering troughs, fencing and other auxiliary structures. It is expected to benefit 1,349 households in Miidi, Village 15, Kware and Sigale villages while providing water for between 30,000 and 40,000 cattle, up to 200 camels, about 6,000 goats and sheep, and hundreds of donkeys. The second project, the Hambaresa Earth-fill Dam in Sala Ward, Bangale sub-county, was built by Crossland Construction and General Supplies Limited at a cost of Sh93.98 million. The dam will serve about 2,000 households in Dalolo Garse, Boca, Gelmad and neighbouring villages. It will also provide water for between 30,000 and 40,000 head of cattle, about 40,000 camels and thousands of goats and sheep. CDA Managing Director (MD) Dr. Mwanasiti Bendera said the projects represent a milestone in the authority’s efforts to improve water security in the coastal region’s arid counties. “Today we have completed both Hambaresa and Miidi earth-fill dams, each with a capacity of 100,000 cubic metres. We are happy that the communities can already see the impact these projects will have on their lives and their precious livestock,” she said, adding that the water expansion program would continue. Dr. Bendera noted that reliable water supplies will reduce the long distances residents travel in search of water while improving livestock production, the main economic activity in the area. The CDA MD says the dams are expected to reduce conflicts over scarce water resources, improve school enrolment and retention, enhance livestock productivity and strengthen resilience against climate change. CDA Chairperson Mzee Mwinyi described the dams as a demonstration of the government’s commitment to taking meaningful development to grassroots communities. “We are reaching the grassroots and improving livelihoods. This is exactly what the CDA was established to do, supporting communities through projects that positively impact people’s lives,” he said. Tana River County Commissioner (CC) Joseph Mwangi said projects in the area will not only solve the water challenge for the livestock but will now help the pastoralists to also think about irrigated farming. “We have witnessed investors coming to the region for large-scale farming. I also want to encourage the locals to now get into farming because we now have an adequate water supply,” he said. CC Mwangi said dams are designed to support all-season irrigation farming and thus significantly boost local agricultural output. By Hussein Abdullahi",,,https://www.kenyanews.go.ke/government-commissions-multi-million-shillings-water-dam-projects-in-tana-river/#respond,2026-07-19T15:04:12+00:00,Normal,Farmers,1,en
GOV_KENYA_NEWS_AGENCY_0092,Governance,Public Participation,"Stakeholders review proposed PPP reforms to boost infrastructure development. The government has intensified public consultations on proposed amendments to the Public Private Partnerships (PPP) legal framework as it seeks to improve infrastructure development, attract private investment and address challenges experienced in implementing PPP projects. Stakeholders in Uasin Gishu County were taken through the PPP (Amendment) Bill 2026, the draft PPP (Project Management) Regulations 2026 and the draft PPP (General) Regulations 2026 during a public participation forum held in Eldoret. The consultation, led by the National Treasury’s Public Private Partnerships Directorate, provided citizens, business leaders, government representatives and other stakeholders with an opportunity to review the proposed legal changes and submit their views before the documents are finalized and forwarded to Parliament. Speaking during the forum, PPP Director General Eng. Kefa Seda said public participation was critical in ensuring that the proposed reforms reflect the views and concerns of Kenyans. He said PPPs have become an important mechanism for financing infrastructure projects as the government continues to face fiscal constraints caused by increasing demand for public services and limited resources. “Public Private Partnerships have therefore become vital in bridging the government’s infrastructure funding gap. They provide a viable off-balance sheet solution for continued infrastructure development,” said Seda. He explained that PPPs involve collaboration between the public and private sectors to deliver public functions or services, with private partners receiving compensation through agreed arrangements. Seda noted that although Kenya has made progress in using PPPs to develop infrastructure, implementation challenges and regulatory gaps experienced over the past decade necessitated a review of the existing framework. The PPP Act of 2013, which was amended in 2021 to improve efficiency and provide clearer timelines for investors, has faced practical challenges requiring further improvements. “The country has an aspiration to develop and one of the key catalysts is infrastructure development. Given the fiscal constraints we are facing, Public Private Partnerships provide an alternative mechanism for delivering critical infrastructure projects,” he said. The proposed amendments target three key areas: the PPP Act, the General Regulations and the Project Management Regulations. According to Seda, the changes are intended to improve project delivery, remove uncertainties and provide investors with greater confidence. He said the government is particularly focused on creating a predictable environment that encourages private sector participation while ensuring public interest is protected. The public participation exercise began on July 13 and has already covered regions including Nyanza, Western Kenya and the Coast before moving to the Rift Valley. Similar forums are being conducted in Kajiado and Kitui, with the final consultation expected in Nairobi. Seda encouraged Kenyans, including persons living with disabilities, private sector players and representatives from public institutions, to participate by attending forums or submitting written memoranda through the PPP Directorate’s official platforms. He said all submissions received will be reviewed and considered before the proposed amendments are finalized. The PPP Director General also addressed concerns over delayed government payments to contractors, acknowledging that fiscal challenges had contributed to pending bills affecting some projects. He, however, said the government had introduced measures to clear outstanding payments, enabling contractors to resume work. “We are happy to report that many contractors have resumed work after the government securitized funds to facilitate payment of pending bills,” he said. Seda added that ensuring investor confidence requires guarantees that contractual obligations will be honoured on time. He said the government was working with international financial institutions, including the African Trade and Development Bank (TDB) and the World Bank, to establish credit enhancement mechanisms such as partial risk guarantees aimed at reducing payment risks for investors. He explained that after completion of the public participation process, the Directorate will analyze the submissions, incorporate suitable proposals and undertake a validation exercise before presenting the revised drafts to stakeholders. The proposed amendments will then be submitted to Parliament, which will conduct its own public participation process before debating and considering the legislation. Uasin Gishu Deputy County Commissioner Mathew Yego Baroni urged stakeholders to actively participate in the process, saying their views would help shape government policy and planning. Baroni said public participation is a constitutional requirement under Articles 10 and 118 of the Constitution of Kenya, which promote democratic governance and citizen involvement in decision-making. He encouraged stakeholders to use the opportunity to provide constructive feedback that would strengthen the PPP framework and ensure it serves the needs of Kenyans. The forum was attended by representatives from the PPP Directorate, including Faith Pesa from the Legal Department, Project Officer Elijah Kirimi and other technical officers. By Ekuwam Sylvester",,,https://www.kenyanews.go.ke/stakeholders-review-proposed-ppp-reforms-to-boost-infrastructure-development/#respond,2026-07-21T18:15:05+00:00,Normal,Citizens / voters,4,en
GOV_KENYA_NEWS_AGENCY_0093,Agriculture,Livestock Management,"Government livestock restocking revives Igembe North families after banditry. Residents of Igembe North are rebuilding their livelihoods following the government’s livestock restocking programme aimed at compensating families that lost cattle to bandit attacks and restoring economic stability in the region. The exercise, being coordinated by the National Government in collaboration with local leaders and security agencies, has seen hundreds of cattle distributed to verified beneficiaries to help revive livestock farming, improve household incomes and strengthen food security. Speaking at Mea Primary School during the second day of the exercise, Igembe North Officer Commanding Police Division (OCPD) Jerald Okari Marando said the distribution had progressed peacefully despite isolated attempts by a few individuals to obtain livestock fraudulently. Marando said 175 cows were distributed on the first day, bringing the total number of cattle issued under the programme to 207. The initiative targets families whose livestock was stolen by bandits between 2023 and 2026. He said the government expects to distribute about 600 cattle under the programme and urged residents who have not yet benefited to remain patient as more animals are expected. The OCPD warned that adequate security personnel had been deployed to safeguard the exercise and ensure that only verified beneficiaries receive the livestock. “We will not allow anyone to interfere with this process. Security officers are on the ground to ensure transparency and fairness so that genuine victims benefit from the programme,” he said. Igembe North National Government Constituencies Development Fund (NG-CDF) Manager Ronald Mugambi commended the government for intervening to restore the livelihoods of families that had suffered devastating losses due to years of cattle rustling and banditry. Mugambi urged beneficiaries to retain the animals for breeding and dairy production instead of selling them, noting that the programme is intended to rebuild herds, increase milk production, improve household incomes and enhance long-term food security. Beneficiaries welcomed the initiative, saying it had restored hope after years of hardship. Stephen Kamendo from Amwathi Ward thanked the government for the livestock donation and appealed to residents yet to receive cattle to remain patient, expressing confidence that additional livestock would be distributed. Joshua Muriki, a resident of Mea, recalled the anguish of watching bandits drive away their livestock, saying many families had been left without their primary source of income and food. He said the restocking programme had given affected households an opportunity to rebuild their lives and regain economic independence. Former Igembe North Member of Parliament and Kenya Plant Health Inspectorate Service (KEPHIS) Board Chairman Joseph M’Eruaki welcomed the initiative but called for fairness, transparency and accountability throughout the distribution process. Speaking earlier during a church service at Athiru Catholic Church, M’Eruaki said only registered victims of cattle rustling should benefit from the programme and cautioned against favouritism or political interference. He also urged beneficiaries not to sell the livestock, saying the government’s objective is to rebuild herds, support dairy farming and restore sustainable livelihoods across the region. By Kamanja Maeria",,,https://www.kenyanews.go.ke/government-livestock-restocking-revives-igembe-north-families-after-banditry/,2026-07-21T10:30:33+00:00,Normal,Farmers,8,en
GOV_KENYA_NEWS_AGENCY_0095,Health,Mental Health Awareness,"Government to spend Sh10 million to desilt Kosowe Earth dam. The National Government through National Drought Management Autbority (NDMA) will spend Sh10 million to desilt Kosowe Earth Dam in Nzaui Subcounty with a view to increase its water capacity to 30,000 cubic meters, Makueni County Drought Co-ordinator (CDC) Alice Munyao has disclosed. Munyao made the disclosure in a County Steering Group meeting held at the County Commissioner’s Boardroom on Friday where she said that the desilting of the dam will take only three months to complete by October when the short rains are anticipated. The County Coordinator also revealed that the dam will benefit over 3,000 households with a view to end their perennial shortage of water in the area. “The works to desilt the Kisowe Earth Dam started on 16th July, and expect to be completed by early October before the short rain season commences,” Munyao said in the meeting that was chaired by the Deputy County Commissioner (DCC) who is also Personal Assistant in the County Commissioner’s office Peter Kimani on Friday. However, she never gave the name of the contractor undertaking the works at the dam. Also, she revealed her organization will spend another Sh3 million to purchase 300 Gala Goat that is aimed at improving the breed under the project and benefit 32 Nzakika Community groups. While saying goats are being procured currently, Munyao said that through the project, seeks to improve low goat productivity and household resilience in the Arid and Semi -Arid (ASAL) area hence help address poor genetics, inbreeding and climate stress with a view to improve the breed. She further said that the intervention is also expected to enhance growth rates, milk production and market value while maintaining adaptability to the harsh conditions in the area. The project is being implemented through the Wee Community Based Organization (CBO) in collaboration with NDMA and County Livestock Services at the county government. “The expected results include higher household incomes, improved nutrition and food security, better herd performance and strengthen community resilience, with sustainability ensured through revolving breeding schemes, skills transfer and strong institutional and community ownership,” she said. During the meeting the members were taken through the performance of the last rains of March, April and May that came earlier and was fairly distributed but farmers experienced reduced production because the reduction of rains that impacted on the crops. A Technical Committee was constituted comprising of the departments of Water, Health, Education, Agriculture, Livestock and NDMA to go and evaluate the impact of seasonal rains and other shocks on food and nutrition security and bring a report to be deliberated by the County Steering group on 24/07/2026. By Patrick Nyakundi",,,https://www.kenyanews.go.ke/government-to-spend-sh10-million-to-desilt-kosowe-earth-dam/#respond,2026-07-20T11:26:42+00:00,Normal,General public / patients,2,en
GOV_KENYA_NEWS_AGENCY_0096,Agriculture,Crop Production,"Ahero automated rice mill revolutionizes farmers’ incomes through value addition. Data from the Ministry of Agriculture shows Kenya imports about 740,000 to 900,000 metric tonnes of rice annually to meet its growing demand. The country consumes over one million metric tonnes each year, but local farms only produce about 150,000 to 230,000 metric tonnes which is just 14 per cent to 20 per cent of the nation’s ne forcing Kenya to heavily rely on imports (largely from Pakistan, India, and Tanzania) Kenya Kwanza`s Bottom-Up Economic Transformation Agenda (BETA) aims to boost local rice production, cut heavy import costs, and ensure food security. The strategy is shifting from rain-fed farming to irrigation by rehabilitating 78,341 acres of existing schemes and opening 27,500 new acres to double output of rice in Kenya. For decades, Kano plains in Kisumu which is prone to flooding chocked under a punishing economic paradox; while the waters of the River Nyando provided the perfect conditions for intensive rice cultivation, the local farming community remained locked in a cycle of poverty. They did not have a choice but to sell their rice paddy at a throwaway price to middlemen because they did not have proper machines to mill it. Farmers sweated for months under a scorching sun only to hand their raw paddy over to outdated, erratic village hulling machines that crushed, fractured, and contaminated the grain, thus aggravating their agony and many times ended giving it to middlemen who went to mill it in Uganda. However, a towering industrial landmark has changed the whole story and now they are smiling all the way to the bank! Courtesy of the county government of Kisumu. The newly commissioned, Sh30 million automated Ahero Rice Mill has brought a high-tech mechanical revolution to the region, acting as the primary engine driving smallholder farming into a highly lucrative, modern commercial industry. Before the introduction of this multi-million shilling facility, the journey from harvest to market was a financial nightmare. Traditional milling methods across the plains relied on basic, single-pass machinery that lacked the capability to clean, de-stone, or properly polish the grain. This structural inefficiency meant that up to thirty percent of a farmer’s total harvest value was completely lost due to poor post-harvest handling and broken kernels. Unable to compete with clean, cheaply imported rice filling the supermarket shelves in Kisumu City, local farmers were forced to sell their sub-standard yields to exploitative middlemen at throwaway prices just to clear their debts. Thus, the installation of the automated factory has systematically dismantled this exploitative system by placing state-of-the-art value addition directly at the source. The Ahero Rice Mill is not just a standard hurler, it is a multi-stage, high-capacity industrial processing plant designed to clean, de-stone, hull, polish, and grade rice in a single, continuous, fully automated process. When raw paddy enters the facility, it undergoes a rigorous, mechanized purification process that separates dust, straws, and small rocks that manually operated sorting lines routinely miss. The process moves seamlessly from raw paddy input, through automated des-stoning and cleaning, careful hurling, followed by polishing and grading, before finishing at premium market packaging. By removing these impurities, the mill ensures that the local grain meets the highest national and international food quality standards. Furthermore, the high-volume daily processing capacity solves the massive regional crisis of post-harvest rot. During peak harvest seasons, a delayed milling schedule used to cause moisture accumulation within damp storage bags, leading to rapid fungal growth. With the new mill running consistently, thousands of tons of paddy are dried, hurled and safely packaged within minutes of arriving from the fields, stabilizing the local food supply chain and preserving grain integrity. For 54-year-old veteran farmer Tobias Omondi, the mechanical precision of the centralized mill has completely rescued his household from seasonal debt. ”In the past, taking my paddy to the local village mills felt like watching my money get ground into dust,” Omondi explains, standing outside the modern facility’s intake bay. “The old machines would crush the rice into small, broken pieces. If your rice is full of broken grains and tiny stones, no premium buyer will look at it. You are forced to sell it for nothing.” The narrative changed completely when Omondi began routing his seasonal harvest straight to the automated Ahero Rice Mill. ”The automated sorters handle the grain so gently that the percentage of broken rice has dropped to almost zero,” Omondi says. “I am getting clean, whole, premium-grade white rice that commands top shilling in city markets”. He says last season, because of the mill’s high efficiency, my net earnings jumped by over sixty percent. “For the first time in my life, I paid university fees for my eldest daughter on time, without taking a single bank loan or begging a broker for an advance.” While the multi-million shilling mill stands as the mechanical saviour of the plains, its high efficiency is perfectly matched by a breakthrough in agricultural science by the introduction of theKombokarice variety. Developed to withstand the increasingly unpredictable weather patterns of Western Kenya, Komboka has quickly become the preferred fuel for the new mill. Unlike the traditional, fragileSindanovariety which features tall, delicate stalks that easily fall over and rot when the River Nyando bursts its banks,Kombokavariety boasts a short, sturdy, semi-dwarf architecture. This low profile makes it highly resistant to lodging (falling over) during seasonal flash floods. Under the old system, usingSindanocoupled with village hurlers meant coping with high rates of broken grains, long processing delays, and constant vulnerability to post-harvest mold. The new era pairsKomboka’sstructural flood resilience with the automated mill’s high-speed processing line, guaranteeing premium, whole-head white rice that commands top-tier aromatic prices in urban markets. From a processing perspective, Komboka has an exceptional milling recovery rate. The benefits of the Sh30 million mill extends far beyond the production of clean white rice, the facility has accidentally sparked a secondary gold rush through its industrial by-products. In the old village milling setups, rice husks and bran which were once treated as environmental waste and dumped in massive, burning piles along the roadsides are now cleanly separates and cleaned, opening up fresh economic avenues for local youth and women’s self-help groups. The highly nutritious rice bran is collected and sold at low costs to local entrepreneurs, who use it to manufacture affordable, high-protein animal and poultry feed, boosting the region’s livestock sector. Meanwhile, the thick rice husks are bought by youth groups who use hydraulic presses to compress the waste into eco-friendly briquettes for cooking fuel. These briquettes provide a long-burning, smoke-free alternative to firewood, which is now being sold back to local schools and households thus saving trees, reducing respiratory health hazards, and creating a secondary layer of employment right in the heart of Ahero. Dr. Evans Kipkorir, an agricultural economist and regional food security consultant based in Kisumu notes that the intersection of specialized infrastructure and resilient crop genetics will help rural economies break out of systemic poverty cycle. ”What we are witnessing in Ahero is a textbook example of industrial value addition at the source,” says Dr. Kipkorir. “For decades, Kenyan rice farmers lost an unsustainable portion of their wealth due to inefficient milling. The Sh30 million investment completely eliminates that waste. When you process rice with zero stone contamination and minimal breakage, it immediately outcompetes cheap, sub-standard imports in terms of presentation and consumer trust. This commercial viability keeps millions of shillings circulating right among the people of Kisumu County thus creating more wealth. The factory has also enforced a major upgrade in regional water resource management. Eng. Maurice Onyango, an irrigation infrastructure expert specializing in the Lake Victoria basin, explains how the mill’s predictable processing schedule has optimized the use of the River Nyando. ”Because the automated mill can process large volumes rapidly, farmers can now coordinate their planting and harvesting dates with absolute precision,” Eng. Onyango states. “This predictability allows us to schedule water canal gate rotations perfectly”. We can pump and direct water from the River Nyando to specific sectors exactly when the Komboka crop requires it, eliminating the chaotic water waste and dry-season canal shortages that used to cause widespread crop failures.” The presence of a centralized, corporate-grade mill has also completely reorganized the social fabric of the Kano Plains. In the past, individual smallholders operated in isolation, making them easy targets for predatory buyers. Today, the strict quality standards and structured intake system of the automated mill have forced local farmers to organize themselves into professional digital cooperative societies. Through these smart co-ops, farmers collectively pool their harvests to secure bulk transportation, negotiate better processing rates directly with the mill management, and bypass middlemen entirely. Furthermore, because the mill maintains meticulous, digital records of every delivery, local banks are now using these processing receipts as formal collateral. Farmers can easily access low-interest credit lines to purchase certified seeds and fertilizer, a financial milestone that was completely impossible under the old village milling system. This shift from exhausting manual labor to modern, tech-driven agribusiness is also drawing a new demographic back to the soil. For years, the youth of Kisumu County fled the rural plains, viewing rice farming as a punishing, low-yield activity reserved only for the older generation. But with mechanized tractors preparing the fields, Komboka maturing rapidly in 120 days, and the automated mill handling the heavy processing and packaging, young tech-savvy entrepreneurs are returning to Ahero. They are managing family plots like modern corporations, utilizing mobile money platforms linked directly to the mill’s payout system to track their profits in real time. As evening sets over Ahero, long lines of tractors, trailers and humming vehicles loaded with heavy sacks of freshly harvested paddy line up neatly outside the gates of the Ahero Rice Mill. The steady, rhythmic hum of the heavy machinery serves as an industrial heartbeat for a community that has finally broken free from post-harvest exploitation. Through the mechanical precision of a multi-million shilling automated mill, backed by the resilience of Komboka rice and smart cooperative systems, the farmers of the Kano Plains are no longer just surviving on the land—they are building a powerful commercial empire. The impact of the Ahero Rice Mill extends beyond the production of quality white rice. The facility has created new economic opportunities through the utilization of rice by products that were previously considered waste. “Because the automated mill can process large volumes quickly, farmers can now plan their planting and harvesting periods with greater accuracy,” says Eng. Onyango. “This allows better scheduling of water distribution through canals. Water from River Nyando can be directed to specific areas when the Komboka crop needs it most, reducing wastage and minimizing dry-season shortages.” The establishment of the centralized processing facility has also transformed the way farmers organize themselves. Previously, individual smallholders operated independently, making them vulnerable to exploitation by middlemen. However, the need to meet the mill’s quality requirements has encouraged farmers to form organized cooperative groups. Through these cooperatives, farmers are pooling their harvests, arranging affordable transportation, negotiating better processing arrangements, and accessing markets collectively. The digital record systems used by the mill have further improved farmers’ access to financial services. Records of deliveries and payments provide evidence of production, enabling some farmers to access credit facilities for purchasing certified seeds, fertilizers, and farm inputs. This financial shift has created opportunities that were previously unavailable to many small-scale producers. The modernization of rice farming in Ahero is also attracting young people back into agriculture. For many years, young residents of Kisumu County moved away from rural areas because farming was viewed as a difficult activity with limited returns. However, improved mechanization, better markets, and modern processing facilities are changing that perception. With tractors assisting in land preparation, improved rice varieties maturing faster, and automated milling reducing post-harvest challenges, young entrepreneurs are increasingly investing in rice farming. Some are managing family farms as commercial enterprises, using digital platforms to monitor production, track payments, and improve decision-making. The transformation has positioned rice farming as a viable business opportunity rather than merely a traditional livelihood. As the sun sets over Ahero, the sight of tractors, trailers, and vehicles carrying freshly harvested paddy waiting outside the rice mill reflects a changing agricultural landscape. The steady operation of the automated facility represents a new chapter for farmers who for years struggled with poor processing systems and unfair market conditions. Through modern milling technology, resilient rice varieties such as Komboka, improved irrigation planning, and stronger farmer organizations, the Kano Plains is emerging as a key centre of commercial rice production. The Sh30 million Ahero Rice Mill has become more than a processing facility. It is a symbol of local value addition, economic empowerment, and a renewed future for thousands of farmers who can now earn more from their labour. For the rice farmers of Ahero, the journey is no longer about simply surviving on the land. It is about building a sustainable agribusiness future, one quality grain at a time. By Mabel Keya – Shikukuand Tonaee Bryane",,,https://www.kenyanews.go.ke/ahero-automated-rice-mill-revolutionizes-farmers-incomes-through-value-addition/,2026-07-19T14:03:29+00:00,High,Farmers,3,en
GOV_KENYA_NEWS_AGENCY_0097,Agriculture,Crop Production,"Ematete farmers’ field day promotes climate-smart agriculture innovation. Farmers, agricultural stakeholders, government officials, development partners and agribusiness companies converged at the Ematete Agribusiness Centre in Vihiga County for the fifth Ematete Agribusiness Farmers Field Day to promote climate-smart agriculture, innovation and sustainable agribusiness development. The event, held on Friday under the theme “Enhancing Climate-Smart Agriculture and Agribusiness Innovation,” attracted hundreds of farmers from across the county who interacted with agricultural experts, viewed modern farming technologies and learned practical approaches to improving productivity while adapting to the effects of climate change. The field day was presided over by Vihiga County Chief Officer for Agriculture Betty Mulianga, who urged farmers to embrace climate-smart agricultural practices to safeguard food production amid increasingly unpredictable weather patterns. She said agriculture remains the backbone of Vihiga County’s economy and encouraged farmers to adopt improved seed varieties, efficient water management technologies and modern production methods to increase yields and household incomes. “Climate change is no longer a future challenge but a present reality. We must adopt innovative farming methods that protect the environment while increasing productivity and improving farmers’ incomes,” Mulianga said. She assured farmers that the county government remains committed to strengthening agricultural extension services, supporting agribusiness development and working with development partners to improve food security and economic growth. Mulianga noted that extension officers continue to equip farmers with knowledge on sustainable farming practices, soil conservation, crop diversification and climate adaptation to help them cope with changing weather conditions. Mwibona Ward Member of the County Assembly Zakayo Manyasa urged residents to embrace commercial agriculture by viewing farming as a business rather than a subsistence activity. He said equipping farmers with modern knowledge, technologies and entrepreneurial skills would create employment opportunities, improve household incomes and strengthen food security within the county. Manyasa challenged young people to venture into agribusiness, saying agriculture offers numerous opportunities for wealth creation through crop production, livestock farming, value addition and agricultural marketing. The event featured exhibitions by farmers, agribusiness companies and agricultural organisations showcasing improved crop varieties, livestock products, certified seeds, farm machinery, irrigation technologies, value-added agricultural products and climate-smart farming innovations. Farmers also demonstrated practical farming techniques, giving participants an opportunity to observe and learn best practices that can be replicated to improve productivity and resilience on their own farms. The Cereals Growers Association (CGA), led by Benson Omukhago, highlighted its efforts to strengthen cereal production through farmer training, access to quality farm inputs, collective marketing and promotion of climate-smart agricultural practices. Omukhago encouraged farmers to adopt improved cereal production technologies, diversify their farming enterprises and strengthen producer organisations to enhance bargaining power and improve market access. He said empowering farmers with technical knowledge and reliable markets is essential for building resilient and profitable agricultural value chains capable of withstanding climate-related challenges. Seed Co representatives, led by Benjamin Kidigi, exhibited a range of certified and improved seed varieties developed to help farmers increase productivity and adapt to changing climatic conditions. Kidigi educated farmers on the importance of using certified seeds, observing proper crop management practices and selecting crop varieties suited to different ecological zones to maximise yields. He urged farmers to embrace improved seed technologies as an effective way of increasing food production, enhancing household food security and improving farm profitability. The field day also strengthened partnerships between farmers, government agencies, private companies, financial institutions and agricultural organisations through discussions on market access, sustainable agriculture, climate resilience and agribusiness innovation. Participants expressed appreciation for the opportunity to interact directly with experts and exhibitors, saying the event equipped them with practical knowledge, new technologies and market information that would help improve farm productivity and increase household incomes. The event concluded with renewed calls for sustained collaboration among government, development partners, research institutions, private sector players and farming communities to accelerate agricultural transformation, strengthen climate resilience and promote sustainable food production in Vihiga County. By Henry Ananda and Kelly Barasa",,,https://www.kenyanews.go.ke/ematete-farmers-field-day-promotes-climate-smart-agriculture-innovation/,2026-07-19T13:33:01+00:00,Normal,Farmers,5,en
GOV_KENYA_NEWS_AGENCY_0102,Agriculture,Agricultural Training,"Collaboration key to improving education standards, stakeholders told. Political leaders, school managers, teachers, parents and communities have been urged to strengthen collaboration to improve education standards and ensure learners are equipped with the knowledge and skills required to thrive in a rapidly changing world. Education stakeholders say while government policies provide the framework for learning, sustained partnerships among leaders, schools and communities are essential for translating policy into improved infrastructure, better learning environments and stronger academic performance. In Tinderet Sub-County, Nandi County, this collaborative approach is gaining momentum through regular engagements between area Member of Parliament Julius Melly and managers of learning institutions. Over the past few weeks, the legislator has visited Fr. Boyle Kabalebo Senior School, Tinderet Technical and Vocational Training College (TVTC) at Sigoria and Chemamul Senior School, where discussions focused on infrastructure development, quality education and the implementation of the Competency-Based Education (CBE) programme. Education experts say such engagements demonstrate the importance of leaders working closely with schools to identify development priorities, mobilise resources and monitor ongoing projects. They note that schools benefit when leaders move beyond ceremonial visits and instead engage administrators on practical solutions to challenges affecting teaching and learning. The interactions also promote accountability in the utilisation of public resources while assuring communities that education remains central to national development. During his visit to Fr. Boyle Kabalebo Senior School, Melly inspected infrastructure projects funded through the National Government Constituencies Development Fund (NG-CDF). He said the government and local leaders must continue investing in quality learning facilities to create an environment where students can excel academically. “Our commitment is to ensure that every learner studies in a conducive environment. Education is the greatest equaliser, and we shall continue investing in classrooms, laboratories and other facilities through the NG-CDF so that our children can compete with the best anywhere in the country,” he said. The legislator urged parents to remain actively involved in the education of their children by supporting teachers in nurturing discipline, monitoring academic progress and encouraging regular school attendance. He also challenged school managers and boards of management to ensure prudent utilisation of public funds so that every development project delivers value to learners. Education stakeholders observed that government funding alone cannot meet all the needs of schools and that partnerships involving communities, leaders and development partners are necessary to bridge existing gaps. The same message featured prominently during Melly’s visit to Tinderet Technical and Vocational Training College at Sigoria, where he inspected a newly completed one-storey tuition block ahead of the commissioning of a modern Electrical and Electronics Engineering workshop. The institution is among the technical training centres expected to play a key role in equipping young people with practical skills aligned to the needs of industry and the labour market. Addressing tutors, administrators and students, Melly encouraged young people to embrace Technical and Vocational Education and Training (TVET), saying Kenya’s economic transformation depends on a skilled workforce capable of supporting industrial growth and innovation. “Our young people require employable skills that respond to the changing labour market. Strengthening our technical institutions will empower graduates to create jobs, support industries and contribute meaningfully to the country’s economic growth,” he said. The MP pledged continued support for expanding infrastructure at the institution to enable more students from Tinderet and neighbouring areas to access affordable, quality technical education. Education experts say collaboration between political leaders and TVET institutions has the potential to improve access to modern workshops, specialised equipment and student support programmes, thereby producing graduates with competitive skills. Melly later visited Chemamul Senior School, where discussions centred on preparations for the implementation of the Competency-Based Education programme at the senior school level. Stakeholders noted that the transition to senior school under the new curriculum has created additional demands for classrooms, science laboratories, workshops, learning materials and qualified teaching staff. Addressing members of the school management and Board of Management, the legislator said successful implementation of the education reforms would depend on sustained cooperation among all stakeholders. “The Competency-Based Education programme calls for adequate infrastructure, teaching resources and close collaboration among all stakeholders. We cannot leave schools to shoulder this responsibility alone. Leaders, teachers, parents and communities must work together to ensure our learners receive quality education,” he said. He reaffirmed his commitment to supporting the construction of additional facilities required to accommodate the growing number of learners joining senior schools under the CBE system. Teachers welcomed the engagements, saying they provide an opportunity to present institutional priorities directly to policymakers and seek timely interventions before challenges affect learning outcomes. Education analysts observed that communities where leaders maintain close working relationships with schools often record faster implementation of development projects, stronger accountability and increased public confidence in the education sector. Parents were also reminded that their responsibility extends beyond paying school fees to supporting discipline, participating in school development initiatives and maintaining close communication with teachers. Stakeholders said the combined efforts of committed teachers, supportive parents, responsive leaders and active communities create an environment in which learners can realise their full potential. The experiences at Fr. Boyle Kabalebo Senior School, Tinderet TVTC and Chemamul Senior School illustrate that improving education standards is a shared responsibility requiring sustained partnerships among government, political leaders, school managers, parents, development partners and local communities. By Sammy Mwibanda",,,https://www.kenyanews.go.ke/collaboration-key-to-improving-education-standards-stakeholders-told/#respond,2026-07-21T15:22:41+00:00,Normal,Farmers,8,en
GOV_KENYA_NEWS_AGENCY_0103,Agriculture,Crop Production,"Government promotes horticulture farming to boost farmers’ incomes. Farmers in Southern Nyanza have been encouraged to embrace horticulture farming as a profitable venture capable of improving household incomes and creating sustainable livelihoods. Former Horticulture Development Authority (HCDA) official and horticulture expert John Rono said crops such as passion fruits, vegetables and tomatoes provide farmers with reliable earnings because they generate income on a daily or weekly basis. Speaking during a passion fruit farming exhibition at Ayego Passion Fruits Groups Farm, Rono said horticultural produce has ready markets locally and internationally throughout the year, unlike some traditional crops whose returns are affected by market fluctuations. He noted that many farmers in the region have continued to rely heavily on maize and sugarcane despite facing persistent challenges associated with the two crops. Rono expressed concern that horticulture production in the region remains low because nearly 99 per cent of farmers concentrate on large-scale maize and sugarcane farming. “Horticulture fruits have a wider market which spreads from Nairobi to Kampala in neighbouring Uganda. Farmers should take advantage of this opportunity by putting more land under fruit and vegetable production,” he told farmers attending the two-day exhibition sponsored by AMPATH. He said the exhibition provided farmers with an opportunity to learn modern horticulture farming technologies, including irrigation, greenhouse farming and shade-net production. Rono urged farmers to diversify their agricultural activities by adopting high-value crops that can provide consistent income and reduce dependence on traditional crops. He added that increased production of fruits and vegetables in Southern Nyanza would help reduce reliance on supplies from other regions and create opportunities for local farmers. Tomatoes, passion fruits and other horticultural products continue to have strong demand in markets across the country, but production in the region remains insufficient. Farmers were encouraged to take advantage of available technologies and market opportunities to transform horticulture into a major source of income and economic growth. By George Agimba",,,https://www.kenyanews.go.ke/government-promotes-horticulture-farming-to-boost-farmers-incomes/,2026-07-21T15:49:19+00:00,Normal,Farmers,4,en
GOV_KENYA_NEWS_AGENCY_0104,Health,Public Health Campaigns,"Governor Mutai orders crackdown on unlicensed milk vendors. Kericho Governor Dr. Erick Mutai has ordered an immediate crackdown on unlicensed raw milk vendors and brokers, declaring that the purchase, aggregation and distribution of raw milk outside the county’s licensing framework is illegal. The governor said the county government would intensify enforcement against illegal milk aggregators to protect dairy farmers from exploitation and ensure milk is marketed through licensed channels. He noted that strengthening cooperative societies remains central to the county’s strategy to improve farmers’ earnings by eliminating middlemen who deny producers fair returns. Dr. Mutai said the county would continue investing in the dairy sector through milk cooling plants, feed mixers, artificial insemination services and Enterprise Development Programme (EDP) grants to registered cooperative societies. He said the interventions are intended to increase milk production, improve quality, promote value addition and enable farmers to earn higher incomes. “Our focus is to build strong cooperative societies that can collect, process and market farmers’ milk competitively. We will continue investing in cooling infrastructure, animal feeds, quality breeding and farmer empowerment because a stronger dairy sector translates into better household incomes, more jobs for our youth and sustained economic growth for Kericho,” said Dr. Mutai. The governor made the remarks during the funeral service of the late schoolteacher and farmer Ann Chebochok at the Kericho Golf Club Grounds on Friday. Besides addressing dairy sector reforms, Dr. Mutai called for urgent measures to curb the rising number of road fatalities, saying improved highways must be accompanied by enhanced road safety interventions. He urged the national government to fast-track the installation of speed cameras, improve hazardous sections of roads, strengthen enforcement of traffic laws and intensify public awareness campaigns aimed at reducing accidents and protecting road users. “Every life lost on our roads is a reminder that we must do more. We need a combination of better road designs, strict enforcement of traffic regulations and the use of technology such as speed monitoring systems to prevent reckless driving and save lives,” he said. Chebochok, the sister of former Bomet Governor and current Judicial Service Commission Vice Chairperson Isaac Ruto, died in a road accident along Nairobi’s Southern Bypass. According to her family, the accident occurred a few minutes before 6:00 a.m. A post-mortem examination established that she succumbed to severe internal organ injuries sustained in the crash. Her daughter, who was travelling with her, survived the accident after sustaining minor injuries and was discharged after receiving medical attention. Dr. Mutai described Chebochok as a dedicated teacher, accomplished farmer and community leader whose commitment to agriculture and public service positively impacted many lives. He said continued support for farmers and stronger agricultural cooperatives would help preserve the legacy of hardworking producers like her while promoting sustainable economic development in the county. The funeral service brought together national and county leaders, including Principal Secretary for the State Department for Water and Sanitation Julius Korir, Bomet Governor Prof. Hillary Barchok, Kericho Woman Representative Beatrice Kemei, Isaac Ruto, family members, friends and hundreds of mourners who gathered to celebrate Chebochok’s life, honour her contribution to society and stand with her family during the difficult period. By Kelox Mutai",,,https://www.kenyanews.go.ke/governor-mutai-orders-crackdown-on-unlicensed-milk-vendors/,2026-07-20T10:22:22+00:00,High,General public / patients,5,en
GOV_KENYA_NEWS_AGENCY_0106,Governance,Elections and Voter Education,"Mt Kenya East leaders back Ruto-Kindiki ticket in 2027. Public Service Cabinet Secretary Geoffrey Ruku has said leaders allied to the Kenya Kwanza administration in Mt Kenya East will support President William Ruto and Deputy President Kithure Kindiki in the 2027 General Election, citing ongoing government development projects in the region. Speaking during an academic day at Kirindine Day Secondary School in Igembe South on Friday, Ruku said the government remains focused on implementing development programmes in education, infrastructure and agriculture. He said the administration has allocated resources to support schools through capitation and improve access to quality education. Ruku also noted that the region currently holds a prominent position in national leadership and called on residents to remain united as the government continues implementing its development agenda. He urged residents to assess leaders based on the development initiatives undertaken in their areas. Igembe South MP John Paul Mwirigi said the constituency has benefited from several national government projects, including the establishment of a Huduma Centre, construction of a new police station, creation of Akachiu Sub-county, allocation of Sh50 million for government infrastructure and Sh17 million for the construction of Kiegoi–Antubochiu Sub-county offices, which he said are expected to begin in August. Mwirigi also said the government’s recruitment of teachers has helped improve staffing levels in public schools and enhanced access to education. Buuri MP Mugambi Rindikiri also expressed support for the Kenya Kwanza administration, saying the government has implemented development projects in various parts of the region. He encouraged residents to continue supporting development initiatives. The leaders made the remarks as political activities continue to gather momentum in the Mt. Kenya region ahead of the 2027 General Election. By Kamanja Maeria",,,https://www.kenyanews.go.ke/mt-kenya-east-leaders-back-ruto-kindiki-ticket-in-2027/#respond,2026-07-19T11:46:04+00:00,Normal,Citizens / voters,3,en
GOV_KENYA_NEWS_AGENCY_0107,Health,Disease Prevention and Control,"Diversification pays off as North Rift maize farmers count losses. As prolonged dry spells continue to slash maize production across the North Rift, a Uasin Gishu farmer who shifted to high-value, climate-resilient crops is earning nearly Sh1 million annually, offering a practical example of how diversification can cushion farmers against climate change and unstable markets. David Kwambai, 71, of Kapsoen Village in Moiben Sub-county, abandoned reliance on maize and invested in coffee, avocado and macadamia farming, transforming his four-acre farm into a profitable agribusiness while many maize growers grapple with declining yields. His success comes as agricultural experts and regional leaders urge farmers to reduce dependence on maize by embracing crops that are more resilient to changing weather patterns and command better market prices. Kwambai told the Kenya News Agency (KNA) that he began growing coffee in 2015 with about 100 trees before gradually expanding to about 2,000 trees after realizing the crop generated better returns than maize. “I started coffee farming in 2015 with about 100 trees, and over time I increased the number to around 2,000. Although prices were not very good in the beginning, I realized coffee was still more profitable than maize,” he said. He said his coffee harvest initially averaged between 300 and 400 kilograms but is expected to exceed 1,000 kilograms this season due to improved farm management and favourable prices. Kwambai sold last year’s coffee through a cooperative society at about Sh700 per kilogram, describing cooperative marketing as a key factor in improving farmers’ incomes. “Coffee harvesting takes about two to three months, but with good care, the returns are worth it,” he said, although he identified coffee berry disease as his biggest production challenge. Seeking to spread risk, the farmer later ventured into avocado and macadamia farming after losses in cabbage and passion fruit production caused by disease outbreaks and poor markets. His 500 avocado trees, planted on two acres, produce between 50 and 80 kilograms of fruit per tree, with the produce selling at an average of Sh110 per kilogram. “Avocado farming is doing very well because of export demand. We harvest about three times a year, giving us a steady source of income,” he said. Kwambai has also embraced sustainable farming practices by producing compost from fallen avocado leaves, cow dung and urea to improve soil fertility and reduce production costs. However, he cited pests, diseases, cold weather and inadequate irrigation water as the major constraints affecting avocado production. His macadamia enterprise is also showing promising returns. Having planted the crop in 2018, he harvested about 300 kilograms of nuts last year and sold them at Sh150 per kilogram. “This year I expect even better yields. Macadamia is a long-term investment, but it pays off,” he said. Beyond crop production, Kwambai practices apiculture and livestock farming to diversify his income further. He keeps 10 beehives, six of which are active, producing up to 200 kilograms of honey every three to four months depending on weather conditions. He also rears dairy cows and goats, which provide additional income while supplying manure used to enrich soil fertility on the farm. Although he has access to water from a drilled source, Kwambai said he has not fully adopted irrigation, noting that expanding irrigation would significantly improve productivity during prolonged dry spells. He identified marketing as another challenge facing farmers, saying coffee growers benefit from cooperative marketing structures while avocado farmers largely depend on brokers because of inadequate storage and cooling facilities. “We need proper storage and cooling plants to reduce post-harvest losses, especially for avocados, which are highly perishable,” he said, adding that farmers are considering forming cooperatives to strengthen their bargaining power. Kwambai appealed to the county and national governments to subsidize farm inputs and deploy more agricultural extension officers to train farmers on modern production methods, soil testing and climate-smart agriculture. He also encouraged young people to embrace agriculture as a business, saying farming can generate sustainable livelihoods when managed professionally. “Even at my age, I am still actively farming and employing young people. Agriculture has great potential if farmers embrace the right crops,” he said. His experience reflects growing calls for North Rift farmers to diversify into drought-tolerant, high-value enterprises as erratic rainfall and prolonged dry spells continue to undermine conventional maize production. Thousands of maize farmers across the region are experiencing reduced yields because of changing weather patterns, highlighting the risks of relying on a single crop and reinforcing the importance of climate-smart agriculture, improved market access and enterprise diversification in building resilient farming systems. By Fredrick Maritim",,,https://www.kenyanews.go.ke/diversification-pays-off-as-north-rift-maize-farmers-count-losses/#respond,2026-07-20T15:15:06+00:00,High,General public / patients,3,en
GOV_KENYA_NEWS_AGENCY_0108,Health,Disease Prevention and Control,"Nakuru County strengthens dairy subsector. The County Government of Nakuru has pledged to continue strengthening the dairy sector by investing in projects that help farmers reduce post-harvest losses and increase their incomes. According to County Executive Committee Member (CECM) for Agriculture, Livestock and Fisheries Mr Leonard Bor, through such programmes, the devolved unit’s administration remains committed to building a stronger and more profitable dairy sector for the region’s farmers. Mr. Bor pointed out that the dairy value chain is a vital economic pillar, supporting millions of livelihoods from farmers and transporters to processors, retailers and consumers. He said the interventions are part of Governor Susan Kihika’s administration’s efforts to revitalize the dairy sector in the country aimed at boosting value addition and creating sustainable jobs. “We are actively strengthening the dairy value chain to boost productivity, minimize post-harvest losses, and increase farmers’ incomes. Key initiatives include milk cooler distributions, training farmers on animal feed formulation, vaccination drives and livestock disease surveillance among other measures,” stated the CECM. He spoke at the county offices in Nakuru Town during a meeting with officials of the Elburgon Progressive Cooperative Society who were accompanied by the director of the Poland–East Africa Economic Foundation, Mr. Robert Zduńczyk. Mr Bor disclosed that his department was crafting regional and international partnerships aimed at equipping farmers with modern dairy production skills, improve access to advanced farming technologies and enhance the competitiveness of cooperative societies, in a move expected to increase milk production and boost household incomes. Mr. Bor indicated that the county government has consistently supported investment in farmer training, improved breeding technologies and cold-chain infrastructure to enhance milk quality, increase production and improve the competitiveness of Kenyan dairy products in regional and international markets. He further noted that strengthening cooperative societies through technical training and international partnerships enables farmers to access new technologies, improve farm management practices and increase profitability while creating employment opportunities for young people in agriculture. The CECM added that the devolved unit’s administration had partnered with the Poland–East Africa Economic Foundation to facilitate knowledge exchange, farmer training and access to modern agricultural machinery through cooperative societies. The collaboration is aimed at building farmers’ capacity to adopt climate-smart and commercially viable dairy farming practices while improving productivity across the county. Bor said the County government was working closely with the national government towards strengthening milk aggregation, processing and market access through key milk collection centres. He further called for collective support to strengthen the dairy value chain as a pathway to reducing poverty and creating jobs and reiterated the County Government’s commitment to working with farmers through capacity building and improved market access both locally and internationally. Official statistics indicate that nationally, livestock contributes 50 percent of Agricultural Gross Domestic Product (GDP) and over 10 percent of the National GDP. Dairy production is the largest contributor to the livestock GDP. The statistics reveal that the dairy sub-sector yields about Sh237 billion annually and that Kenya is one of the leading countries in dairy cattle production in Africa. Mr Bor stated that the industry is on an upward trajectory with an estimated growth rate of 3 percent to 4 percent per year adding that the Kenya Kwanza administration recognizes dairy value chain as one of the main sources of household incomes and a crucial contributor to food security. Vision 2030 which has been adopted as a new model for Kenya’s development, emphasizes the enhancement of dairy productivity as key to increasing incomes, food security and nutrition. The Ministry of Agriculture and Livestock Development developed a Dairy Master Plan 2010– 2030, and Kenya Dairy Industry Transformation Strategy & Investment Plan 2022-2032, developed by the Kenya Dairy Board, which currently guides the dairy industry. Mr. Bor said the County government is striving to make the dairy subsector one of the leading subsectors in socio-economic development through production, value addition and marketing. This, he added, is being done by mobilizing and working with all stakeholders and development partners as the county seeks to maximize the utilization of all available opportunities and resources for the benefit of the entire region. The partnership with Poland–East Africa Economic Foundation, the CECM noted, would provide dairy farmers with practical knowledge and exposure to modern farming technologies that can improve efficiency, increase milk yields and strengthen the county’s dairy value chain. He pointed out that members of the Elburgon Progressive Cooperative Society would participate in an exchange programme where they will receive hands-on training in feed and forage formulation, modern dairy production techniques and the use of mechanized farm equipment. Mr. Bor called on beneficiaries of the partnership to share the skills acquired with other farmer groups and cooperatives to ensure the benefits of the programme reach more dairy producers across the county. The CECM said knowledge transfer and collaboration among cooperatives remains essential in building a resilient and sustainable dairy industry capable of competing in local and international markets. He said the partnership complements the County Government’s ongoing efforts to modernize dairy farming through subsidized artificial insemination (AI) services, improved breeding programmes and investment in milk handling infrastructure. “The county has also supplied milk coolers to several dairy cooperatives, including Elburgon Progressive Cooperative Society, to improve milk quality, reduce post-harvest losses and increase farmers’ earnings,” he observed. According to the Food and Agriculture Organization (FAO), dairy farming plays a critical role in improving rural livelihoods by providing regular household income, creating employment and enhancing food and nutrition security. FAO notes that improved animal genetics, quality feeds and farmer training are among the most effective interventions for increasing milk productivity. The International Livestock Research Institute (ILRI) observes that knowledge exchange and adoption of modern livestock technologies enable smallholder farmers to improve productivity while strengthening resilience to climate change and fluctuating market conditions. In Kenya, the dairy industry is one of the country’s leading agricultural sub-sectors. According to the Kenya National Bureau of Statistics (KNBS), livestock contributes significantly to agricultural GDP, with dairy farming supporting the livelihoods of millions of Kenyans directly and indirectly through production, processing, transportation and marketing. The State Department for Livestock Development estimates that Kenya produces more than 5 billion litres of milk annually, making it one of Africa’s leading milk producers. The sector supports over 1.8 million smallholder dairy farmers, with cooperatives playing a vital role in milk collection, value addition and market access. For Nakuru farmers, the collaboration is expected to improve dairy productivity, promote the adoption of modern farming practices, strengthen cooperative societies and expand market opportunities, ultimately increasing household incomes and contributing to Kenya’s food security and economic growth. By Jane Ngugi and Jefther Afuyo",,,https://www.kenyanews.go.ke/nakuru-county-strengthens-dairy-subsector/#respond,2026-07-18T15:27:34+00:00,Normal,General public / patients,1,en
GOV_KENYA_NEWS_AGENCY_0110,Health,Healthcare Access,"Industry-led apprenticeships offer solution to skills gap, unemployment. Industry-led apprenticeship programmes can significantly improve business productivity while providing a practical solution to youth unemployment in Kenya, according to a new study on skills development. The Return on Investment (ROI) Study on the PropelA Dual Apprenticeship Programme found that companies investing in workforce skills development record an average 30 per cent Return on Training Investment (ROTI), generate approximately Sh2 million in net value per company and recover their investment within three years. The independent study, conducted by Orange & Teal on behalf of Swisscontact, revealed that nearly 87 per cent of the value created through apprenticeship programmes comes from increased apprentice productivity, demonstrating the economic benefits of investing in practical skills training. The findings were unveiled during the PropelA Business Impact and Investment Insights Breakfast in Nairobi, bringing together government officials, private sector leaders, development partners and workforce development stakeholders to discuss strategies for addressing skills shortages and improving youth employment. Swisscontact Kenya Country Director Sharon Mosin said the findings demonstrate that skills development should be viewed as an economic investment rather than merely a social intervention. “Skills are economic infrastructure that drive productivity, competitiveness and growth. When businesses invest in skills, they are investing in their own future,” said Mosin. She said stronger partnerships between industry and training institutions were necessary to address the mismatch between skills possessed by graduates and those required by employers. The Kenya Association of Manufacturers (KAM) urged more employers to adopt demand-driven training models, saying such programmes have delivered measurable returns while opening employment opportunities for young people. KAM Chief Executive Officer Tobias Alando said collaboration with Swisscontact through the PropelA programme has trained more than 1,500 young people, facilitated employment for over 1,260 graduates, supported eight industry-led curriculum reviews and equipped 710 youth with entrepreneurship and financial literacy skills. Alando called for stronger collaboration among industry players, training institutions and government agencies while urging reforms to the National Industrial Training Authority (NITA) levy framework to encourage increased private sector participation in workforce development. NITA Manager for Industrial Training Development Musa Opuk said the government had strengthened work-based learning approaches to address concerns raised by employers over graduates lacking adequate practical skills. He explained that the dual apprenticeship model enables trainees to spend 70 per cent of their training period in industry and 30 per cent in learning institutions, allowing them to gain hands-on experience while pursuing recognised Level 5 and Level 6 qualifications under the Kenya National Qualifications Framework. Opuk said more than 80 per cent of apprentices are absorbed into employment after completing their training, demonstrating the effectiveness of combining classroom instruction with workplace exposure. He added that NITA is reviewing the industrial training levy framework to provide greater incentives for employers, including subsidised training opportunities and tax incentives for firms that support apprenticeship programmes. The government is also introducing a graduate apprenticeship programme under which employers hiring graduate apprentices will benefit from tax deductions. “Employers who pay wages to graduate apprentices will be eligible for a tax deduction of up to 50 per cent of the wages paid,” said Opuk. He commended businesses that have embraced apprenticeship programmes, saying their investment in skills development was contributing to youth empowerment and economic growth. Nicholas Komu, Director at Realtech Plumbers Ltd., said the company joined the PropelA Dual Apprenticeship Programme after identifying its potential to bridge the skills gap in the construction sector through a combination of classroom learning and workplace training. Komu said the plumbing industry had experienced a shortage of skilled technicians due to declining enrolment in technical institutions and economic challenges experienced in previous decades, forcing many companies to recruit and train inexperienced workers internally. “The plumbing industry had faced a shortage of skilled technicians for years due to low enrollment in technical institutions and an economic slowdown in the 1990s, forcing many firms to recruit and train inexperienced workers on the job,” he said. He added that the company has enrolled apprentices in two cohorts, with trainees demonstrating improved competence, confidence and workplace readiness. Following the success of the programme, Komu said Realtech Plumbers plans to increase the number of apprentices recruited in the next cohort and encouraged more employers to embrace apprenticeship models. The study also highlighted the benefits that small and medium-sized enterprises (SMEs) can gain through improved productivity, competitiveness and access to skilled workers. Initially introduced in electrical and plumbing trades, the PropelA programme has expanded to welding, lift and escalator maintenance, maintenance services and selected hospitality occupations. The programme has potential for adoption in other sectors including manufacturing, energy, transport and agribusiness, where demand for skilled workers continues to grow. Since its launch in 2023, PropelA has partnered with more than 70 companies, trained over 400 apprentices and achieved an employment rate of more than 80 per cent. Stakeholders said the success of the programme demonstrates the potential of work-based learning to strengthen enterprise performance, reduce youth unemployment and create sustainable career pathways for young people. By Wangari Ndirangu",,,https://www.kenyanews.go.ke/industry-led-apprenticeships-offer-solution-to-skills-gap-unemployment/#respond,2026-07-21T15:44:30+00:00,Normal,General public / patients,4,en
GOV_KENYA_NEWS_AGENCY_0111,Governance,Elections and Voter Education,"Religious leaders condemn political violence. Religious leaders under the Spiritual Churches Council of Kenya have strongly condemned the recent incident of political violence reported in Keumbu, Kisii County on July 3, 2026, where goons allegedly attacked the Linda Mwananchi convoy. Speaking in Migori Town, the clergy, led by Dick Okuku, urged politicians to exercise tolerance and conduct peaceful campaigns while cautioning young people against being manipulated into engaging in violence for political interests. “We are urging our Gen Zs and other youths to desist from being used and manipulated by the political class to settle their political scores”, said Okuku. The church leaders, however, commended Migori County political leadership for embracing peaceful coexistence, noting that the county has witnessed a significant reduction in political violence compared to the past. They reaffirmed their commitment to working with political leaders, the public, and other stakeholders to promote peace, unity, and issue-based politics as the country prepares for the upcoming General Election. “We are now 13 months to the next general elections, and we urge both the county and national leaders to exercise utmost political restraint, show respect, maintain peace and unity to have a prosperous country,” said Okuku. Mary Robi, also a clergy member, explained that as clergies, they will continue praying for the nation to achieve a peaceful election for the betterment of society. She urged the youth to remain focused and achieve what they want through the ballot instead of being allowed to be used cheaply by the political class. Robi noted that it is so painful to lose a child through political violence, adding that every life is sacred. She commended the Migori political class for showing great restraint and political tolerance in recent weeks and urged them to continue promoting peace and unity for the advancement of the socio-political and economic agendas. by Makokha Khaoya",,,https://www.kenyanews.go.ke/religious-leaders-condemn-political-violence-2/,2026-07-07T17:50:20+00:00,Normal,Citizens / voters,2,en
GOV_KENYA_NEWS_AGENCY_0112,Health,Healthcare Access,"Kenya safe and stable for tourists and investors, declare coastal leaders. Leaders from the coastal region have assured tourists and investors that Kenya in general and the coastal region in particular is a safe destination. Tourism is the economic backbone of Mombasa, Kwale, Kilifi and Lamu counties and supports local livelihoods, drives the hospitality sector, and stimulates related industries like agriculture and transport. The leaders have condemned recent statements by former deputy president Rigathi Gachagua that tourists and investors should avoid the country in the runup to the 2027 general election. Gachagua the Democracy for Citizens Party (DCP) leader has urged tourists and investors to stay away from Kenya, citing rising insecurity that he blamed squarely on the national government. They said the tourism sector should not remain stagnant simply because the country is hurtling towards a high-stake general election. The leaders were speaking in Mombasa after a high-level consultative meeting to discuss the future of the Coast region and strengthen collaboration towards sustainable economic growth and shared prosperity. Led by Cabinet Secretaries Hassan Joho (Mining, Blue Economy and Maritime Affairs) and Salim Mvurya (Youth Affairs, Creative Economy and Sports), the leaders said politicians should desist from issuing travel advisories and precautions to visitors and investors. Others were Senate Speaker Amason Kingi, Governors Abdulswamad Shariff Nassir (Mombasa), Gideon Mung’aro (Kilifi) and Issa Timamy (Lamu), senators Mohamed Faki (Mombasa) and Stewart Madzayo (Kilifi) and a host of MPs. Joho, Mvurya and Kingi are also past two-term governors of Mombasa, Kwale and Kilifi counties. CS Joho said Gachagua’s remarks that tourists and investors should stay away from Kenya over insecurity concerns was reckless and economic sabotage. He said Kenya has built a strong international reputation through its wildlife, white sandy beaches, rich culture and hospitality noting that negative portrayals could discourage potential visitors. “As leaders from the coast region, we condemn in the strongest terms possible the reckless and unfortunate remarks made by Gachagua, which appear calculated to undermine the tourism sector, the lifeblood of our regional economy, and discourage investment in the coast,” said Joho. Joho said such statements are not only irresponsible but also detrimental to the livelihoods of millions of people who depend directly and indirectly on tourism, hospitality, transport, trade and other sectors driven by a thriving coastal economy. He said for decades there have been individuals who have viewed the coastal region through the lens of ‘’exclusion and political expediency often seeking to destabilize its tourism driven economy for selfish political gains. “This pattern of divisive politics has, for decades, denied our people the opportunities and recognition they deserve,” he said, adding that the remarks come at a time when the national government is attempting to attract more visitors. He went on ‘our people will no longer be distracted by politics of fear, division or economic sabotage’. Joho said coastal leaders are united in safeguarding the fragile tourism industry, protecting jobs and creating an enabling environment that welcomes local and foreign investors. CS Joho says it’s unfortunate that the remarks come in the backdrop of a recent announcement by Nigerian tycoon Ali Dankote that he is set to put up a $17 billion (Sh2.2 trillion) mega oil refinery in Lamu. Dangote’s refinery is projected to process about 700,000 barrels per day, making it the largest oil refinery in East Africa. CS Mvurya said the unfortunate remarks by the former Deputy President came at a time local leaders were deliberating on how best to work together to fully exploit the region’s immense potential in tourism and the blue economy sector with a view to occasioning job creation, poverty eradication and improved socio-economic status. “We should all be committed to a concerted effort to create an enabling environment conducive to sustainable tourism development,” said Mvurya. Governor Nassir said the devolved governments in the coastal region are involved in a new strategy of attracting tourists from outside European nations that have traditionally been major sources of visitors. “We are working closely with global airlines in a bid to open direct flights through open sky policy,” he said. He said open sky policy allows international airlines to operate direct flights into Moi International Airport in Mombasa. “This initiative bypasses the need for tourists to connect through Nairobi, significantly easing travel and driving tourism growth in the coastal region,” he said. Airlines like Ethiopian Airlines, Flydubai, and various charter flights already utilize direct routes, bringing tourists closer to coastal destinations. He said leaders should champion keeping the tourism sector insulated from partisan politics to drive economic growth. Kilifi Governor Gideon Mung’aro said the utterances by Gachagua are irresponsible, undermine the country’s international reputation, and threaten the livelihoods of millions of Kenyans who depend on the tourism sector. “Tourism remains a key economic pillar for the coast, and any attempt to sabotage it is an attack on our economy, businesses, and families,” said Mung’aro. According to the ministry of tourism the country recorded about 2.7 million international tourist arrivals in 2025. The national government is targeting five million international arrivals by 2028, a goal that depends on sustaining global confidence in Kenya as a safe, secure and attractive destination. By Hussein Abdullahi",,,https://www.kenyanews.go.ke/kenya-safe-and-stable-for-tourists-and-investors-declare-coastal-leaders/,2026-07-21T15:25:36+00:00,Normal,General public / patients,4,en
GOV_KENYA_NEWS_AGENCY_0115,Health,Healthcare Access,"Man sentenced to life imprisonment for defiling toddler. By S, KNA A father of eight who pleaded not guilty to defiling his 17- months- old niece at his house has been jailed for life by a Kericho court. Kericho Senior Resident Magistrate Japhet Bii found Justus Kipsigei Cheruiyot, 46, guilty of defiling the toddler in his house on 1 May 2025 at Chesingoro village in Bureti sub-county within Kericho County. Cheruiyot was also charged with an alternative charge of committing an indecent act with the young child to which he also pleaded not guilty. The prosecution produced six witnesses, all who gave corroborating evidence against the accused. The court heard that on 1, May 2025, the toddler’s mother at around 10.20am, was woken up from her nap by her four- year- old daughter with information that her 17- months- old sibling was being killed by the accused whom he had taken to his house while armed with a knife. The child’s mother on rushing out of her house, met the accused who is her brother fleeing as he dropped her crying toddler to the ground. The mother found her naked child having lost consciousness with blood oozing from her genitals and mouth. She took her toddler to Kapkatet sub-county hospital for treatment where they were brought to Kericho Referral Hospital in an ambulance and the child was taken for surgery and admitted at the facility for 12 days. The matter was reported to Litein police station and the accused was arrested at around 5pm on May 1, 2025. A clinical officer who examined the minor told the court that indeed the toddler had been defiled. A P3 form and laboratory reports tabled before the court indicated that the hymen had been freshly torn and there was bleeding of her private parts. Sexual activity had taken place with penetration as observed with the broken hymen further confirming the defilement charge. A birth certificate was tabled before the court revealing the toddler was indeed 17- months- old at the time of the heinous ordeal. In his defence, the accused gave a sworn testimony and denied committing the offence. He told the court that he did not know what had happened that day. Cheruiyot added that he was arrested and taken to the police station where he was informed that he had defiled a child. He further told the court that the child was usually in the company of her mother and there was no way he would have defiled his niece. In mitigation, the accused pleaded for leniency asking for a non-custodial sentence as he had eight children who depended on him but the magistrate found him guilty and ordered that he serves life imprisonment. “I have considered the mitigation. I have also considered the circumstances which the offense was committed. The accused person committed a beastly act upon a child of tender age that was savage. It is more disturbing that the child belongs to the accused sister who lives in the same compound. From the foregoing, I find that the elements required to prove a case as this have been properly established. There was penetration of a minor by the accused person. The case against him has properly been proved. The accused is hereby found guilty as charged. He is consequently convicted under section 215 of the Criminal Procedure Code (Cap 75) laws of Kenya.” Bii ruled. The convict was reminded of the right to appeal the sentence within 14 days if dissatisfied.",,,https://www.kenyanews.go.ke/man-sentenced-to-life-imprisonment-for-defiling-toddler/#respond,2026-07-17T17:56:35+00:00,Normal,General public / patients,1,en
GOV_KENYA_NEWS_AGENCY_0116,Health,Healthcare Access,"St. Mary’s Mission Hospital, Kakamega paid Sh98 dues. By G, KNA Cabinet Secretary for Health Aden Duale has announced release of Sh98 million owed to the troubled St. Mary’s Mission Hospital in Mumias, Kakamega county paving way for its reopening. Speaking to the press outside the Kakamega County Governor offices after a meeting, Duale also announced that the government will in the next two weeks’ pay Kakamega County Sh100 million being part of the claims from SHA and that further reimbursements will be done once the ongoing verification of all claims is concluded. “By 14th of this week, the date SHA pays reimbursements, we shall pay Kakamega county Sh100 million and the remaining balances to be paid out once verification of all claims are concluded,” he added. Duale said the Ministry has put in place an AI Powered detection system that monitors every transaction real time, detecting suspicious patterns and blocking fraudulent claims. On St. Mary Mission hospital is Mumias run by the Kakamega Catholic Dioceses, ceased operations last month due to financial issues and alleged non-remittance of funds by the Ministry of Health. However, Duale said the hospital has since December last year to August this year, been reimbursed a total of Sh98 million. The CS said the hospital will receive another reimbursement of Sh14.3 million in the next two weeks, but said they have agreed with Bishop Joseph Obanyi of Kakamega Diocese on how the remaining balances will be cleared, once verification is concluded. “So from where we sit St, Mary’s hospital has not been closed by SHA, nor by the regulator Kenya Medical Practitioners and Dentist council, or the Digital Health Agency that controls the system and their license valid to operate. The CS said on reopening of the health facility, he will preside over a donation of a consignment of drugs from the government and a medical camp at the facility for area residents,” he added. “Those who are peddling rumors in funerals and to use St. Mary’s hospital for political mileage to look for something else to talk about”, he said, in an apparent reference to some politicians who have been calling for his resignation over non-remittance of claims to health facilities countrywide. Duale said the Ministry of Health will in the next two weeks unveil a Digital Tracking System in all public health facilities to curb theft of medical commodities. “We have put in place a water tight solid system to ensure that no staff can steal any medical commodities, not even a Panadol and the system will be operational in all public health institutions in two weeks’ time.” he added. Kakamega Diocese Bishop Joseph Obanyi, who also addressed the media said that they had had fruitful discussion with the CS and his team and confirmed that St. Mary’s Mission hospital had received a total Sh98,671,567 Million from SHA since December last year to August this year. “We have pending claims of Sh35 million that we expect to receive from SHA which will help us clear the arrears for workers’ pay,” he said. “We also have pending Sh10 million still being verified by SHA and will continue engaging,” said Bishop Obanyi. The Bishop said strike of workers at the health facility that led for ceasing of medical services was due to accruing salary arrears of 3 months from defunct National Health Insurance FUND (NHIF), which stands at Sh143 million. Bishop Obanyi added that once they receive another pending claim of about Sh14 million, when the necessary documentation and verification is concluded in the next two weeks, then St. Mary’s Mission Hospital will engage the workers to resume work. Kakamega Governor Fernandez Barasa said Kakamega County has registered a total of 800,000 people under SHA against its target of 1.8 Million people “We have embarked on a serious registration exercise to register the remaining one million people and I urge the residents to turn up and register in order to benefit”, he added. Barasa said Kakamega County is still owed Sh293 Million pending bills from SHA, Sh72 Million being for level two and threes, 55 Million for level fours and Sh166 million for level Kakamega County Teaching and Referral Hospital, which is level 5. The governor confirmed that SHA will pay the county Sh100 million, being part of the reimbursement of the pending bills for Kakamega County and Teaching Referral hospital in the next two weeks. “We are still awaiting an analysis of 15 level four public health facilities and level two hospitals,” he added. Present were the Principal Secretary Medical Services Dr. Ouma Oluga and the Chief Executive Officer (CEO) of SHA Dr. Mercy Mwangangi among others.",,,https://www.kenyanews.go.ke/st-mary-s-mission-hospital-kakamega-paid-sh98-dues/,2026-07-17T18:05:28+00:00,Normal,General public / patients,2,en
GOV_KENYA_NEWS_AGENCY_0117,Agriculture,Agricultural Training,"Uasin Gishu launches football tournament to nurture youth talent. Uasin Gishu Governor Jonathan Bii has called for increased investment in grassroots sports, saying nurturing young talent is essential in combating drug and substance abuse among youth while creating opportunities for economic empowerment. Speaking on Saturday during the launch of the Governor Chelilim Men’s Football Tournament at Naiberi Primary School grounds in Ainabkoi Sub-County, Bii said sporting activities provide young people with a positive platform to develop their abilities and remain focused on productive ventures. The governor noted that many young people risk falling into alcohol, marijuana and other forms of drug abuse when they lack meaningful activities to engage in. “Sports play a very important role in keeping our young people away from drugs and substance abuse. Without sports, many would have fallen into alcohol, marijuana and other narcotic drugs. We must protect our bodies and our minds because there is no spare body, and we must not allow our youth to destroy their future,” Bii said. He said Uasin Gishu, popularly known as the “County of Champions”, has a responsibility to strengthen sports development by investing in structures that identify and support emerging talent. Bii directed County Executive Committee Member for Sports Robert Kemei to lead efforts in training coaches and team managers across the county, saying qualified technical personnel are critical in developing competitive players. “We need trained coaches for every team, and we also need to train team managers. Once they are trained, we will register them and support them with a modest allowance so they can continue nurturing talent across the county,” he said. The governor said his administration would continue implementing programmes aimed at improving residents’ livelihoods despite political criticism. He cited the employment of Early Childhood Development Education (ECDE) teachers on permanent and pensionable terms and support for coffee farmers as some of the initiatives undertaken to improve household incomes. “Our focus is on delivering services to the people. We have employed ECDE teachers on permanent and pensionable terms, we are supporting our farmers to grow coffee and improve their incomes, and we will continue implementing programmes that transform the lives of our people,” Bii said. The Governor Chelilim Men’s Football Tournament has attracted more than 600 teams from across Uasin Gishu County and is expected to provide a competitive platform for young players to showcase their skills. The tournament will be played at ward, sub-county and county levels, with participating teams competing for a total prize purse of Sh14.1 million. Ward champions will receive Sh100,000, sub-county winners will take home Sh500,000, while the overall county champions will receive Sh1 million. Other top-performing teams will also receive cash awards. The launch featured an exhibition match between Huruma FC and Naiberi FC, with Huruma FC securing a 1-0 victory in a tightly contested encounter. The match attracted an enthusiastic crowd that witnessed players display skill, determination and teamwork, setting the pace for the tournament’s competitive fixtures. By Fredrick Maritim",,,https://www.kenyanews.go.ke/uasin-gishu-launches-football-tournament-to-nurture-youth-talent/,2026-07-19T16:04:01+00:00,Normal,Farmers,2,en
GOV_KENYA_NEWS_AGENCY_0118,Agriculture,Agribusiness and Market Access,"Marsabit khat women traders receive Sh13.5 million business boost. Khat (miraa) women traders in Marsabit County have received a Sh13.5 million financial boost to expand their businesses and access affordable credit through a cooperative society. The funds were raised during a fundraiser presided over by Marsabit Governor Mohamud Ali at Marsabit Stadium, where he urged the beneficiaries to embrace financial discipline and use the resources responsibly to grow their enterprises. The traders said the funds will be managed through the Gumi Miraa Sacco and issued as loans to members to strengthen miraa businesses and improve their livelihoods. Governor Ali encouraged women traders to join and actively participate in cooperative societies, saying collective action was key to empowering communities and promoting economic growth. “When people come together, they are able to spur economic development. Kenya cannot develop through rhetoric and politics alone,” the governor said. He also called on political leaders to lower political temperatures by promoting peace and competing through ideas and development rather than tribal divisions. Ali thanked President William Ruto for promoting national unity, saying residents of Marsabit had resolved to support the government’s development agenda. He said marginalized communities had benefited from improved access to government services, including streamlined issuance of national identity cards after the removal of previous vetting requirements that hindered many residents from acquiring the documents. Marsabit Deputy Governor Solomon Riwe urged the women to remain united, noting that cooperative societies provide members with opportunities to access financial support and expand their businesses. He encouraged the traders to avoid divisions and work together to achieve economic empowerment. Petroleum Principal Secretary Kello Harsama called for stronger cooperative movements, saying organized groups were better positioned to attract support from the government and other development partners compared to individuals. Harsama urged the Department of Cooperatives to provide financial management training to members and advised the beneficiaries to invest the funds wisely to ensure sustainable business growth. Marsabit Woman Representative Naomi Waqo challenged the traders to diversify their businesses by exploring other opportunities such as clothing enterprises and grocery shops to increase their income sources. Gumi Miraa Sacco Chairlady Amina Dida said the cooperative has 350 members comprising miraa traders and farmers. She said the funds would be provided to members as affordable business loans, enabling them to expand their small-scale enterprises. Dida noted that many members had previously struggled to access loans due to lack of collateral but the new support had created an opportunity for them to grow their businesses. “These funds will enable my members who lacked collateral to borrow from Saccos to boost their businesses,” she said. The fundraiser attracted contributions from various leaders and institutions, with Governor Ali donating Sh4 million, including Sh2 million from county government staff. Cooperatives Cabinet Secretary Wycliffe Oparanya contributed Sh1 million, while Woman Representative Naomi Waqo and PS Kello Harsama donated Sh200,000 each. The beneficiaries expressed optimism that the financial support would improve their businesses, increase household incomes and strengthen the role of women in Marsabit’s local economy. By Sebastian Miriti and Anthony Melly",,,https://www.kenyanews.go.ke/marsabit-khat-women-traders-receive-sh13-5-million-business-boost/#respond,2026-07-19T15:51:14+00:00,Normal,Farmers,6,en
GOV_KENYA_NEWS_AGENCY_0119,Health,Disease Prevention and Control,"Met department releases rainfall advisory as short rains subside. By S, KNA The Kenya Meteorological Department (KMD) has advised Kenyans to brace for a drier day as the October-November –December short rains come to an end. The department has also urged farmers to adopt moisture conserving measures in their lands to avoid losing their produce during the expected dry spell. This is after the weatherman released its climate outlook for the short rains that show November (traditionally the peak of the OND rains) was unusually dry in most parts of the country. In addition, the forecast for December indicates that most parts of the country are likely to experience near-average to below-average rains. “The anticipated near-to-below rainfall in the ASALs is likely to reduce soil moisture, affecting crop growth and pasture availability. The near-to-below-normal rainfall, coupled with poor spatial distribution, may negatively affect crop production, over most parts, especially over parts of the Central and Eastern sectors of the country, including the Coastal region,” reads the forecast signed by KMD acting Director Edward Muriuki. “Farmers are advised to implement water conservation practices such as mulching, and monitor soil moisture closely. Livestock producers should prepare for potential water and fodder shortages by storing feed and ensuring water points are well-maintained.” In terms of rainfall distribution for the month of December, Nyeri is among counties expected to receive near to below or depressed rains. Generally, rainfall distribution, both in time and space for this month is expected to be poor in most parts of the country. “Highlands East of the Rift Valley and Central Kenya (Nairobi, Nyeri, Kirinyaga, Murang’a, Kiambu, Meru, Embu and Turkana and Tharaka Nithi counties will experience intermittent rainfall with some breaks during the (December) month. The total rainfall amounts are likely to be near to below the long-term average for December,” read the outlook. The counties of Siaya, Kisumu, Homa Bay, Nyamira, West Pokot, Bomet, Laikipia, Narok, Kericho, Bungoma and Busia are also expected to have rainfall to be near the long-term average amounts for the month of December. Communities living in the ASAL regions have been advised to come up with water preservation measures during the coming three months to avert a possible loss of their stock due to drought. In terms of health impacts, health officials have been advised to sensitize to the public the need to observe proper sanitation standards to avert outbreak of diseases. The Department has warned that owing to the below-average rainfall and dry conditions in most areas, the risk of heat stress and vector-borne disease is not a remote possibility. “Public health advisories should emphasize proper hydration, safe food handling, and vector control measures such as mosquito net use and environmental sanitation. In areas where occasional rainfall may lead to localized flooding, stagnant water may create favourable conditions for the spread of vector-borne diseases. Conversely, in regions experiencing extended dry and dusty spells-particularly in the northern parts of the country –there may be an increased risk of respiratory and diarrhoea diseases due to compromised hygiene and water scarcity,” stated KMD. In October this year, KMD had warned of heavy rains in selected parts of the country during the October –November –December rains. Some of the areas that were expected to experience heavy downpour included those in the Lake Victoria Basin, the Rift Valley, the Highlands West of Rift Valley, West of Rift Valley and Highlands East of the Rift Valley according to the weather advisory released on October 22 2025. Among counties that had been put on high alert from the expected downpour included Kisumu, Nyeri, Bomet, Isiolo, Nairobi, Turkana, Mandera, Kajiado, Tharaka Nithi, Baringo and Murang’a. Overall, a total of 39 counties had been placed on high alert. “Rainfall currently affecting parts of the Lake Basin, the Rift Valley and the Highlands west of Rift Valley is expected to intensify to more than 30mm in 24 hours and spread to the Highlands of Rift Valley including Nairobi and parts of Southeastern lowlands on Thursday 23 October 2025.This is likely to mark the onset of the Short Rains Season (OND)2025 over several parts of the country expect over parts of Southern lowlands and the coastal region as indicated in the OND 2025 Forecast,” read the statement, signed by then KMD acting Director Kennedy Thiong’o. People residing in the listed regions had been advised on the need to take precautionary measures during the rainy season to avert possible water related catastrophes. The advisory was also shared with relevant emergency response agencies including the Presidency, Kenya Red Cross, National Disaster Management Operations Center and National Disaster Management Unit, Media and Council of Governors for proper preparedness and response in incase of disaster. “Flood waters may appear in places where it has not rained heavily, especially downstream. People are advised to avoid driving through or walking in moving water, open fields and not to shelter under trees and near grilled windows to minimize exposure to lightning strikes. People in landslide prone areas especially in the slopes of Aberdare ranges, Mt Kenya and other sloppy areas over the western region should be on high alert,” continued the advisory. The regions bordering the Highlands West of Rift Valley, the Lake Basin, the Central Rift Valley, the Northwest and most parts of the Highlands East of the Rift Valley were expected to receive near to above average rainfall. “The outlook for October 2025 indicates that the Highlands west of the Rift Valley, the Lake Victoria Basin, the Central and South Rift Valley, the Northwest, most parts of the Highlands east of the Rift Valley (including Nairobi County), and isolated areas in Marsabit are likely to experience near to above –average rainfall. In contrast, most of the Southeastern lowlands, the southern coast, a few areas of the Highlands east of the Rift Valley, and isolated areas of the Northeast and much of the Coastal region are expected to receive near to below-average rainfall,” continued the update. Nyeri., Murang’a, Embu, Meru, Nairobi, Kiambu, Tharaka Nithi and parts of Laikipia were among counties expected to receive rains near to above the long-term average for the month.",,,https://www.kenyanews.go.ke/met-department-releases-rainfall-advisory-as-short-rains-subside/#respond,2026-07-17T18:19:05+00:00,High,General public / patients,9,en
GOV_KENYA_NEWS_AGENCY_0122,Health,Maternal and Child Health,"Nandi intensifies fight against gender violence following alarming statistics. Nandi County has intensified efforts to combat Gender-Based Violence (GBV) and femicide following revelations that 38.4 per cent of women aged between 15 and 49 years have experienced physical violence at some point in their lives, placing the county fifth nationally in the prevalence of physical violence against women. The statistics, released during a sensitisation meeting of the Nandi County Gender Sector Working Group in Kapsabet, have prompted stakeholders to call for urgent, coordinated interventions involving the National Government, County Government, religious institutions, civil society organisations, community leaders and residents. According to the findings presented during the meeting, Nandi ranks behind Kakamega, Uasin Gishu, Elgeyo Marakwet and Vihiga counties in reported cases of physical violence against women. The county also recorded 16 reported femicide cases in 2023, ranking sixth nationally, while 20 cases were reported in 2024, placing it tenth nationally. Participants said the statistics highlight the need for strengthened prevention strategies, improved survivor support services and greater public awareness to curb the rising cases of violence against women and girls. Nandi County Commissioner Wilberforce Kilonzo said addressing GBV and femicide requires collective responsibility and sustained public engagement, noting that government agencies alone cannot eliminate the vice. He said the National Government has continued to use Huduma Mashinani forums across the county’s six sub-counties to educate residents on Gender-Based Violence, teenage pregnancy, child protection and other social challenges affecting communities. Kilonzo urged government agencies, faith-based organisations, civil society groups, schools and community leaders to intensify public awareness campaigns to encourage victims to report cases promptly and help transform attitudes that perpetuate violence. “The fight against Gender-Based Violence requires the active participation of every stakeholder. Through Huduma Mashinani forums, we are continuously sensitising communities on GBV, teenage pregnancy and other social issues, but more partnerships are needed if we are to eliminate these crimes,” he said. County Director of Gender George Ondonga said the meeting was convened to familiarise members of the Gender Sector Working Group with the findings and recommendations of the Gender Technical Working Group on GBV and Femicide and to develop interventions tailored to the county’s needs. Ondonga challenged members of the working group to move beyond policy discussions and become ambassadors against GBV within their respective institutions and communities. “Every member of the Gender Sector Working Group has a responsibility to become an ambassador in the fight against GBV and femicide by taking prevention messages to the grassroots,” he said. Teenage pregnancy also emerged as a major concern during the meeting. Stakeholders heard that 17 per cent of girls aged between 15 and 19 years in Nandi County have experienced pregnancy, with Aldai Sub-county recording the highest prevalence at 23 per cent. Participants said teenage pregnancy, school dropout, harmful cultural practices, alcohol and substance abuse and sexual violence are interconnected challenges requiring integrated interventions involving parents, schools, health providers and community leaders. To strengthen prevention and response, stakeholders recommended increased funding for GBV programmes, expanded public sensitisation campaigns and stronger collaboration among government institutions, faith-based organisations, civil society and community structures. They further proposed convening a county summit bringing together the Council of Elders, senior religious leaders, elected leaders and civil society organisations to develop a unified strategy for combating GBV and femicide. The meeting also resolved to mobilise resources from both the National and County Governments for the construction of a Gender-Based Violence Recovery Centre at Kapsabet County Referral Hospital. Kilonzo and Ondonga committed to convening a consultative meeting with relevant leaders and partners to explore funding options for the proposed facility. The planned recovery centre would provide temporary shelter, psychosocial counselling, legal assistance, medical care and referral services for survivors, particularly those who may face further danger if they return home immediately after reporting abuse. Stakeholders urged the National Government to prioritise Nandi County in its plan to establish a GBV Recovery Centre in every county, citing the county’s high prevalence of physical violence and increasing femicide cases. The meeting also examined the role of cultural practices in shaping behaviour among young people. Participants called on community elders to review the teachings offered during initiation ceremonies to ensure they promote respect for parents, teachers, women and children while discouraging violence, discrimination and harmful cultural norms. They observed that initiation rites should reinforce positive values, responsibility and peaceful coexistence instead of perpetuating attitudes that encourage abuse or gender inequality. Schools and colleges were identified as critical platforms for preventing GBV through education and early intervention. Stakeholders recommended integrating anti-GBV sensitisation programmes into learning institutions by involving teachers, counsellors and peer educators while using digital platforms, videos and other educational materials to create awareness among learners. Recognising the importance of engaging men and boys in preventing violence, the meeting proposed establishing male engagement committees at county and sub-county levels to champion positive masculinity and support community awareness campaigns. Participants also resolved to strengthen GBV referral pathways, improve coordination among duty bearers involved in prevention, reporting and case management, and promote the use of social media to reach more people with anti-GBV messages. They discouraged the use of Kipkaa, a traditional alternative dispute resolution mechanism, to handle GBV cases, saying criminal offences should be reported to law enforcement agencies and prosecuted through the justice system. The meeting further recommended holding standalone anti-GBV public barazas to provide sufficient time for focused discussions on prevention, survivor support and available reporting mechanisms. Stakeholders urged members of the public to report cases of sexual and gender-based violence promptly and called for a harmonised reporting system to improve coordination among government agencies and ensure survivors receive timely assistance. The sensitisation meeting brought together 20 members of the Nandi County Gender Sector Working Group drawn from the National Government Administration, Kenya Police Service, Office of the Director of Public Prosecutions, State Department for Gender and Affirmative Action, faith-based organisations and other partner institutions. The participants concluded by reaffirming their commitment to strengthening prevention, survivor protection, public awareness, coordination and accountability in the fight against Gender-Based Violence and femicide, expressing optimism that sustained collaboration among all stakeholders would help reverse the alarming trends and create safer communities across Nandi County. By Geoffrey Satia",,,https://www.kenyanews.go.ke/nandi-intensifies-fight-against-gender-violence-following-alarming-statistics/,2026-07-21T10:15:00+00:00,High,General public / patients,5,en
GOV_KENYA_NEWS_AGENCY_0123,Agriculture,Sustainable Farming,"Turkana intensifies preparations for Community Conservancy Board elections. The Turkana County Government, in partnership with the Northern Rangelands Trust (NRT), has intensified public engagement activities in Letea, Turkana West Sub-County, to prepare residents for the election of members to the Community Conservancy Board. The initiative seeks to strengthen community participation in natural resource management while laying the foundation for effective governance of the proposed conservancy. The ongoing programme includes stakeholder consultations, community capacity building and the development of a Community Conservancy Action Plan aimed at equipping residents with the knowledge required to participate meaningfully in the election process. The exercise is being led by County Director of Natural Resources Pauline Ng’oli and NRT Team Lead Moses Kinapu in collaboration with local administrators, community leaders and other stakeholders. Speaking during the public engagement forum, Ng’oli said the process is intended to ensure the Community Conservancy Board is established in accordance with the law and begins operating on a strong institutional foundation. “We have chosen to work closely with administrative structures, local institutions, community leaders and residents to establish a board that will effectively manage the proposed conservancy,” she said. Ng’oli noted that involving local communities from the outset would enhance transparency, accountability and community ownership of conservation programmes. Residents welcomed the initiative, saying the training had increased their understanding of the community conservancy model and prepared them to elect capable leaders. “We now have a better understanding of the community conservancy model and how it operates. As a community, we feel ready for the elections,” said Letea resident Mariao Peyonon. NRT Team Lead Moses Kinapu emphasised the importance of conducting free, fair and transparent elections, noting that residents could choose board members through either a secret ballot or consensus, depending on what the community agreed. Kinapu cited successful examples from conservancies such as Nasalot, where community conservancy boards have strengthened natural resource management, promoted environmental conservation and improved livelihoods. The County Government and NRT said they are promoting the community conservancy model in Letea and other parts of Turkana West to enhance environmental conservation, encourage community participation in natural resource governance and create sustainable livelihood opportunities for local residents. By Peter Gitonga",,,https://www.kenyanews.go.ke/turkana-intensifies-preparations-for-community-conservancy-board-elections/#respond,2026-07-21T15:10:13+00:00,Normal,Farmers,2,en
GOV_KENYA_NEWS_AGENCY_0124,Agriculture,Sustainable Farming,"Coastal residents urged to back government development agenda. Cabinet Secretaries Salim Mvurya (Youth Affairs, Creative Economy and Sports) and Hassan Joho (Mining, Blue Economy and Maritime Affairs) are actively urging residents in the coastal region to support the national development agenda. The two leaders emphasized the importance of community collaboration with the national government in driving sustainable economic activity, job creation, and the equitable use of public resources. Mvurya and Joho, accompanied by a host of local leaders, were speaking at Ronald Ngala grounds in Mombasa County during a meet-the-people engagement. They were accompanied by Mombasa Governor Abdulswamad Shariff Nassir, Senator Mohamed Faki; MPs Mohamed Machele (Mvita), Badi Twalib (Jomvu), Rashid Bedzimba (Kisauni), Mishi Mboko (Likoni) and Principal Secretary for Youth Affairs, Fikirini Jacobs. Ministers Mvurya and Joho, who are past two-term governors of Kwale and Mombasa, respectively, said policy continuity was critical to sustaining economic reforms, improving security and delivering long-term prosperity. The two defended the Kenya Kwanza administration’s record on regional equity, saying development was now being shared fairly across the country. “We want the people to continue supporting the bottom-up economic growth strategy of the national government,” said Mvurya. CS Mvurya reaffirmed the National Government’s commitment to creating opportunities for the youth to enable them to participate meaningfully in the country’s socio-economic development. Mvurya cited the Sh5 billion National Youth Opportunities Towards Advancement (NYOTA) project, which he noted is a bold intervention that will foster socio-economic stability in the long run. He said the NYOTA project, championed by the national government, is potentially a ‘panacea to the widespread youth unemployment’ and associated social ills in the country. Mvurya said the government will continue upskilling young people and creating an enabling environment where they can thrive. He said they will continue to crisscross the coastal counties of Mombasa, Kwale, Kilifi, Lamu, Taita Taveta and Tana River with elected leaders to promote peace and unity ahead of the 2027 general elections. Mvurya said they will continue engaging coastal residents to back the government development agenda on account of its commitment to advancing national development through sustained investment in priority sectors aimed at strengthening service delivery. On his part, CS Joho expressed the government’s commitment to accelerating meaningful development and expanding opportunities for the youth. He said the meet-the-people forums are focused on strengthening infrastructure, expanding economic opportunities, empowering the youth and enhancing service delivery while underscoring the importance of sustained public participation in shaping the development agenda. “We urge coastal residents to continue supporting the national government in its endeavor to undertake transformative development programmes in every corner of the country,” said Joho. Joho urged residents not to gamble with their future in the forthcoming 2027 general polls, warning that a wrong electoral decision could set back an entire generation. He said major infrastructure and economic projects in the coastal region include the Dongo Kundu Bypass (Mombasa), Mwache Multipurpose Dam (Kwale), LAPSSET Corridor (Lamu), and the proposed Mombasa-Nairobi expressway. “All these mega projects are geared toward transforming regional trade, water security, and transportation,” he said. Joho said the government will continue implementing programmes that promote inclusive development and enhance the quality of life for the citizenry. Governor Nassir urged the youth to avoid challenges such as drug and substance abuse, which he decried as a worrying reality affecting the society. The coastal county boss urged the youth to shun drug abuse and criminal activities to protect their personal health and secure a prosperous future. By Hussein Abdullahi",,,https://www.kenyanews.go.ke/coastal-residents-urged-to-back-government-development-agenda/,2026-07-18T13:15:54+00:00,High,Farmers,3,en
GOV_KENYA_NEWS_AGENCY_0125,Governance,Elections and Voter Education,"Maalim urges Northern Kenya residents to register as voters. Mandera Deputy Governor Dr. Ali Maalim has called on residents of Northern Kenya to register as voters, saying higher voter registration will strengthen the region’s political influence ahead of the 2027 General Election. Speaking during an Annual General Meeting (AGM) of a school in Mandera, Dr. Maalim urged all eligible residents to take advantage of the ongoing Enhanced Continuous Voter Registration (ECVR) exercise being conducted by the Independent Electoral and Boundaries Commission (IEBC). He appealed to residents of Mandera, Wajir, Garissa, Marsabit, Isiolo, Tana River and Turkana counties to register in large numbers, saying the pastoralist region must fully demonstrate its electoral strength. “We want everybody to take advantage of the voter registration exercise. I urge all the people of Mandera and Northern Kenya to ensure they register as voters. As pastoralist communities, we must demonstrate our numbers and ensure our voices are heard,” said Dr. Maalim. The Deputy Governor said increased voter registration would enhance the region’s voice in national decision-making and ensure its interests are well represented in future political processes. Dr. Maalim also reaffirmed his political support for President William Ruto, saying the region remained firmly behind the Head of State ahead of the 2027 polls. “Our direction is very clear. We are supporting President William Ruto, and we are not wavering on that position,” he said. His remarks come as the IEBC continues with Voter Registration exercise across the country to enlist new voters before the next General Election. According to IEBC statistics, 97,859 new voters have been registered across the North Eastern region during the exercise. Garissa leads with 24,575 new voters, followed by Marsabit (23,267), Wajir (21,171), Mandera (18,214) and Isiolo (10,632). Nationally, the commission has registered 2,345,476 new voters during the 30-day mass voter registration campaign, bringing the total number of newly registered voters since continuous registration resumed in September 2025 to 2,612,725. The IEBC, together with political leaders and civic organisations, continues to encourage eligible Kenyans, especially youth and first-time voters, to register and participate in the country’s democratic process. By Adan Mohamed",,,https://www.kenyanews.go.ke/maalim-urges-northern-kenya-residents-to-register-as-voters/,2026-07-20T11:32:50+00:00,Normal,Citizens / voters,6,en
GOV_KENYA_NEWS_AGENCY_0128,Governance,Elections and Voter Education,"Tharaka Nithi plans constituency museums to preserve culture for future generations. The Tharaka Nithi County Government will establish small museums in each constituency to preserve and promote the county’s cultural heritage, Governor Muthomi Njuki has announced. Speaking during the closing ceremony of a two-day Chuka Igambang’ombe Cultural Festival at Kaanwa Chiefs’ Camp, Njuki said the museums will showcase cultural artifacts, traditions and the history of communities across the county while serving as learning centres for residents, students and visitors. The governor directed the County Department of Culture to allocate funds for the initiative in the next county budget, saying the project is intended to safeguard the county’s rich heritage for future generations. “We must not allow our culture to disappear because it defines who we are. Our children should know their traditions and heritage,” Njuki said, expressing concern that many young people have limited knowledge of their cultural roots. He called on parents, elders and community leaders to take a leading role in passing cultural values, customs and traditions from one generation to another. Njuki said the county government would continue supporting community-based organisations, artists and cultural groups to strengthen efforts aimed at preserving and promoting local traditions. He noted that cultural festivals provide important platforms for celebrating identity, promoting unity and educating younger generations about their heritage. The governor also announced that the county’s flagship Ura Gate Cultural Festival will be held in August, with the exact date to be communicated later. He said the event will bring together communities from across Tharaka Nithi to celebrate the county’s cultural diversity through performances, exhibitions and traditional activities. Commending the success of the Chuka Igambang’ombe Cultural Festival, Njuki said the large turnout and colourful performances reflected residents’ commitment to preserving their cultural heritage. He praised the 25 cultural dance groups, artists, organisers and residents who participated in the festival for keeping traditional practices alive and encouraging cultural appreciation among young people. The governor also appealed to residents to protect wildlife by avoiding the killing of wild animals, saying conservation is essential in preserving Kenya’s natural heritage for future generations. On leadership, Njuki cautioned residents against embracing politics based on regional or clan interests, saying no constituency can elect leaders without support from others. Instead, he urged voters to evaluate leaders based on their development record, integrity and commitment to serving all residents equally, regardless of their place of origin. Maara Member of Parliament Kareke Mbiuki said annual cultural festivals play a vital role in preserving traditions while strengthening community identity, unity and social cohesion. Mbiuki commended the county government for supporting cultural groups and organising constituency cultural festivals, saying the initiative would help safeguard Tharaka Nithi’s rich cultural heritage for generations to come. By Christine Ngitori and Glory Kiende",,,https://www.kenyanews.go.ke/tharaka-nithi-plans-constituency-museums-to-preserve-culture-for-future-generations/,2026-07-19T13:40:58+00:00,Normal,Citizens / voters,6,en
GOV_KENYA_NEWS_AGENCY_0130,Health,Healthcare Access,"Groundnut business sustains Kericho trader’s family. As formal employment opportunities remain limited, many Kenyans are increasingly turning to Micro, Small and Medium Enterprises (MSMEs) to earn a living, support their families and contribute to local economic growth. Across towns and trading centres, small businesses continue to provide livelihoods for thousands of entrepreneurs, proving that modest investments, combined with determination and hard work, can transform lives and create sustainable sources of income. For 45-year-old Daniel Langat, a groundnut trader operating in Kericho town, selling roasted groundnuts has become more than just a business. It is the enterprise that has sustained his family, educated his children and given him hope for a better future over the past decade. Originally from Olenguruone in Kuresoi South Constituency, Nakuru County, Langat runs his business near the Jumbo area and opposite Kericho County Referral Hospital, serving commuters, traders, patients, visitors and residents throughout the day. The father of five says the business has enabled him to meet household expenses, pay rent and educate his children, with his first-born expected to complete Form Four this year. Langat’s entrepreneurial journey began after financial challenges forced him to drop out of school after completing Class Eight. Unable to continue with his education because his family could not afford school fees, he ventured into various informal jobs in search of a reliable source of income. Before settling on groundnut trading, he sold pineapples, hawked soap and worked for other people while learning the basics of running a business. From those experiences, he realised that roasted groundnuts offered a more dependable market. Compared to some of the other products he had sold, customers rarely complained about quality, while demand remained relatively steady throughout the year. Nearly 10 years later, the business has grown into his family’s main source of livelihood. Langat sells roasted groundnuts in packages ranging from Sh10 to Sh50 and above, making the product affordable to customers from different income groups. On slow business days, he earns between Sh1,500 and Sh2,000, while on good days his earnings exceed Sh3,000. He attributes his progress to consistency, discipline and patience rather than the size of his business. “Many people believe success only comes from big businesses, but I have learnt that consistency is more important than size. Every packet I sell brings me a step closer to my goals, and that is what keeps me going despite the daily challenges,” said Langat. Despite the gains, he acknowledges that operating a small business comes with uncertainties. Customer numbers fluctuate from one day to another, making it difficult to predict daily income. He says some days record brisk sales while others attract only a handful of customers, requiring resilience and careful financial planning to remain in business. “Business has its ups and downs. There are days when customers are few and sales are low, but giving up has never crossed my mind. Every new day presents another opportunity, and I have learnt that persistence is what keeps a business alive,” he added. Langat is also an active member of Africa Gospel Church (AGC) Immanuel in Kericho town, where he draws encouragement to remain focused on his business and family responsibilities. Looking ahead, he hopes to expand the enterprise through increased savings and eventually diversify into other income-generating ventures to improve his family’s living standards. He believes access to affordable financing would enable many small-scale traders to increase stock, improve their businesses and create employment opportunities for others. Langat has appealed to the government to establish more designated trading spaces for small-scale entrepreneurs and expand access to affordable loans and grants to help traders grow their enterprises. He further urged the government to introduce empowerment programmes targeting entrepreneurs above the youth age bracket, noting that while several initiatives support young people, many older business owners also struggle to access affordable capital despite operating viable enterprises. According to Langat, strengthening MSMEs through financial support, training and better trading infrastructure would not only improve household incomes but also contribute significantly to local economic development. He also encouraged aspiring entrepreneurs not to wait indefinitely for formal employment but to take advantage of available opportunities, however small, while remaining committed to disciplined financial management. “No work is too small if it is honest. Start with the little capital you have, remain disciplined and save consistently. Do not underestimate any business because what matters is how you organise and manage it. With patience, commitment and wise planning, a small enterprise can grow into a business that supports a family and even creates jobs for others,” he said. As more Kenyans embrace self-employment, MSMEs continue to play a vital role in reducing unemployment and strengthening local economies. Businesses such as Langat’s demonstrate how resilience, prudent management and determination can turn small ventures into reliable sources of income, supporting families while contributing to economic growth and community development. By Faith Chelang’at and Monica Irua",,,https://www.kenyanews.go.ke/groundnut-business-sustains-kericho-traders-family/,2026-07-20T16:18:20+00:00,Normal,General public / patients,3,en
GOV_KENYA_NEWS_AGENCY_0131,General,Uncategorized,"Religion. The National Council of Churches of Kenya (NCCK) has raised concerns over the growing influence of money and religion in shaping Kenya’s democratic process, warning that economic hardship is making",,,https://www.kenyanews.go.ke/category/relig/,2026-07-21T13:46:09+00:00,High,General public,1,en
GOV_KENYA_NEWS_AGENCY_0132,Health,Maternal and Child Health,"Tharaka Nithi rolls out projects to boost trade. The Tharaka Nithi County Government has unveiled a multisectoral development programme for Kaanwa Trading Centre in Mariani Ward, featuring road infrastructure, a modern market,improved healthcare and coffee revitalization to spur economic growth and improve livelihoods. Governor Muthomi Njuki announced the projects while launching the Kaanwa market roads paving project, saying the investments are part of the county’s broader strategy to modernise trading centres and improve access to essential services. He said the county government will pave roads within Kaanwa market to enhance accessibility and mobility, noting that the trading centre falls under Kathwana Municipality and will benefit from the municipality’s development initiatives. “Good town infrastructure, especially roads and markets, is a key driver of economic growth and would restore the dignity of our traders,” the Governor said. Njuki further announced that the county government will construct staircases for all shops in the market to improve accessibility, safety, and the general outlook of the trading centre. The Governor also revealed that rehabilitation of the MitheruKaanwa road is underway to enhance connectivity, ease transportation and facilitate movement of goods and services. In the health sector, Njuki said the Kaanwa Maternity Facility will soon be opened, bringing maternal healthcare services closer to residents. On agriculture, the Governor urged farmers in Mariani Ward to embrace coffee farming, saying research had confirmed that the crop can perform well in the area. He said the county government will allocate funds in its budget for the construction of a coffee factory in Mariani Ward to support value addition and improve farmers’ earnings as part of broader efforts to strengthen coffee production and revive the sub-sector. “We want Mariani to be the leading coffeeproducing ward in Tharaka Nithi County. Research has shown that coffee can thrive here, and we will continue investing in the sector to unlock its full potential,” Njuki said. By Dickson Mwiti and Christine Ngitori",,,https://www.kenyanews.go.ke/tharaka-nithi-rolls-out-projects-to-boost-trade/,2026-07-18T13:00:25+00:00,Normal,General public / patients,1,en
GOV_KENYA_NEWS_AGENCY_0134,Education,Access to Education,"Goverment launches hassle-free mobile ID cards enrollment exercise. By H, KNA The State Department for Immigration and Citizen Services has launched a hassle-free mobile enrollment exercise for the issuance of national identity (ID) cards dubbed Usajili Mashinani. The Usajili Mashinani is a people-centred initiative designed to reduce barriers to registration and ensure citizens fully benefit from the ongoing national government projects and social services across the country. Local opinion leaders have been urged to support the new initiative by encouraging all eligible people to show up for enrolment. State Department for Immigration and Citizen Services Principal Secretary (PS) Dr. Belio Kipsang says the new registration drive seeks to make the vital document accessible to all Kenyans, especially those residing in difficult-to-access areas. Dr. Kipsang urged eligible citizens to take advantage of this new ID campaign which will be characterized by mobile registration efforts. The PS urged administrators to support and expedite legitimate applications, provide accurate registration data, and support public awareness, noting that access to identification is a constitutional right and critical to socio-economic inclusion. “All registration officers are expected to uphold the highest standards of professionalism and discipline as corruption will attract punitive measures,” he said. The PS encouraged citizens to acquire national IDs to access government services, highlighting that over 400,000 users access the eCitizen platform daily, all of whom require a valid ID. Dr. Kipsang said to enhance mobile registration, the government has deployed 100 live capture machines, with additional units set to be rolled out nationwide to further intensify registration across the country. The initiative uses mobile units to target remote areas and pastoralist communities with a goal to reducing the time it takes to receive ID cards to a week. “This live capture technology will allow on-the-spot registration of citizens in remote areas with data transmitted real-time for processing within the shortest time possible,” said Dr. Kipsang. The PS commended chiefs and assistant chiefs for their continued efforts in the registration of persons. He said the government will use the ID cards scheme as a ‘reliable comprehensive data base’ to plan for the present and future generations. “The government is working overdrive to ensure that no Kenyan who turns 18 years and above is denied access to their rightful identity,” he said. He says the current identity cards issuance effort, specifically targets Kenyans residing in far-flung areas, where national registration offices do not exist. The PS was speaking in Hola town, Tana River county, accompanied by heads of directorates from the State Department, where he led a sensitization programme, engaging National Government Administrative Officers (NGAOs) on the Revised National ID registration guidelines. The sensitization focused on familiarizing administrators with the revised framework and emphasized the importance of expanding mobile registration outreach to ensure all eligible Kenyans access identification services. Dr. Kipsang called on National Government Administrative Officers(NGAOs) to strengthen grassroots sensitization, ahead of the upcoming 10-day intensive mobile registration exercise across Tana River county, reinforcing Usajili Mashinani as a key driver of inclusive service delivery. The PS said to accelerate the process, the government has eliminated mandatory intensive vetting for border counties placing such responsibility on local chiefs and their assistants to verify new applicants. He said the mandatory vetting in border counties was abolished by President Dr. William Ruto in May 2024, as it has placed many hurdles and created unnecessary bureaucracy denying many vital documents. Dr. Kipsang said similar sensitization engagements have been successfully conducted in Kilifi, Kwale, Taita Taveta, and Mombasa counties, strengthening grassroots coordination and delivery of registration services. He encouraged citizens to take advantage of this opportunity to obtain their ID cards, which are essential for participating in national activities including the upcoming 2027 general elections. “Usajili Mashinani is an initiative that will ensure that every eligible citizen is registered, empowering Kenyans to participate in the country’s growth and development,” he said. He said his office is determined to work towards ensuring that every Kenyan is accounted for and has access to their rightful identity and take part in nation building. The PS said that the government remains dedicated to preserving the integrity of Kenyan citizenship for ‘national pride and security’. “National government officials should ensure that the ID card issuance process to capture the populace proceeds smoothly in their areas of jurisdiction,” said the PS, adding that ID cards has a pervasive impact on every facet of the socio-economic fabric of the nation. ID cards serve as a critical document required for obtaining a taxpayer identification number, opening a bank account and applying for jobs, voters card and passport. They are also required for accessing social protection services including the Inua Jamii Cash Transfer programme for vulnerable populations such as the elderly.",,,https://www.kenyanews.go.ke/goverment-launches-hassle-free-mobile-id-cards-enrollment-exercise/,2026-07-17T18:23:29+00:00,Normal,Students / parents,6,en
GOV_KENYA_NEWS_AGENCY_0135,Health,Mental Health Awareness,"Tinderet farmers face poor maize harvest due to drought. Farmers in Tinderet Sub County are facing the prospect of one of the poorest maize harvests in recent years after erratic rainfall disrupted crop development, raising concerns over food shortages, rising maize prices and declining household incomes. Agricultural experts estimate that maize production in the sub-county could decline by between 30 and 40 per cent compared to a normal season, following prolonged dry spells experienced during critical stages of crop growth, particularly flowering and grain filling. Tinderet Sub County normally produces between 90,000 and 100,000 bags of maize annually, but this season’s output is projected to drop to between 55,000 and 65,000 bags due to moisture stress affecting thousands of hectares under maize production. Agronomist Peter Kiprono said inconsistent rainfall patterns had significantly reduced the yield potential of maize farms across the area. “The rainfall distribution was highly unreliable. While some locations received heavy downpours, they were followed by prolonged dry spells that stressed the maize crop at the most critical growth stages. We expect yields to decline sharply across most parts of the sub-county,” he said. According to the Ministry of Agriculture, maize is grown on nearly 18,000 hectares in Tinderet Sub County every year and contributes more than 60 per cent of household food requirements. However, field assessments have shown that many farms have been affected by moisture stress, with farmers reporting stunted crops, poorly filled cobs and reduced yields. In Songhor-Soba, Chemilil-Chemase and Kapchorua wards, farmers who expected to harvest between 20 and 25 bags of maize per acre now anticipate collecting only eight to 15 bags per acre. Farmer John Keter from Meteitei said the poor harvest would negatively affect his family’s food security and income. “We invested heavily in certified seeds and fertiliser, but the rains failed us. Instead of harvesting about 120 bags from my six-acre farm, I expect barely 60 bags. That means I will have to buy maize before the end of the year,” he said. Agricultural economist Jane Chebet warned that climate variability had become a major threat to food production in the region, urging farmers to embrace climate-smart farming practices. “The traditional rainfall seasons are becoming increasingly unpredictable. Farmers should adopt drought-tolerant maize varieties, water harvesting technologies and conservation agriculture to minimise production losses. Diversifying into crops such as beans, sorghum and millet will also improve resilience,” she said. The expected decline in production is likely to affect maize prices, with consumers facing higher costs due to reduced supply. A 90-kilogramme bag currently retailing between Sh4,800 and Sh5,200 could rise to between Sh6,000 and Sh6,500 later in the year if production shortages persist. Economists said reduced harvests would also affect household incomes because many farmers depend on maize sales to meet essential needs such as school fees, medical expenses and other family obligations. With fewer bags available for sale, households are expected to experience reduced disposable incomes, affecting spending power and local economic activities. Livestock farmers are also likely to feel the impact of the poor maize harvest as reduced availability of maize stalks could create shortages of animal feed during the dry season. This may force farmers to purchase supplementary feeds at higher costs. Food security advocate Grace Jepkemboi called for urgent measures to support vulnerable households and strengthen resilience among farmers. “Families that depend almost entirely on maize for food will be the hardest hit. We need greater investment in irrigation, climate-smart farming, timely weather information and crop diversification to safeguard food security,” she said. Stakeholders said increased investment in irrigation, access to reliable weather forecasts, improved extension services and promotion of drought-resistant crops would help farmers cope with changing weather patterns. Nationally, maize accounts for more than 65 per cent of Kenya’s staple food consumption, with the average Kenyan consuming about 98 kilogrammes annually. A significant decline in production from major maize-growing regions such as Tinderet could therefore contribute to supply shortages and increased prices across the country. By Sammy Mwibanda",,,https://www.kenyanews.go.ke/tinderet-farmers-face-poor-maize-harvest-due-to-drought/,2026-07-21T13:48:20+00:00,High,General public / patients,3,en
GOV_KENYA_NEWS_AGENCY_0137,Governance,Anti-Corruption Initiatives,"Garissa Public Service Board fully constituted after members sworn in. The Garissa County Public Service Board has been fully reconstituted following the swearing-in of three new members, paving the way for the board to resume full operations and strengthen public service management in the county. The ceremony, held at the Garissa County headquarters, was presided over by Garissa Chief Magistrate Thomas Mwangi, who administered the oath of office to Abdikadir Gure Farah, Naima Hassan Farah and Muhumed Abdi Oyow. The appointments restore the board to full membership after vacancies arose following the expiry of the terms of three former members. Garissa Governor Nathif Jama, accompanied by Deputy Governor Abdi Dagane, congratulated the new members and urged them to begin their duties immediately, noting that residents expect a fully functional board capable of improving service delivery. The Governor called on the board, led by Chairman Ahmed Abdirahman, to strengthen public service management, promote professionalism and ensure the county maintains an efficient and stable workforce. He further challenged the board to support measures aimed at containing the county wage bill while ensuring recruitment is based on merit and transparency. Jama said a professional public service is essential for maintaining continuity in government operations, even during periods of political transition. The Governor also urged the board to undertake payroll cleansing to eliminate irregularities and ensure that only qualified personnel are employed in the county public service. He said the exercise would enhance accountability, improve efficiency and promote quality service delivery to residents. The swearing-in ceremony was attended by County Commissioner John Cheruiyot, County Secretary Mohamud Mursal, Members of the County Assembly led by Sankuri MCA Abdirahman Mohamed, Township Sub-County Administrator Shaiya Hambe, as well as family members and friends of the newly appointed board members. By Mohamed Dahir",,,https://www.kenyanews.go.ke/garissa-public-service-board-fully-constituted-after-members-sworn-in/,2026-07-21T17:26:38+00:00,High,Citizens / voters,2,en
GOV_KENYA_NEWS_AGENCY_0139,General,Uncategorized,"Government expresses optimism over economic growth. National Treasury Principal Secretary Dr. Chris Kiptoo has assured Kenyans that the country’s economy remains stable, saying the government has made significant progress in restoring macroeconomic stability despite global economic shocks experienced over the past few years. Speaking in Gichugu, Kirinyaga County, Dr. Kiptoo said the economy had faced major external challenges from 2022, including the effects of the COVID-19 pandemic and the Russia-Ukraine war, which triggered high inflation, depreciation of the Kenya shilling and increased pressure on public debt management. “The external factors manifested in a very big way. Domestic prices went up, inflation rose to almost 9.6 per cent, the shilling came under a lot of pressure and we experienced challenges in managing our debt,” Dr. Kiptoo said. He noted that through deliberate government interventions over the last three years, the economy has steadily recovered. “In the last three years or so, we have worked very hard to stabilize the economy. Inflation has come as low as almost 2.7percent, but still went back to around 4.4 percent. We have stabilized the shilling, as you are aware,” the PS added. Kiptoo also encouraged Kenyans to invest in the Nairobi Securities Exchange, noting that investors who entered the stock market in recent years have more than doubled their investments due to improved market performance. “Macroeconomic stability has been achieved, and the stock market has performed exceptionally well. Those who invested have seen significant returns,” he said. Despite the gains, Dr. Kiptoo acknowledged that the government continues to face fiscal challenges, particularly in balancing revenue collection with rising public expenditure. “Everybody wants money, yet revenues are not growing as fast as our spending needs. This forces us to finance budget deficits. However, we remain committed to fiscal consolidation because it is in the country’s best interest to reduce debt and sustain economic stability,” he said. On the ongoing crisis in the Middle East, Dr. Kiptoo said Kenya has so far been shielded from severe economic impacts due to the resilience built over the past three years. “We have put in place measures to ensure the country continues to have adequate energy supplies despite the prevailing global uncertainties,” he added. PS Kiptoo also used the platform to appeal to Kenyans to remain united, saying national cohesion is essential for development. “We have a great country, and we have no other country but Kenya. Every time we face challenges, we overcome them because we are resilient. Let us continue promoting unity, love one another and work together for the good of our nation,” he said. His sentiments were echoed by Principal Secretary for the State Department for Forestry, Gitonga Mugambi, who urged Kenyans to uphold peace and patriotism. “We have a duty to love our country and take care of one another. Whatever our differences, we are one people and we are all Kenyans. We must ensure Kenya remains a country that we all cherish,” Mugambi said. The leaders were attending the burial of Josphat Simon Karinga Njagi the father of Dr. Jane Wangu Njuguna, Chief Executive Officer of the Kenya Forestry Research Institute (KEFRI). By Mutai Kipng’etich",,,https://www.kenyanews.go.ke/government-expresses-optimism-over-economic-growth/#respond,2026-07-18T11:51:58+00:00,Normal,General public,5,en
GOV_KENYA_NEWS_AGENCY_0140,Agriculture,Livestock Management,"Youth group turns one motorbike into thriving economic venture. A youth group in Ndhiwa East Sub-County has been hailed as a model of economic empowerment after transforming a single motorcycle into a diversified income-generating enterprise that now benefits dozens of its members. The Pala Moyie Boda Boda Youth Group received a major boost in 2018 when the then Ndhiwa MP, Augustino Neto Oyugi, donated one motorcycle to each of 22 youth groups under a youth economic empowerment programme. The group was among the beneficiaries. Speaking at Ojode Pala Trading Centre in South Kabuoch Location during a goat handover ceremony, the group’s Executive Secretary, Mark Onyango, said proceeds from the motorcycle business enabled the members to invest in three tents and a set of chairs, which they now hire out for community events such as weddings, funerals and meetings. The group later accumulated savings of about Sh268,000, allowing it to expand its investments. This week, members purchased 53 female goats and distributed them to 53 members as part of a livestock-rearing project aimed at improving household incomes. “While purchasing the goats, we could not get enough animals for all our members. We will later purchase the remaining 17 she-goats so that every member benefits from the initiative,” Onyango said. The former Ndhiwa MP, Augustino Neto Oyugi, who is also the co-party leader of the United Green Movement (UGM), praised the group’s prudent management of the resources they received. “When I first donated the motorbikes in 2018, I encouraged the 22 youth groups beneficiaries to use them to generate income. This particular group saved about Sh268,000 and invested in tents and chairs. They have now moved beyond collective investments to building the economic capacity of individual members by purchasing she-goats,” he said. Oyugi described the initiative as a significant milestone in youth empowerment and pledged continued support for the group. “This is a step in the right direction. We will continue working together with the group to ensure it has greater capacity to grow. We have also supported them with another motorcycle,” he said. He noted that youth empowerment and employment remain key pillars of the United Green Movement Party, adding that Kenya’s youthful population presents both an opportunity and a challenge. “Kenya has a youth demographic dividend, with nearly 70 per cent of the population aged between 18 and 35 years. Youth unemployment remains a serious challenge that requires all stakeholders to work together to address,” he said. Oyugi urged leaders across the country to invest in empowering young people instead of exploiting them for political violence. “Goonism is increasing because many young people are unemployed. As leaders, we must reject the use of youths for such vices and instead empower them with sustainable sources of income so they can live dignified lives,” he added. United Green Movement Party (UGMP) Co-organizing Secretary and Homa Bay County Woman Representative aspirant Elizabeth Ogweno commended the Pala Moyie Boda Boda Youth Group for discipline and resilience. “The Pala Moyie group has demonstrated discipline in management and resilience in the face of challenges. As leaders, we are committed to supporting development-oriented youth groups that are focused on improving the livelihoods of their members,” she said. By Sitna Omar",,,https://www.kenyanews.go.ke/youth-group-turns-one-motorbike-into-thriving-economic-venture/,2026-07-18T11:37:45+00:00,Normal,Farmers,5,en
GOV_KENYA_NEWS_AGENCY_0146,General,Uncategorized,"Title deeds restore hope to former Kihiumwiri land dispute victims. Residents of the former Kihiumwiri Land Buying Company settlement in Murang’a County are beginning a new chapter after decades of violent land disputes, following the Government’s land regularisation programme that has seen hundreds of title deeds issued to legitimate landowners. The exercise gathered momentum after Lands Cabinet Secretary Alice Wahome recently issued 750 title deeds to beneficiaries and directed a 90-day verification exercise to authenticate land ownership records before additional titles are processed. The settlement, now commonly known as Kenyatta Farm, was for years associated with violent land conflicts, prolonged court battles and disputed ownership claims that claimed lives, displaced hundreds of families and left many residents living in fear. Officials of Kihiumwiri Land Buying Company said the verification exercise is progressing well and is expected to be completed by the end of August, paving the way for the issuance of thousands of remaining title deeds. Company Director Josephat Thiongo said the exercise involves reconstructing historical land records to eliminate irregularities that had previously been exploited by land cartels. “We are rebuilding the registries to prevent any attempts to interfere with official records. This process will ensure that only genuine shareholders receive title deeds,” said Thiongo. He said completion of the verification exercise would enable the processing of the remaining title deeds and bring lasting certainty over land ownership in the settlement. According to company officials, the conflict claimed the lives of seven directors, while five others disappeared under mysterious circumstances and have never been traced. The violence also forced hundreds of families to flee their homes as disputes over land ownership intensified. Residents say the ongoing issuance of title deeds has restored confidence, reduced tensions and encouraged peaceful coexistence among people who were once divided by the conflict. Naomi Wanjiku, one of the beneficiaries whose husband was killed during the land clashes, described receiving a title deed as the end of years of uncertainty. “I am happy because I now know I will not be evicted from the land where I have lived for many years,” she said. She explained that residents are receiving title deeds for the parcels they currently occupy, while those whose original allocations correspond to undeveloped land retain ownership of those plots. The community is also seeking formal recognition of the name Kenyatta Farm in place of Kihiumwiri, saying the new identity symbolises reconciliation, peace and a fresh beginning after decades of violence, disappearances and prolonged legal battles over land ownership. By Muoki Charles",,,https://www.kenyanews.go.ke/title-deeds-restore-hope-to-former-kihiumwiri-land-dispute-victims/,2026-07-20T16:01:28+00:00,Normal,General public,3,en
GOV_KENYA_NEWS_AGENCY_0151,Agriculture,Agricultural Training,"Youth urged to utilize ICT hubs for digital opportunities. Youth in Turkana have been urged to make use of Information and Communication Technology (ICT) hubs in Lodwar to enhance their skills and tap into opportunities in the digital economy. Deputy County Secretary Joseph Nyanga made the appeal during a tour of ICT hubs in Lodwar, where he was accompanied by officials from the United Nations Children’s Fund (UNICEF). Nyanga said the County Government will work closely with UNICEF through the Directorate of Vocational Training to address challenges affecting the smooth operation of the ICT hubs. He encouraged ICT hub operators to benchmark with successful service providers locally and internationally to improve the quality of services offered. The visit brought together officials from UNICEF and the county government, including Directorate of Vocational Training Director Stephen Eregae, his deputy Jeremiah Loyapan, and representatives from ICT, ECDE, partnerships, and vocational training centres. By Peter Gitonga",,,https://www.kenyanews.go.ke/youth-urged-to-utilize-ict-hubs-for-digital-opportunities/#respond,2026-07-19T15:05:49+00:00,Normal,Farmers,3,en
GOV_KENYA_NEWS_AGENCY_0152,Health,Mental Health Awareness,"Kwale plants 2800 fruit tree seedlings to mark Mazingira day. By H, KNA Some 2800 fruit tree seedlings have been planted in Kwale county to mark this year’s Mazingira Day. The fruit tree planting exercise at Mavirivirini Primary School in Mwavumbo Ward, Samburu Sub-County of Kwale was led by Deputy Governor Chirema Kombo and County Commissioner (CC) Stephen Orinde. The countrywide tree planting campaign took place under the theme, “Citizen-Centric Tree Growing and Environmental Stewardship.” This year the Ministry of Environment, Climate Change and Forestry has urged all Kenyans to trace their primary school roots in a bid to donate and help in planting fruit trees on Mazingira Day marked annually on October10. The national government has set a target of 100 million fruit trees planted annually, translating into a budget of Sh1 trillion in 3 years. Deputy governor said the devolved government remains committed to protecting the environment and ensuring sustainable water for all. Kombo has urged area residents not only use the Mazingira Day to do tree planting, but also make it a habit of planting trees round the year. He highlighted the essential role trees play in absorbing carbon dioxide and protecting water catchment areas. “Since the national government directive of planting 15 billion trees by 2030 Kwale County has planted over 600,000 seedlings,” said Kombo. Speaking during the event, Chirema urged area residents particularly those from arid and semi-arid areas of Samburu, Kinango and LungaLunga sub counties to take the tree planting initiative seriously to curb the adverse climatic changes affecting the area. The DG noted the importance of tree planting in the arid and semi-arid zones adding that the initiative will help restore degraded land while improving livelihoods of local communities. “We have to change the narrative of our land and not just planting trees but growing fruit trees that will help us grow economically,” he said. On his part, Orinde said the national government works hand in hand with the county governments to make sure climate and environmental aspects are taken care of for the benefit of Kenyans. “The national government has many projects and we implement them together with the county government so that we change the harsh conditions for our people particularly in areas of Samburu Kinango and LungaLunga Sub-Counties,” he said. The CC urged residents to be intentional in planting and caring for tree seedlings, stressing that trees help in fighting climate change by absorbing carbon dioxide from the atmosphere. He said Kenya is facing an environmental crisis as a result of global warming, requiring collective action from all and sundry to combat the adverse effects of climate change. The CC explained that the choice of fruit trees by the government was deliberate, noting that besides their environmental benefits, they also provide a sustainable source of income for the people. “Let each one of us plant and nurture at least a tree not just for ourselves, but for our environment and posterity,” said Orinde.",,,https://www.kenyanews.go.ke/kwale-plants-2800-fruit-tree-seedlings-to-mark-mazingira-day/,2026-07-17T18:11:08+00:00,Normal,General public / patients,1,en
GOV_KENYA_NEWS_AGENCY_0154,Security & Safety,Public Safety Awareness,"Lodwar stormwater drainage project takes shape. Preparations for the implementation of the Lodwar Storm Water Drainage Project are underway, marking a significant step toward addressing flooding challenges within Lodwar Municipality. Pre-implementation activities, including technical engineering designs, Environmental Impact Assessments (EIA), and the development of a Resettlement Action Plan (RAP), are currently in progress. These activities commenced following the introduction of Avatech Consult Limited to the project site by Lodwar Municipality management and technical officers on 15th July 2026. Speaking during the site introduction, Municipality Manager, Peter Emuria, urged the consultant to adhere to the required quality standards and timelines outlined in the consultancy’s terms of reference. Project Engineer Augustus Keya highlighted the scope of the assignment and emphasized the importance of close collaboration between the consultancy team and municipal staff to ensure successful project delivery. Upon completion, the storm water drainage project is expected to significantly reduce the risk of flash floods, protecting households, businesses, infrastructure and livelihoods across Lodwar Municipality. Others present included Deputy Municipality Manager, Simon Nang’iro, Environment Officer John Kirwa, Accountant James Ekaran, Supply Chain Management Officer Gideon Kipyego, and technical personnel from Avatech Consult Limited. By Peter Gitonga",,,https://www.kenyanews.go.ke/lodwar-stormwater-drainage-project-takes-shape/#respond,2026-07-18T15:30:16+00:00,Normal,General public,2,en
GOV_KENYA_NEWS_AGENCY_0155,Health,Disease Prevention and Control,"Busia to roll out Mpox vaccination campaign in Malaba. The County government of Busia is set to roll out an Mpox vaccination campaign in Malaba from July 17, 2026, in a 7–10-day exercise targeting populations at high risk of infection in the busy border region. The campaign is part of efforts to curb the spread of the disease in Teso North, which hosts the Malaba One Stop Border Post, one of Kenya’s busiest entry points. Malaba border post is characterized by high volumes of cross-border movement, increasing the risk of disease transmission. The exercise will target people who were not vaccinated during the previous campaign. Among those targeted are truck drivers, boda boda operators, sex workers, market vendors, hawkers, members of the cross-border business community, clearing and forwarding agents, hotel workers, money changers and frontline healthcare workers. Health officials will conduct both daytime and nighttime vaccination drives to ensure the targeted groups are reached at their places of work. Speaking during a stakeholders’ meeting, Teso North Sub-County Diseases Coordinator, Kelvin Tangara said each eligible person will receive a single dose of the vaccine and remain under observation for 30 minutes after vaccination to monitor any immediate adverse reactions. He added that vaccinated individuals will continue to be monitored for 28 days for any delayed adverse effects following immunization (AEFI). “We are also planning to roll out routine Mpox vaccination at the border point to reduce the risk of cross-border transmission of the disease,” he said. Tangara said every vaccinated person will receive a vaccination certificate as he urged residents to remain vigilant by observing preventive measures and seeking medical attention whenever they develop symptoms associated with Mpox. By Jane Kefrica and Elizabeth Achieng",,,https://www.kenyanews.go.ke/busia-to-roll-out-mpox-vaccination-campaign-in-malaba/#respond,2026-07-18T15:22:56+00:00,Normal,General public / patients,3,en
GOV_KENYA_NEWS_AGENCY_0158,General,Uncategorized,"Kapsabet gears up for Bishop Lelei installation. By L, KNA The Catholic faithful in Nandi are preparing for three days of prayer, ahead of the impending installation of Bishop John Kiplimo Lelei. The cleric is first Bishop of the newly created Kapsabet Diocese and the historic occasion has been scheduled for August 29 to 31. The festivities will open on 29th with a grand procession and vigil prayers at the Kapsabet Catholic Church. Choirs, youth groups, and women’s guilds will lead praise and worship sessions, as thousands gather to spiritually prepare for the ordination. The second day, will be the highlight, when Bishop Lelei is ordained and officially installed during a solemn Holy Mass at Eliud Kipchoge Sports complex in Kapsabet town. The mass will be presided over by the Apostolic Nuncio to Kenya Hurbertus Maria van Megen alongside the Archbishop of Eldoret Rev. Dominic Kimengich and bishops from across the country. The event is expected to attract thousands of Christians, clergy and leaders. On August 31, the faithful will conclude the celebrations with a thanksgiving service and cultural extravaganza, featuring traditional Nandi dances, youth choirs, and musical performances at St. Peters Catholic church in Kapsabet town. Leaders have pledged to support the new diocese both spiritually and socially. During a fundraising Mass on Sunday at Kapsabet Catholic Church, National Assembly Speaker Moses Wetang’ula called for unity ahead of the historic installation. “The installation of Bishop Lelei is not just for Catholics; it is a blessing for the whole community. We call on everyone leaders and faithful alike to support the Diocese so that it may grow strong from the very beginning,” he said. The national assembly speaker commended the faithful for their perseverance and commitment saying, the creation of the Kapsabet Diocese is a testimony of faith and endurance. Nandi Governor Stephen Sang described Bishop Lelei’s appointment as a blessing for the County and vowed to fully support the church. “This installation is a unifying milestone for our people and a moment of pride for the entire Nandi community,” he said. Former Cabinet Minister Henry Kosgey, who was among the pioneers advocating for the creation of the new diocese, said the installation was the fruit of long prayers and persistence. “For decades, we petitioned the Vatican for a Diocese in Kapsabet. Today, our prayers have been answered, and future generations will benefit from a stronger presence of the church,” he said. Nandi Woman Rep Cynthia Muge lauded the moment as historic for women and youth. “The new diocese means more opportunities for our young people and women, who are the backbone of the church. Bishop Lelei’s leadership will ensure no one is left behind,” she said. Nandi Deputy Governor Dr. Yulita Mitei echoed the same sentiments, emphasizing inclusivity. “This Diocese will be a pillar not just of faith, but of community development. It will uplift families, empower the vulnerable, and give hope to generations,” added Mitei. Patrick Kitur, Moderator of the Eldoret Diocese, described the incoming Bishop as a devoted servant of God. “He has been a pillar of faith for decades, and this appointment is well deserved,” he said. The creation of the Kapsabet Diocese marks a major milestone for Catholics in Nandi and the wider Rift Valley. Until now, the faithful in the region were under the Diocese of Eldoret, which covered a vast geographical area stretching across several counties. The new Diocese will bring services closer to the people, ease pastoral work, and strengthen evangelization at the grassroots. It is also expected to spur the growth of Catholic-sponsored schools, health facilities, and community development projects in Nandi. Joseph Maiyo, a youth leader from Emgwen sub county said, “For a long time, our Diocese was too wide, and youth programs hardly reached us. Now we will have activities closer home that will nurture our talents and faith.” The 66 year old Bishop Lelei was born in Soy and has served the Catholic Church for over two decades. He was ordained in the early 2000s under the Diocese of Eldoret. He holds a Doctorate in Theology, specializing in liturgy, from the University of Vienna. He has served in various pastoral positions like Vicar in Suwerwa and Chepterit, as well as Parish Priest in Yamumbi, Tachasis, Kapcherop, Tindinyo, and Kapsabet He Studied philosophy at St. Augustine’s Senior Seminary (Mabanga) and theology at St. Thomas Aquinas Major Seminary (Nairobi) Lelei is widely respected for his pastoral approach, calm leadership style and commitment to grassroots evangelism and education He is celebrated for his deep liturgical knowledge, service in formation and seminary governance, as well as his pastoral dedication to families and youth. His appointment is seen as a milestone, ushering in localized spiritual leadership and growth in the Nandi region The installation and elevation of the Kapsabet Diocese is being hailed as both a spiritual triumph and a social milestone, with thousands expected to take part in the three-day celebrations.",,,https://www.kenyanews.go.ke/kapsabet-gears-up-for-bishop-lelei-installation/,2026-07-17T17:56:21+00:00,Normal,General public,1,en
GOV_KENYA_NEWS_AGENCY_0159,Agriculture,Sustainable Farming,Migori. Farmers in Southern Nyanza have been encouraged to embrace horticulture farming as a profitable venture capable of improving household incomes and creating sustainable livelihoods. Former Horticulture Development Authority (HCDA) official and,,,https://www.kenyanews.go.ke/category/county/mgi/,2026-07-21T15:49:19+00:00,Normal,Farmers,2,en
GOV_KENYA_NEWS_AGENCY_0162,Agriculture,Sustainable Farming,"Mombasa, SHOFCO partner to expand skills training opportunities. Mombasa County Government has partnered with Shining Hope for Communities (SHOFCO) to expand vocational skills training and economic empowerment opportunities for women and young people. Governor Abdulswamad Sheriff Nassir said his administration remains committed to improving access to education and creating pathways for residents to acquire practical skills that enhance livelihoods and promote self-reliance. The Governor spoke at Tononoka Grounds in Mvita Sub-County during SHOFCO’s community leadership elections presided over by the organisation’s Founder and Chief Executive Officer, Kennedy Odede. The exercise brought together hundreds of residents who elected officials to lead SHOFCO’s grassroots structures in Mombasa. Positions contested included chairperson, vice chairperson, secretary general, assistant secretary general, treasurer, youth representative, women representative, vice women representative, persons with disabilities representative, and minority representative. Addressing residents after the elections, Nassir said education and youth empowerment remain central pillars of his administration’s development agenda. He said the county government, in collaboration with the Mombasa County Assembly, had established a revolving fund to support vocational training for young people in various trades, including welding, tailoring, and masonry. The initiative is aimed at equipping young people with employable skills that enable them to secure livelihoods, start businesses, and create employment opportunities for others. “Our vision is to ensure that every young person has an opportunity to acquire practical skills that can improve their livelihoods. We want our youth to become job creators instead of job seekers, and that is why we continue investing in vocational training and empowerment programmes,” Nassir said. The Governor noted that the county had also implemented education support programmes to reduce the financial burden on families and encourage children to remain in school. He said the county’s school feeding programme targeting learners in Early Childhood Development Education (ECDE) centres and public secondary schools had helped ease pressure on parents by reducing education-related expenses. According to Nassir, the programme has enabled more learners to attend school consistently by supporting families struggling with rising costs of living. He added that the county government had introduced free ECDE education, supplied learning materials, and ensured ECDE teachers receive their salaries on time to improve the quality of early childhood education. On governance, Nassir praised SHOFCO for conducting a transparent, peaceful, and inclusive election, saying the process demonstrated that leadership contests can be conducted without divisions based on ethnicity, religion, or race. “The Independent Electoral and Boundaries Commission can draw valuable lessons from the SHOFCO elections. This process has shown that elections can be free, fair, and peaceful when transparency and unity are upheld,” he said. The Governor challenged SHOFCO to expand its civic education model to other counties ahead of the 2027 General Election, saying it would promote informed participation and strengthen peaceful democratic processes. He commended SHOFCO leadership and members for their continued efforts in empowering communities and creating opportunities for vulnerable groups. Nassir said the county government would continue partnering with organisations that prioritize citizen participation and community-driven development. Speaking during the event, Odede said SHOFCO believes sustainable development begins when communities are empowered to elect accountable leaders who understand and champion local priorities. He said the newly elected officials would serve as a link between residents and SHOFCO in implementing programmes focused on education, healthcare, livelihoods, and social welfare. Odede pledged to strengthen collaboration with the Mombasa County Government to expand vocational training, entrepreneurship programmes, and economic empowerment initiatives targeting women and youth. “Women and young people are the backbone of our communities. By equipping them with practical skills and creating opportunities for economic empowerment, we are building stronger families and a more prosperous society. We look forward to working closely with Governor Nassir to transform more lives in Mombasa,” Odede said. The Governor welcomed the partnership, saying collaboration between the county government and development partners such as SHOFCO would accelerate efforts to address unemployment, strengthen community resilience, and improve household incomes. The SHOFCO elections concluded peacefully, with residents expressing optimism that the newly elected leaders would strengthen community participation and support the implementation of development programmes across Mombasa County. By Joshua Peter",,,https://www.kenyanews.go.ke/mombasa-shofco-partner-to-expand-skills-training-opportunities/#respond,2026-07-19T14:10:40+00:00,Normal,Farmers,2,en
GOV_KENYA_NEWS_AGENCY_0165,General,Uncategorized,"Social. Hearing-impaired youth in Vihiga County have been encouraged to take advantage of government financing programmes to grow businesses, improve livelihoods and achieve economic independence. The call was made during an empowerment",,,https://www.kenyanews.go.ke/category/social/,2026-07-21T17:48:13+00:00,Normal,General public,2,en
GOV_KENYA_NEWS_AGENCY_0166,Education,Civic Education,"Money, religion threatens democratic process ahead of 2027 polls , warns NCCK. The National Council of Churches of Kenya (NCCK) has raised concerns over the growing influence of money and religion in shaping Kenya’s democratic process, warning that economic hardship is making many voters, particularly young people, more vulnerable to political manipulation ahead of the 2027 general election. Findings of a nationwide study released during a stakeholders’ forum in Kwale County indicate that vote buying, the politicisation of religious spaces and the recruitment of unemployed youth into politically sponsored violence are emerging as major threats to credible elections and democratic governance. The study, conducted across all NCCK regions through individual interviews and focus group discussions, was commissioned following the Gen Z-led protests against the Finance Bill to assess factors influencing citizens’ political choices and participation in democratic processes. Speaking during the release of the findings at PEFA Church in Kwale, NCCK Coast Region Chairperson Bishop Dr. Peter Mwero said financial inducements and religious influence continue to shape electoral decisions in many parts of the country, often at the expense of accountability and good governance. “Many citizens make electoral choices based on money or religious influence instead of leadership qualities and public interest. That weakens democracy and undermines good governance,” said Bishop Mwero. He noted that rising unemployment and economic hardships have left many young people susceptible to political exploitation, with some politicians allegedly using cash incentives to influence voters and recruit youth to disrupt political meetings. The cleric also expressed concern over the increasing use of places of worship as political platforms, saying some leaders attend religious events primarily to gain visibility and seek political support. “Places of worship should never become transactional spaces where donations are exchanged for political endorsement. The church must remain an independent moral voice that speaks for justice, truth and accountability,” he said. Mwero urged Kenyans to elect leaders based on integrity, competence and commitment to public service rather than short-term financial incentives. He further called for greater transparency and stronger oversight of campaign financing ahead of the 2027 polls. On political violence, the bishop condemned the recruitment of youth into organized gangs to disrupt political activities, warning that while politicians often reconcile after elections, communities are left grappling with long-term divisions and insecurity. “Youth should reject being used as instruments of violence and instead register as voters and participate peacefully in shaping the country’s future,” he added. Reverend Opondo Oluoch of the Anglican Church of Kenya (ACK), Diocese of Mombasa, and the youth representative in the NCCK Kwale County Coordinating Committee, challenged young people to make independent political decisions despite prevailing economic pressures. “As young people, we should not allow money to determine our vote. Our decisions must reflect the future we want for ourselves and for generations to come,” said Oluoch. He encouraged youth to pursue leadership opportunities and actively participate in governance processes instead of allowing themselves to be manipulated by politicians. Peninah Mwanyoha Ndegwa, Treasurer of the NCCK Kwale County Coordinating Committee and a member of the Methodist Church in Kenya, said the findings had reaffirmed the church’s responsibility to champion justice and good governance. “The church cannot remain silent when society is facing moral and governance challenges. We must continue guiding our communities to make informed decisions founded on truth and justice,” she said. Ndegwa called on churches to intensify civic education campaigns against vote buying, noting that women and young people remain among the groups most vulnerable to electoral bribery due to economic challenges. “The money offered during campaigns lasts only a day, but the consequences of electing leaders without integrity remain for years. Communities must resist exchanging their votes for temporary financial gain,” she said. She further urged the government to strengthen interventions aimed at reducing poverty and curbing voter bribery, arguing that addressing economic vulnerability would lessen politicians’ ability to influence electoral outcomes through cash handouts. The NCCK said the findings will inform future civic education and advocacy initiatives aimed at strengthening electoral integrity, promoting issue-based politics and encouraging informed voter participation as the country prepares for the 2027 General Election. By Chari Suche",,,https://www.kenyanews.go.ke/money-religion-threatens-democratic-process-ahead-of-2027-polls-warns-ncck/,2026-07-21T13:46:09+00:00,High,Students / parents,8,en
GOV_KENYA_NEWS_AGENCY_0167,General,Uncategorized,"AClimate. By N, KNA The government of Kenya has urged stronger regional cooperation in climate services to address worsening climate shocks across the Horn of Africa. Speaking at the official opening of the",,,https://www.kenyanews.go.ke/category/aclimate/,2026-07-17T17:56:32+00:00,Normal,General public,1,en
GOV_KENYA_NEWS_AGENCY_0176,General,Uncategorized,"Nakuru. Nakuru Senator and Deputy Majority Leader Tabitha Karanja has called on security agencies to dismantle organised political goonism, warning that rising cases of violence and intimidation could undermine Kenya’s democracy",,,https://www.kenyanews.go.ke/category/county/knu/,2026-07-21T17:55:11+00:00,High,General public,1,en
GOV_KENYA_NEWS_AGENCY_0177,Education,Educational Resources,"KUCCPS revives hopes of former students to get varsity placements. The Kenya Universities and Colleges Central Placement Service (KUCCPS) has launched a new product to provide opportunities for students who did not apply for any university programmes in previous years. While speaking at this year’s University Funding Model Sensitisation Forum at Uriri Senior School, organized by Uriri Member of Parliament Mark Nyamita, KUCCPS Chief Executive Officer Dr. Agnes Mercy Wahome disclosed that they have launched a new product in their system to allow students who did not apply for any university programme in the previous years to do so. She said that within 24 hours after the launch of the new product on the KUCCPS platform, already 1,000 students had applied and downloaded their university placement letters. The new product will allow students who did not apply for any programme to apply, then get a university placement letter that is generated on the spot, allowing students to proceed and apply for HELB and scholarship funds. Wahome explained that on average 85 percent of students who qualified to join university have been applying for university programmes, with 15 percent failing to do so this year and in previous years. According to Wahome, KUCCPS has been doing mapping for the remaining 15 percent since 2022, which led to the launch of the new product to allow students who previously did not join university due to unknown reasons to get another chance of placement. The University Funding Model Sensitisation Forum at Uriri Senior School brought together about 2,200 Form Four leavers, class of 2025 and previous years from Uriri Sub County who received crucial information from KUCCPS and Higher Education Loans Board (HELB) officials. “We are targeting at least 3,000 students to register for the University Funding Model Sensitisation Forum in Uriri to help them get a good insight into what is required from the university funding system as well as offer guidance on university placement,” said Uriri MP Mark Nyamita. The forum was also designed to provide parents and guardians with accurate information on university admission and government funding opportunities that their children will be exposed to. Nyamita explained that the forum also aimed to demystify the myths about the new university funding model and give the right information to students on university programmes and funding to reduce mistakes that can lead to underfunding of needy students. The Uriri legislator also affirmed that unlike previous years where Uriri Sub-County hosted the forum, this year’s programme will ensure that beneficiaries are distributed equitably across all Sub-Counties in Migori, broadening access to higher education funding opportunities. Last year, approximately 800 applicants from Uriri Sub-County benefited from the initiative. The expanded approach is expected to increase access for students from across the county. The high turnout underscores the growing demand for reliable information on university placement and financial aid as thousands of students prepare to transition to institutions of higher learning. HELB Chief Executive Officer (CEO) Geoffrey Monari encouraged needy students to apply for the HELB and scholarship funds and ensure they provide all the necessary documents needed to receive the highest level of scholarship funds. He, however, cautioned students who will be joining the university for the first time this coming August and September to utilise the funds prudently to ease their educational stay. “The funds that you will get are not meant for betting and other negative vices, but rather for a comfortable stay as you pursue your education dreams and careers,” said Monari. By Makokha Khaoya",,,https://www.kenyanews.go.ke/kuccps-revives-hopes-of-former-students-to-get-varsity-placements/,2026-07-19T11:57:00+00:00,Normal,Students / parents,6,en
GOV_KENYA_NEWS_AGENCY_0178,Governance,Elections and Voter Education,"Government officials seek Mount Kenya support for Ruto’s re-election bid. Senior government officials have adopted a conciliatory approach in an effort to rebuild the Kenya Kwanza administration’s relationship with the Mount Kenya region as they seek to rally support for President William Ruto’s re-election in 2027. Speaking during an Education Day at Mbiriri Comprehensive School in Kieni, Nyeri County, the officials acknowledged growing dissatisfaction with the administration and appealed to residents for dialogue, reconciliation and continued cooperation with the government. The leaders, who are affiliated with the Mount Kenya Leaders Caucus, said political tensions following the impeachment of former Deputy President Rigathi Gachagua had strained relations between the region and the national government, making it difficult for government representatives to communicate development achievements. The event brought together Cabinet Secretary for Education Julius Ogamba, Inspector General of Police Douglas Kanja, Principal Secretaries, chairpersons of state corporations, directors and chief executive officers from various government agencies. Government Spokesperson Dr Isaac Mwaura urged residents not to abandon the Kenya Kwanza administration, saying continued support for President Ruto would safeguard the region’s influence in government and ensure sustained development. “We are asking for dialogue because we have undertaken tangible development projects in the region. Where we have fallen short, we are ready to apologise and correct our mistakes so that we strengthen our partnership with the people and continue delivering development,” said Dr Mwaura. He argued that withdrawing support for President Ruto’s re-election would weaken the region’s bargaining power and jeopardise opportunities secured through appointments to senior government positions. Principal Secretary for Correctional Services Salome Muhia said Mount Kenya had benefited significantly from appointments to key government offices after strongly backing President Ruto during the 2022 General Election. She said the region currently occupies numerous strategic positions in government, enabling leaders from the area to address local development priorities across sectors such as roads, healthcare, education and information technology. Muhia urged residents to engage government leaders on issues of concern instead of distancing themselves from the administration. “We have heard your concerns and we seek your forgiveness where we have gone against your expectations. Tell us what you want us to improve because we do not want the region to lose its place in government,” she said. Principal Secretary for Energy Alex Wachira called on residents to appreciate the region’s representation in government and avoid isolating themselves politically. Drawing comparisons with other regions that have embraced the Broad-Based Government arrangement, Wachira said political cooperation was necessary to safeguard both national unity and future leadership opportunities. He reminded residents that previous presidents, including Mwai Kibaki and Uhuru Kenyatta, served two terms and urged the region to support President Ruto’s bid for a second term, arguing that such reciprocity would strengthen the region’s chances of producing a future president. “Kenya is bigger than the Central region. We should appreciate what we have today and work with other communities because national leadership requires broad support,” he said. Mount Kenya Leaders Caucus Chairman Harrison Wangoro said the region could not afford to place itself outside government despite being among the country’s largest contributors to national revenue. He said leaders were ready to listen to residents’ concerns and relay them to the President to help address issues that had strained relations between the government and the electorate. “We overwhelmingly supported this administration but today many people feel disconnected. As leaders, we are prepared to listen and ensure the concerns of the region reach the Head of State so that confidence can be restored,” said Wangoro. by Wangari Mwangi",,,https://www.kenyanews.go.ke/government-officials-seek-mount-kenya-support-for-rutos-re-election-bid/,2026-07-20T11:17:48+00:00,Normal,Citizens / voters,5,en
GOV_KENYA_NEWS_AGENCY_0180,General,Uncategorized,"Rights groups demand government action over Coca-Cola labour claims. Civil society groups and labour rights activists in Mombasa have called on the government to investigate allegations of workers’ mistreatment and unfair recruitment practices at Coast Bottlers. The activists accuse the Coca-Cola franchise holder in the Coast region, accusing senior management of underpaying, intimidating and unlawfully dismissing local employees. Speaking during a press briefing in Mombasa, representatives of the Coast Human Rights Network and the Capital Youth Caucus Association said they had received numerous complaints from Coast Bottlers employees alleging harassment, withheld payments and unfair labour practices, which they said amounted to a breach of the Employment Act and the Constitution. Coast Human Rights Network official Michael Magaki said the organization had launched an investigation after workers approached them with grievances against the company’s leadership. “We are sorry that Coca-Cola Bottlers management is engaging in malpractices with impunity, and it is this culture and cycle of impunity at Coca-Cola that we are addressing today,” said Magaki, who identified the company’s top two Coast-based executives as the individuals’ workers had raised complaints against. He said some affected employees had moved to court to seek redress, and criticized trade unions, including the Central Organization of Trade Unions (COTU), for what he termed a failure to intervene on workers’ behalf. Capital Youth Caucus Association’s Evans Mumanyi raised concerns over the recruitment of foreign nationals into senior management roles, arguing that Kenya has sufficient trained personnel to run such operations locally. “It does not mean that Kenya lacks professionals who can manage multinational companies such as Coca-Cola. We have competent and experienced Kenyans who can serve as chief executive officers and in other senior management positions,” Mumanyi said. He called on the Directorate of Immigration Services to review work permits issued to expatriate staff at the company, and urged national government officials to look into the matter. Mumanyi further claimed that several local Coca-Cola distributors in Mombasa, Kwale, Kilifi, Taita Taveta and Lamu counties had scaled down or halted operations following disputes with the company’s distribution arrangements, with some citing significant financial losses on delivery trucks purchased on loan. He said unfair labour practices such as wrongful termination, delayed salaries and breach of labour agreements were becoming commonplace in the coastal region and called on companies to respect workers’ rights. Activist Abel Omimi urged relevant government agencies, including police, to treat harassment complaints raised by workers with urgency, describing intimidation and coercion in the workplace as criminal offences under Kenyan law. Margaret Kimbila, a mother whose children previously worked at the company, said their dismissal had affected her household’s ability to meet basic needs. “My children used to work for that company and helped me pay rent. But right now, they have been thrown out and are unemployed,” she said, appealing for their reinstatement. By Ramadhan Nassib and Kiptoo Vincent",,,https://www.kenyanews.go.ke/rights-groups-demand-government-action-over-coca-cola-labour-claims/,2026-07-21T16:13:57+00:00,Normal,General public,1,en
GOV_KENYA_NEWS_AGENCY_0181,Health,Public Health Campaigns,"Kagio residents to benefit from Sh100 million road projects. By D, KNA Kagio residents in Ndia constituency, Kirinyaga County have a reason to smile after construction of their long-awaited feeder roads project officially kicked off. The launch was conducted by the area Member of Parliament George Kariuki, following a commitment made by President William Ruto during his recent development tour of the Mt. Kenya region. During his visit, the president pledged Sh100 million towards upgrading Kagio town’s feeder roads. The roads will be tarmacked to ease transport, improve sanitation, and give the bustling town a modern facelift. This development is expected to address long-standing challenges faced by both residents and traders, considering that Kagio hosts the largest market in Kirinyaga County, attracting thousands of farmers, traders, and customers daily. The project will also help reduce dust during the dry season and muddy conditions during the rainy season, thus promoting business opportunities. Local business people have welcomed the move, noting that it will boost trade, attract more investments, and improve the overall economic status of Kagio town. The Ndia MP, who also serves as the Chair of the Parliamentary Committee on Transport and Infrastructure, assured residents that the works will be supervised by the Kenya Rural Roads Authority (KeRRA) to ensure high-quality standards are maintained. Kariuki emphasized that the government is determined to complete all road projects within the stipulated time frames to avoid further delays. In addition, the MP inspected the ongoing construction of the Kiangwaci–Ndia TVET–Thiguku road, a key section that had remained incomplete since it was launched by President Ruto in 2023. He noted that most contractors who had suspended work due to pending payments are now back on site after signing a return-to-work agreement. This follows the government’s clearance of billions in pending bills through funds secured from the Fuel Levy, which has unlocked stalled infrastructure projects nationwide. “As a committee, we will be moving around the country to inspect ongoing construction works and ensure that taxpayers’ money is utilized effectively. We are committed to delivering value for money and ensuring Kenyans enjoy the fruits of their taxes,” Kariuki said. He further addressed concerns raised by county governors who are seeking a share of the Fuel Levy for road maintenance within their jurisdictions. While acknowledging their frustrations, the legislator insisted that road infrastructure projects are best supervised when handled by specialized government agencies such as KeRRA and the Kenya National Highways Authority (KeNHA), which have the technical capacity to deliver. The MP also urged fellow leaders to remain focused on service delivery rather than political wrangles, reminding them that Kenyans expect tangible development that can be seen and felt in their daily lives. Kagio Residents led by Tabby kinyua Mungera, could not hide their excitement, noting that poor road network has been a nightmare for them over the years, particularly during the rainy seasons, when mud and stagnant waters cut off access to shops, schools and residential areas. Traders said that customers often avoid the town during such times, resulting in heavy losses for businesses. Other members of the business fraternity added that the roads will not only improve trading, but also enhance security, as better infrastructure and lighting will reduce crime, especially for traders who operate late into the night. The mega Kagio road project is among the Kenya Kawanza government’s broader agenda of investing in rural and urban infrastructure to spur economic growth, improve connectivity and uplift livelihoods countrywide. For Kagio town, this marks the beginning of a new chapter, one that promises improved businesses, better living conditions and renewed hope for thousands of residents.",,,https://www.kenyanews.go.ke/kagio-residents-to-benefit-from-sh100-million-road-projects/,2026-07-17T17:56:21+00:00,Normal,General public / patients,3,en
GOV_KENYA_NEWS_AGENCY_0182,Health,Disease Prevention and Control,"Kenya eyes global livestock market with ANITRAC roll-out. Kenya is eyeing the global livestock market for its farmers with the rolling out of the Animal Identification and Traceability System (ANITRAC), a digital platform and mobile app rolled out by the Kenyan government to register and track livestock using electronic RFID ear tags. The system turns livestock into easily verifiable, bankable assets for loans and financial services by utilizing dual ear tags: a visual tag on the left ear and a microchip button tag on the right, enabling real-time geolocation and geo-mapping. Speaking during the official launch of the ANITRAC system in Karawa village, Tarasaa sub county in Tana River, Agriculture Cabinet Secretary Mutahi Kagwe said that the system was not an end by itself, but a means to an end especially for farmers being able to get better prices and ability to sell or export their livestock or products into the global market. The CS noted that the global market was keen on having traceable products; their origin, the vaccinations offered, and diseases treated for safety and transparency. At the same time, Kagwe said that livestock theft and banditry will be a thing of the past, given that every animal will be easily traceable to their location. “This system is supposed to help the farmer, the livestock herders, who are the biggest beneficiaries of this system called ANITRAC because the idea is that the animal is tracked with a chip that is going to trace the animal wherever it is. At the same time, we can literally identify the animal. It is an ID that is going to be attached to a specific animal,” Kagwe said. “Moving forward, we will be indirectly fighting banditry, especially those who have been stealing animals from all over the places, and all over the country. That will be a thing of the past. Secondly, the animals we are identifying, we will now be able to export animals that have been clearly identified and traced. Outside Kenya, the consumers of our livestock do not want to import animals that cannot be traced or that cannot be identified,” he added. The Agriculture and Livestock development CS further called on the farmers countrywide to embrace the technology the government was adopting because it was mainly for their advantage in terms of market opening and disease surveillance and control which would maximize their profits. “We want to help the farmer and make sure that they are tuned to the global market, and serve the global market for meat as well as live animals. We want to use technology to the advantage of the farmer. This is the first time we are introducing technology in a very big way in the livestock industry in our nation. We want to make sure that farmers understand it, embrace it and they know that it is for their own benefit,” he added. Tana River County Chief officer for Livestock development Kanchoru Golo on his part revealed that the county had millions of livestock and that the newly rolled out system would help them in knowing the approximate number of livestock which would help in planning for vaccinations, surveillance of diseases and in knowing migration patterns within the county. “We have at least 600,000 cows, one million goats, 800,000 sheep, 50,000 donkeys and 100,000 camels and so we have a great wealth in livestock and this system will help us to know our livestock in Tana River county because many times we have a challenge when livestock from other counties migrate to this county and we face the challenge of knowing what ours and what is not ours,” Golo said. “This will help us in making necessary planning for our livestock in terms of treatment and vaccination, animal drugs, and development of the local livestock industry,” he added. On his part, Mr Hussein Mohamed Jelmo, a resident urged his fellow farmers to support the program and avail their livestock for the system. “The system that the government is bringing to us is very important in our county, and I urge our people to embrace it because now, cattle rustling will be over,” Jelmo said. by Erick Kyalo",,,https://www.kenyanews.go.ke/kenya-eyes-global-livestock-market-with-anitrac-roll-out/#respond,2026-07-17T17:58:08+00:00,Normal,General public / patients,2,en
GOV_KENYA_NEWS_AGENCY_0183,Agriculture,Crop Production,"Government rolls out coffee revitalization programme in North Rift. The National Government has intensified efforts to revive Kenya’s coffee sector by launching the Coffee Revitalization Programme in the North Rift region, targeting increased production and expansion into new coffee-growing frontiers. Speaking during the regional launch for West Pokot, Nandi, Uasin Gishu and Elgeyo-Marakwet counties at the Rift Valley Technical Training Institute (RVTTI) in Eldoret on Monday, the Cabinet Secretary for Cooperatives and MSMEs Development Wycliffe Oparanya said the initiative follows the national launch by President William Ruto two weeks ago and forms part of a nationwide county rollout. Oparanya said the government aims to increase Kenya’s annual coffee production from the current 50,000 metric tonnes to 150,000 metric tonnes by 2029/2030, describing the target as critical to restoring the country’s position among the world’s leading coffee producers. He noted that Kenya was once Africa’s second-largest coffee producer after Ethiopia but has since slipped to fifth place due to poor management of coffee cooperatives and inadequate government support, leading many farmers to abandon the crop. The CS said the government is addressing the challenges through comprehensive reforms, including amendments to the Cooperative Act currently under mediation in Parliament. He expressed optimism that the revised law would be enacted by September, providing stronger governance for cooperatives across the country. To support the revival programme, Oparanya said the government allocated Sh500 million to the coffee sector last year and has increased the allocation to Sh1 billion this financial year to finance sector reforms and farmer support. He said the Coffee Revitalization Programme adopts a whole-of-government approach, bringing together county commissioners, county governments, Kenya Planters Cooperative Union (KPCU), the Coffee Research Institute, the Nairobi Coffee Exchange and other stakeholders to coordinate implementation at the county level. County steering committees have been tasked with profiling coffee farmers, mapping acreage under coffee, identifying suitable varieties, monitoring production and regularly submitting progress reports to the national government. “The information from the counties will enable us to know where seedlings, machinery and other interventions are required so that support reaches farmers in good time,” said Oparanya. The CS highlighted key reforms already implemented in the coffee sector, including reducing payment periods from more than a month to five days after coffee sales. He added that once the new law takes effect, farmers will receive 80 per cent of their earnings directly through the Direct Settlement System (DSS), while 20 per cent will go to their cooperatives. Oparanya also announced that the government has already released Sh4 billion to facilitate the waiver of historic coffee cooperative debts and is seeking an additional Sh2.8 billion through a supplementary budget to complete the exercise. He said the government intends to prevent future indebtedness by strengthening access to affordable financing under the Coffee Cherry Advance Revolving Fund (CCARF). To reduce production costs, the CS said the government, through KPCU, will establish strategic coffee milling plants instead of requiring cooperatives to purchase expensive milling equipment. Eldoret is among the towns earmarked to host a government-supported coffee mill alongside Kakamega and several centres in the Mt Kenya region. The ministry is also negotiating with manufacturers to enable farmers to acquire coffee pulping machines at subsidized prices. Oparanya commended Uasin Gishu Governor Jonathan Bii for embracing coffee farming, saying the county has demonstrated strong commitment to expanding the crop compared to many other regions. He urged political leaders to lead by example by investing in coffee farming, noting that the crop has enormous potential to create jobs, increase household incomes and stimulate economic growth. Describing North Rift, Western and Nyanza as Kenya’s new coffee frontiers, the CS said the government will focus resources on expanding coffee production in the regions while encouraging traditional coffee-growing areas in Mt Kenya to improve productivity through better farming practices. In his speech delivered by CECM Trade, Industrialization, Tourism, Cooperatives and Enterprise development Dr. Philip Chebunet, Uasin Gishu Governor Jonathan Chelilim affirmed his administration’s support to coffee farmers in the county. He revealed that families have embraced coffee farming and they have distributed over 1.6 million coffee seedlings to farmers and this reaffirms the commitment. “Up to 4,034 farmers will grow and benefit from this coffee in the next phase that we are entering this year. We have also registered cooperatives specifically for coffee in the six sub-counties,” noted the Governor. Additionally, the county also constructed the Cheramei Coffee Milling Plant, a major value-addition facility located in Turbo Sub-County, aimed at reviving the region’s agricultural-industrial strength. The plant is designed to process up to 3,000 metric tonnes of coffee, allowing local farmers to bypass high milling and transport costs. By Ekuwam Sylvester",,,https://www.kenyanews.go.ke/government-rolls-out-coffee-revitalization-programme-in-north-rift/#respond,2026-07-21T10:26:41+00:00,Normal,Farmers,2,en
GOV_KENYA_NEWS_AGENCY_0185,Governance,Elections and Voter Education,"Archbishop warns youth against political exploitation and violent gangs. The Archbishop of Nairobi, Most Rev. Philip Anyolo, has warned young people against being manipulated by unscrupulous leaders to participate in violence, saying such actions threaten the country’s peace and future. Archbishop Anyolo discouraged the youth from being lured by financial handouts, saying temporary gains cannot provide meaningful solutions to their challenges or help them improve their lives. He cautioned against the growing trend of recruiting young people into violent groups, noting that involvement in criminal activities destroys their future and damages the country’s reputation. “I call upon every young person to be attentive to what is happening in the country. Don’t allow yourselves to be misused. Refuse to be bought and don’t be drafted into harmful groups that spread violence and destruction,” Anyolo said. The Archbishop was speaking on Saturday during the installation of Bishop Peter Kamomoe as the new Bishop of Wote Diocese at Unoa Sports Ground in Wote town, Makueni Sub-County. He challenged the youth to reject the identity associated with criminal gangs, saying being referred to as a goon should not be considered a source of pride. “It is not very beautiful to be called a goon. Do not value the title goonism. It is not a title anybody can treasure; it is a shameful thing. So don’t allow it,” he said. Anyolo called on leaders to provide proper guidance and mentorship to young people to enable them to become responsible citizens who promote peace and peaceful coexistence. He also urged political leaders to be mindful of their public utterances, especially as the country approaches the 2027 General Election, warning that inflammatory statements could trigger violence. “We are heading towards this political situation. I want our politicians to avoid uttering words that can trigger violence,” he said. The Archbishop encouraged young people to embrace integrity, respect for others and lawful conduct while contributing positively to society. He accused some leaders of exploiting vulnerable youth for personal political interests, saying those who encourage violence do not have the welfare of young people or the country at heart. “We appeal to our young people not to allow themselves to be used, misused and abused by unscrupulous leaders who do not mean well for them or for the country we all love,” he said. Anyolo further encouraged participants attending activities at the Catholic University of Eastern Africa to reflect on the value and potential of young people instead of allowing themselves to become instruments of destruction. “Our young people have enormous value. Let them reflect on the good they can do for society instead of the evil they may be forced to inflict on others,” he added. Bishop Kamomoe succeeds Bishop Paul Kariuki, who retired on medical grounds. Speaking during the occasion, Makueni Governor Mutula Kilonzo Jr expressed concern over recent political events, including the violence witnessed during the Ol Kalou parliamentary by-election. Mutula said the emerging trend of political violence was worrying and should be addressed immediately to protect Kenya’s democratic space. He called on Kenyans to respect the right of citizens to freely participate in elections without intimidation or coercion. “We are in a difficult moment. If the photos I saw from Ol Kalou are true, I urge all believers to pray for this country. People need to be allowed to vote without being influenced,” said Mutula. By Patrick Nyakundi",,,https://www.kenyanews.go.ke/archbishop-warns-youth-against-political-exploitation-and-violent-gangs/,2026-07-19T15:59:26+00:00,High,Citizens / voters,10,en
GOV_KENYA_NEWS_AGENCY_0187,Education,Educational Resources,"Stakeholders seek partnerships in Curriculum Based Education. The private sector in Bondo subcounty has been encouraged to embrace public-private partnership arrangements to support the implementation of Curriculum Based Education (CBE) in the region. According to Bondo subcounty director of education Alfred Mwaimba, the delivery of quality education is a shared responsibility and should not be left in the hands of the Ministry of Education alone. Mwaimba, who was speaking at Gobei Comprehensive School during the donation of learning materials courtesy of the Walter Okelo Foundation, said the private sector and philanthropic institutions have a role to play in ensuring the successful implementation of CBE in the region. “While the government continues to invest heavily in education from teacher recruitment, curriculum reforms, school infrastructure development and provision of capitation, partnerships with private entities such the Walter Okelo Foundation strengthen the efforts to ensure no learner is left behind,” said Mwaimba. He observed that while the government continues to provide books and other learning materials to pupils and students in school, doing so may not be sufficient; hence, the need for public-private arrangements to fill the gap for the benefit of the learners. The foundation’s CEO, Mr. Walter Okelo, said the initiative of donating textbooks to schools in Siaya County, including Gobei, is intended to support the implementation of CBE, which is resource-intensive for both the parents and the government. Okello urged other well-wishers in the region to avail learning resources to schools and not to solely rely on provisions from the government. He also stated that the support of CBE by the private sector should be extended to addressing the welfare needs of the teachers to ensure effective delivery.By Brian Ondeng",,,https://www.kenyanews.go.ke/stakeholders-seek-partnerships-in-curriculum-based-education/,2026-07-18T11:47:21+00:00,Normal,Students / parents,5,en
GOV_KENYA_NEWS_AGENCY_0188,Agriculture,Agricultural Training,"TVETs urged to embrace emerging technologies for industrial revolution skills. Kenya’s Technical and Vocational Education and Training (TVETS) institutes should embrace modern training approaches and strengthen collaboration with industry, to help the country produce a workforce capable of meeting the demands of a rapidly evolving technological landscape. According to Kenya Industrial Training Institute (KITI) Director Engineer Wabwile Simiyu technological advancement is transforming every sector of the economy, creating new demands for productivity, innovation and efficiency. Engineer Simiyu explained that industries were increasingly adopting advanced technologies in manufacturing, agriculture, logistics and building management systems requiring workers to be versed with up-to-date technical competencies. He said Digitization was rapidly changing the skills-sets needed in diverse fields by virtue that employers were searching for human resources with proficiencies in artificial intelligence, automation, big data and collaborative technologies. “The fourth industrial revolution (4IR) is evolving the physical learning environment, and we need to accommodate and encourage the uptake of digital skills,” he stated. The Director added that there were developments ushering in unprecedented scientific and technological advancements with capabilities to green the Technical and Vocational Education and Training (TVET) education ecosystem, adding that the re-engineering was impacting both how traditional markets are operating and the expertise that will enable TVET learners to stay relevant and benefit from fourth industrial revolution (4IR). Speaking during the institute’s public engagement at its main campus in Nakuru Engineer Simiyu pointed out that to create synergy in the wake of greening the education ecosystem, TVET institutions have to adopt digital innovation, adaptive to deliver intended learning outcomes through digital-driven applications delivery to accelerate creation of green jobs. As the pace of digital transformation evolves, the Director said its relevance to investment in new digital technologies for TVETS was inevitable, adding that TVET learning experiences and knowledge sharing could be made more flexible through simulation-based learning techniques. “Adopting the Competency-Based Education and Training (CBET) framework ensures training matches industry standards, providing graduates with in-demand technical and digital proficiencies,” the official elaborated. The Kenya Industrial Training Institute (KITI) is a State vocational and entrepreneurship training center operating under the Ministry of Investments, Trade and Industry. It equips school leavers, artisans, and Micro, Small, and Medium Enterprises (MSME) employees with practical, hands-on technical and business skills to foster self-employment and industrial growth. The Director challenged TVET instructors to embrace emerging technologies in their pedagogy and to develop skills to enable the youth leverage on the opportunities that come with the fourth and fifth industrial revolution including the jobs of the future thus bridging the skills supply and demand gap. Engineer Simiyu indicated that Kenyan TVETs need to forge robust linkages and connections with manufacturing concerns and service industries as one way of addressing youth underemployment in the labour market. The Director observed that involving industry in the development of technical training curriculum could help to address the shortage of technical skills in the domestic and commercial sector. He said allowing technical institutions to students to spend a large portion of their time in industry will have them gain hands-on experience. “At KITI we are committed to ensuring that training offered to our students is strengthened so that what is coming out is what is required in the industry. The common denominator of industrial economies is that they have invested heavily in education systems that strongly emphasize technical skills,” he assured. As such, he added they have been able to match the growing demand for new skill sets in a fast-evolving economic environment with the appropriate training models. The United Nations Education, Scientific and Cultural Organization (UNESCO), has identified linkages between TVETS, government and private sector as a driver of an advanced industrial manpower base. While hailing the State for making policy and curriculum changes aimed at providing young TVET students with competitive skills for self-employment and making vocational training more appealing to youth, in order to address the shortage of required skills in the job market, the Director stated that trainees need to spend at least 25 per cent of their time in class and 75 per cent gaining hands-on experience in the localized models. Engineer Simiyu stated that since 2013 when the Technical Vocational Education and Training Act was enacted, the country has made positive strides in creating the right policy and regulatory environment for technical training. He pointed out that this has seen TVET enrolment levels almost double in the past decade, a clear pointer to the pent-up demand for technical vocational training in Kenya. He noted that Increased funding, enhanced regulations and robust communication campaigns by the government have resulted in TVET enrollment growing by nearly 300 per cent since 2013. This, he added, is attributed to, among others, the reforms in the sector that arose from the implementation of the Technical and Vocational Education and Training Act of 2013. The Director indicated that the establishment of a regulatory body: the Technical and Vocational Education and Training Authority (TVETA), and the Curriculum Development Assessment and Certification Council (CDACC) to oversee curriculum development, assessment and certification of programmes among other efforts have led to the development of more relevant, market-driven technical courses that aim to equip young people with employable skills. He said Partnerships with the private sector could address the shortage of skill in the industry particularly the gaps in training between what is coming out of schools and what is needed in the market. The official observed that involving the industry leaders early in the formulation of the curriculum enables them to direct what is needed in training in regard to the evolving technologies and equips the youth with market-driven skills. Further, he said the disconnect between the industry and TVETS had watered down the value of certifications of the graduates from technical institutions owing to skill-gaps when joining the job market. According to the Director the collaboration between technical institutions and industry also provides trainees with on-site mentor training. Engineer Simiyu further called for strengthening collaborative linkages between government and the private sector in driving the TVET agenda in developing specialized short-term practical courses. He noted that the government and private sector can also collaborate in research targeting the changing market environment and consumer trends. Engineer Simiyu observed that this builds a valuable knowledge base that the private sector and government can leverage to improve technical training and solve real economic problems. According to the Director, evidence shows that providing technical skills training alone is not enough to empower young people to find and create jobs. He emphasized that more can be done to prepare young people to enter and excel in the labour market such as equipping them with wholesome skills, basing policies on available evidence and conducting robust communications activities to change attitudes towards TVET careers. He added that TVET programmes should also incorporate Whole Youth Development skills such as entrepreneurship, communication, problem solving, relational skills and time management saying that much of the current TVET curriculum prioritizes students developing technical skills over soft skills. His concerns come at a time when most tertiary colleges and national polytechnics have been converted to universities where more graduates than skilled artisans in crucial areas are being trained. The Director regretted that polytechnics and other technical schools had been killed by converting them into universities, at the same time glorified university education at the expense of the rest of the training institutions. Engineer Simiyu indicated that there is a need for youths to embrace blue as opposed to white collar jobs through training of artisans because labour is scarce in these fields. The official said they were sensitizing Kenyans to encourage their children to undergo training in TVETs courses and other fields, adding that Artisan jobs were not attractive to many because there is a perception they are for primary and secondary school drop outs. The Director said there was however a ray of hope after enhanced investments in TVET education by the state which was also giving out incentives to promote artisan businesses. He further stated that product innovation was happening at a rapid pace that consumers are getting out of touch with the changes. This he said has created the need for certified workers to ensure efficient service delivery. He emphasized that an effective Technical and Vocational Education Training (TVET) system will play a key role in achievement of the big four Government agenda and Vision 2030. Engineer Simiyu informed TVET students that The Kenya National Qualifications Authority (KNQA) was now recognizing certificates issued to informally trained artisans and professionals who pass practical tests conducted by various authorities. Under the new arrangement, the Kenya Accountants and Secretaries National Examination Board (KASNEB), Kenya National Examinations Council (KNEC), National Industrial Training Authority (NITA) and Curriculum Development, Assessment and Certification Council (CDACC) issues academic certificates based on practical performance as opposed to written examinations. This effectively means that a jua kali trained, tailor, carpenter, mechanic, sculptor or a plumber who has never sat in a formal classroom or Technical Educational and Vocational Training Institutes (TVETS) may be issued with a recognized certificate just as his counterparts who have undergone years of formal training, the official added. This is however subject to condition that one must practically demonstrate that he or she possesses the requisite skills before a relevant examination. Engineer Simiyu argued that the success of Kenya’s growth ambitions hinged on an adequate supply of a critical mass of technical skills. He said in countries such as Japan, China, Germany and the Netherlands, the majority of those graduating from secondary school prefer technical colleges to universities. “Technical colleges, if well-equipped and managed, are actually the bearing of a nation’s economy… these are the hands that do the actual job, conceptualized by professors, engineers, researchers and university scholars,” he pointed out. However, he dismissed the idea that the rise in popularity of technical colleges could be interpreted to mean that university degrees and education are becoming useless. Instead, the Director noted the need for the two to work together to achieve a greater purpose of economic growth. Engineer Simiyu hailed the government for intensified efforts to formally recognize and validate the skills of thousands of Kenyans working in the informal sector through the Recognition of Prior Learning (RPL) program. He said the move is a transformative initiative under the Skills Initiative for Africa (SIFA) project. RPL is a process that acknowledges learning acquired through multiple ways and involves identifying, evaluating and validating an individual’s knowledge, skills and attitudes, regardless of where they were acquired. Engineer Simiyu pointed out that the RPL program was timely as only a fraction of Kenyans access formal job skill training through tertiary institutions, while millions gain work skill through on-the-job training. RPL a national program spearheaded by the Kenya National Qualifications Authority (KNQA) and the State Department for TVET helps informal-sector workers especially those in the jua-kali sector (such as mechanics, plumbers, electricians, or masons) who possess valuable skills but lack formal academic papers get officially certified thereby bridging the gap between their practical expertise and formal academic credentials. Engineer Simiyu noted that though Kenya’s workforce has demonstrated its potential through skills acquired via apprenticeship, the Jua Kali sector and Technical and Vocational Education (TVET) training institutions, these informally or non-formally obtained skills often go unrecognized limiting their contribution to the labour market and national progress. He observed that millions of Kenyans in the workforce including cosmetologists, plumbers, masons, electricians, welders and landscaping experts among others have honed their skills through apprenticeships and on the job learning method yet majority of these individuals get excluded from the formal job market where certified recognition could significantly enhance their earning potential. The RPL unit operates in close collaboration with the Kenya National Qualifications Authority (KNQA), the TVET Authority (TVETA), and the Technical and Vocational Education and Training Curriculum Development, Assessment and Certification Council (CDACC) to ensure assessments align with national educational. Recognition of Prior Learning (RPL) can be assessed and certified by National Industrial Training Authority (NITA) or at all accredited National Polytechnics, public universities, and registered Technical and Vocational Education and Training (TVET) institutes across Kenya. Candidates undergo a practical or oral assessment and once verified, they receive an official qualification that is recorded on the Kenya National Qualifications Framework (KNQF). By Esther Mwangi/Dennis Rasto Share on FacebookShareShare on TwitterTweetSend emailMail",,,https://www.kenyanews.go.ke/tvets-urged-to-embrace-emerging-technologies-for-industrial-revolution-skills/#respond,2026-07-20T14:55:59+00:00,Normal,Farmers,6,en
GOV_KENYA_NEWS_AGENCY_0190,Health,Public Health Campaigns,"Archbishop Anyolo calls for discipline as St. John Kanunga honours academic excellence. Archbishop Philip Anyolo of the Catholic dioceses of Nairobi has challenged learners to uphold discipline, integrity and hard work, saying lasting academic success must be founded on strong moral values and responsible leadership The archbishop made the remarks when he presided over the annual Prize Giving Day at St. John Kanunga Senior School, in Kiambu County on Wednesday, an event that celebrated outstanding academic and co-curricular achievement under the theme “Celebrating Excellence, Inspiring Greatness.” The ceremony brought together parents, alumni, church leaders, education officials, teachers and students. Addressing the gathering, Archbishop Anyolo said education should not only equip learners with knowledge but also mold them into responsible citizens capable of making meaningful contributions to society. He noted that Catholic-sponsored schools remain committed to providing holistic education that nurtures integrity, compassion, discipline and servant leadership. The archbishop warned students against engaging in social vices, including drug abuse, violence, immorality and destruction of property, saying such behaviors undermine academic progress and deny young people the opportunity to realize their full potential. He urged learners who had excelled to remain humble, observing that academic success and natural talents are gifts that should be used to serve others and positively transform society. Archbishop Anyolo also commended teachers and parents for their dedication in guiding and mentoring learners, saying their continued commitment is instrumental in shaping future generations. St. John Kanunga Senior School Principal Warutere attributed the school’s steady academic improvement to a culture of discipline, teamwork and the unwavering support of parents, teachers and the Board of Management. He applauded students for maintaining exemplary discipline and remaining focused on their studies despite incidents of unrest witnessed in several secondary schools across the country. Warutere expressed optimism that the institution would continue improving its academic performance, revealing that the school is targeting a Kenya Certificate of Secondary Education (KCSE) mean score of 9.0 in the forthcoming national examinations. He thanked parents for their continued partnership and support, saying their contribution has remained key to the school’s progress and vision of becoming one of the leading academic institutions in Kiambu County. Board of Management Chairman Sam Muhoho said the school has recorded remarkable growth over the past six years through strategic planning, prudent financial management and sustained investment in infrastructure. He said the Board has prioritized academic excellence, infrastructure development, staff and student welfare, and sound financial management, resulting in significant improvements in the learning environment. Muhoho highlighted major developments undertaken by the school, including the expansion of dormitory capacity from 800 to 1,300 students, construction of additional classrooms, expansion of the dining hall to accommodate 1,500 learners, drilling of a solar-powered borehole to guarantee reliable water supply, installation of CCTV surveillance systems and security lighting, upgrading of pathways and sanitation facilities, and establishment of an automotive engineering workshop to support the Competency-Based Education curriculum. He said the school is also exploring the introduction of aviation training and plans to acquire a light aircraft for practical instruction as part of efforts to broaden career pathways for learners. According to Muhoho, student enrolment is expected to rise to between 1,800 and 2,000 as expansion of facilities continues. He further noted that the school’s KCSE mean score improved from 5.9 in 2024 to 6.79 in 2025, while the number of students qualifying for university admission increased from 107 to 165, describing the gains as evidence that the institution is on an upward trajectory. Former Kiambu Member of Parliament and St. John Kanunga alumnus Jude Njomo encouraged learners to make full use of the opportunities available at the school, saying the institution had played a pivotal role in shaping his leadership, professional career and entrepreneurial journey. He lauded students for maintaining discipline and resisting negative influences that disrupted learning in some schools, urging them to strive for excellence in academics, leadership, sports and other talents. Guest speaker Alan Njenga of NIBS Technical College challenged candidates preparing for the KCSE examinations to raise their academic ambitions in order to qualify for competitive university programs. He also called on parents to continue investing in their children’s education, noting that technical and vocational education remains an equally important pathway to employment, innovation and self-reliance. Former principals who attended the ceremony praised the school’s transformation, citing notable improvements in academic performance, discipline, infrastructure development and the overall learning environment. The event culminated in the presentation of awards to students who excelled in academics, leadership, sports and other co-curricular activities, with speakers unanimously urging learners to use their knowledge, talents and values to become responsible citizens committed to serving the nation. By Grace Naishoo",,,https://www.kenyanews.go.ke/archbishop-anyolo-calls-for-discipline-as-st-john-kanunga-honours-academic-excellence/,2026-07-09T13:29:12+00:00,Normal,General public / patients,8,en
GOV_KENYA_NEWS_AGENCY_0191,Health,Disease Prevention and Control,"Free medical camp targets over 6,000 Butula residents. More than 6,000 residents of Butula Sub-county are expected to benefit from a free medical camp launched at Ikonzo Dispensary by an aspiring politician, Daniel Sitawa, in partnership with Maseno Mission Hospital. The medical camp will run across the Sub County, with leaders and health workers citing poverty, inadequate medical supplies, and limited equipment as major barriers to accessing quality healthcare. Speaking during the launch of the Butula parliamentary seat Mr Sitawa said the initiative aims to reach more than 1,000 residents in each of the six wards in the constituency. He noted that many families are unable to afford medical care due to widespread poverty. “Our target is more than 1,000 people in each ward, making it more than 6,000 residents in this sub-county. And , the commonest diseases affecting many people here, especially those above 60 years, are high blood pressure, arthritis and diabetes,” said Sitawa. He called on elected leaders to prioritize investment in the health sector, saying many patients are forced to seek treatment outside Busia County because local hospitals lack adequate medicines and equipment. “There is a need to improve health services in our county by ensuring there is medicine and the required equipment. Our people are being referred to Bungoma and Eldoret despite having a Level Four hospital in Busia. Leaders at both the county and national levels should work together to strengthen healthcare, even though health is a devolved function,” he said. Maseno Mission Hospital nurse Beatrice Mukunzi said the medical camp was organized to assist patients who are unable to access treatment because of financial and other challenges. “We have come to offer solutions to our people so that they can live healthier lives. Bringing medical camps closer to communities will greatly improve access to healthcare and help reduce preventable deaths,” she said. Mukunzi encouraged residents to undergo regular medical check-ups to enable early detection and treatment of illnesses. “The number of people visiting hospitals for routine check-ups remains low. We are encouraging regular screening so people can understand their health status. We are treating minor ailments here, while patients with serious conditions will be referred to our mission hospital for free specialized treatment,” she added. Ikonzo Dispensary nurse in charge Joice Mukoto said inadequate medicine and medical equipment continue to affect service delivery despite government efforts to improve healthcare. “Although the government is making efforts to supply medicines, shortages remain a challenge in our hospitals. We also lack adequate equipment to manage different medical conditions. We appeal for more frequent medical camps so that people in the villages can continue accessing these essential services,” Mukoto said. Residents who attended the camp welcomed the initiative, saying it had brought much-needed healthcare closer to their homes. “We are happy that doctors have come to where we live. I have struggled with a stomach problem for a long time, and today I have received help from medical experts. We hope such camps will be held more often so that more people can access treatment and enjoy better health,” said a beneficiary, Pius Ohenga. By Salome Alwanda and Rodgers Omondi",,,https://www.kenyanews.go.ke/free-medical-camp-targets-over-6000-butula-residents/#respond,2026-07-18T15:14:57+00:00,Normal,General public / patients,3,en
GOV_KENYA_NEWS_AGENCY_0195,Health,Maternal and Child Health,"Senate Committee gives the greenlight for Thika city status upgrade. Thika Municipality is set to become Kenya’s sixth city following approval by the Senate Devolution Committee, which has recommended forwarding the resolution to the President for the official signing of its Charter. Once the President grants this Charter under the Urban Areas and Cities Act, Thika will officially join Nairobi, Mombasa, Kisumu, Nakuru, and Eldoret as the nation’s newest city. In a report tabled before the House on Thursday, the committee recommended forwarding the resolution to the President to issue a Charter under Section 7 of the Urban Areas and Cities Act. Upon the President’s signature, Thika will officially become Kenya’s sixth city. The Committee highly commended Kiambu County’s application, noting it was comprehensive, backed by physical verification, and met all legal requirements. During public participation, the bid received overwhelming stakeholder support, while the committee’s assessment confirmed that Thika Municipality possesses the necessary infrastructure, strong disaster management capabilities, and strong expansion potential to justify its elevation. While supporting the elevation, the committee highlighted a few gaps that require clear implementation timelines, notably the lack of a fully operational public museum or interpretive center. While the Mugo wa Kibiru Shrine is currently being rehabilitated and the Thika War Cemetery remains a key historical landmark, the Kiambu County Government, alongside the National Museums of Kenya, must now establish a concrete plan to deliver a functional museum within the proposed city limits. To address resident concerns raised during public participation, the Kiambu County Government has pledged to fully operationalize essential services within the proposed city, including a public theater, an interpretive center, and critical estate upgrades to roads, drainage, and water supply. Central to this commitment is a transition to a smart waste management framework, which hinges on fully transforming the one-hundred-and twenty-six-acre Kang’oki disposal site in Kamenu Ward into a sanitary engineered landfill. Since 2018, this massive facility has managed one thousand to one thousand five hundred tonnes of daily waste for the region while supporting the livelihoods of over eight hundred local waste pickers. According to the report, the County Government has initiated a transition from open dumping to a sanitary engineered landfill using the internationally acclaimed Fukuoka Semi-Aerobic Landfill Technology. Furthermore, the committee highlighted the County’s plans to modernize its waste management through cutting-edge tech, which includes deploying smart bins with fill-level sensors, utilizing Geographic Information System (GIS) based route optimization, and eventually introducing artificial intelligence (AI) and robotics for automated waste sorting. These modernization efforts are designed to make waste collection more efficient, transparent, and highly accountable from start to finish. To protect the local environment, the County plans to revive the Chania and Thika rivers by landscaping their waterfronts, creating green corridors, and building stronger ecological buffers along the riverbanks. Although Thika lacks its own airport, the committee noted that its close proximity to Jomo Kenyatta International Airport together with an excellent road network nullifies any immediate need for one. Meanwhile, plans to develop a local airstrip on land formerly owned by Del Monte are still moving forward. When assessing healthcare, emergency, and education services, the committee highlighted Thika Municipality’s strong healthcare network that is well-equipped to handle high-level medical needs with 202 health facilities, anchored by the Thika Level 5 Hospital. As a regional referral hub for four counties, the three hundred bed facility provides advanced specialized care, including oncology, radiology, and intensive care. Impressively, the hospital reports a maternal mortality rate of just 5.1 per 100,000 live births, far below the national average of 355 and well within the World Health Organization’s global safety target of under 70. For emergency response, the Thika Fire Station operates twenty-four-seven with forty trained personnel and a strong fleet, including 10,000-liter and 5,000-liter fire engines, a pump truck, and specialized rescue gear for collapsed structures, high-angle rope rescues, road accidents, and deep-water diving. Beyond emergency readiness, the committee highlighted Thika’s strong economic and social foundation, pointing to its self-sustaining revenue-raising capacity. The municipality is well served by multiple markets, over ten universities, fifty-seven tertiary institutions, and seven public cemeteries. Additionally, its robust transport network features the Thika Superhighway and a railway line with plans already underway for major bus park upgrades alongside revitalized recreational spaces like Mama Ngina Park. In its final assessment, the committee concluded that granting city status to Thika is a crucial step toward unlocking the region’s full economic and developmental potential. The move promises to transform local service delivery and accelerate commerce, provided the new city administration maintains its focus on prudent financial management, responsive planning, and good governance. By Hellen Lunalo",,,https://www.kenyanews.go.ke/senate-committee-gives-the-greenlight-for-thika-city-status-upgrade/#respond,2026-07-17T18:34:13+00:00,High,General public / patients,1,en
GOV_KENYA_NEWS_AGENCY_0196,General,Uncategorized,"Kilifi. The National Council of Churches of Kenya (NCCK) has raised concerns over the growing influence of money and religion in shaping Kenya’s democratic process, warning that economic hardship is making",,,https://www.kenyanews.go.ke/category/county/kilifi/,2026-07-21T13:46:09+00:00,High,General public,1,en
GOV_KENYA_NEWS_AGENCY_0199,Health,Healthcare Access,"Likuyani industrial park takes shape as Kakamega eyes industrial growth. The construction of Kakamega County Aggregation and Industrial Park (CAIP) in Likuyani Sub-County is gathering pace, with county officials expressing confidence that the project will unlock investment, create jobs and boost value addition for agricultural produce. The industrial park, a partnership between the National Government and the County Government of Kakamega, is expected to drive agro-processing and manufacturing, providing farmers with a ready market while strengthening the county’s industrial base. County Chief Officer for Public Works Pascal Omukanda during an inspection tour of the project with a team of technical officers to assess the progress of construction and ensure implementation expressed satisfaction with the progress made and directed the contractor to complete the works within the agreed timelines. “Timely completion of this project is critical. Any unnecessary delays will increase costs and place an additional financial burden on the county government,” he said. The Chief Officer noted that the industrial park is expected to generate hundreds of direct jobs in engineering, manufacturing, machine operation, administration and maintenance, while creating thousands of indirect opportunities in transport, logistics, packaging, security, hospitality and other support services. Omukanda said the facility will also attract private investors in agro-processing and manufacturing, enabling farmers to earn better returns through value addition instead of selling raw agricultural produce. Governor Fernandes Barasa equally reaffirmed the county government’s commitment to delivering the project. Speaking during a church service and fundraiser at Ivugwi P.A.G. Church in Likuyani Ward on Sunday, the Governor described the industrial park as a transformative investment that will spur economic growth and position Kakamega as a leading manufacturing hub in western Kenya. Barasa said the facility is expected to create close to 1,000 jobs once operational by attracting investors in agro-processing and other manufacturing industries, while offering local farmers a reliable market for value-added products. He said the county government is working closely with the National Government to ensure the project is completed on schedule so that residents can begin benefiting from the investment. Once operational, the industrial park will accommodate agro-processing plants, warehouses, cold storage facilities and packaging units, helping reduce post-harvest losses, enhance product quality and improve the competitiveness of Kakamega’s agricultural produce. Residents of Likuyani have welcomed the project, expressing hope that it will stimulate local businesses, create employment opportunities for young people and accelerate economic development across the sub-county. The County Aggregation and Industrial Park programme is a flagship national initiative aimed at promoting manufacturing, attracting private investment and accelerating industrialisation across Kenya, with the Likuyani facility expected to play a key role in transforming the economy of Kakamega County. By Linet Wafula",,,https://www.kenyanews.go.ke/likuyani-industrial-park-takes-shape-as-kakamega-eyes-industrial-growth/#respond,2026-07-21T17:37:07+00:00,Normal,General public / patients,1,en
GOV_KENYA_NEWS_AGENCY_0203,Education,Educational Resources,"Governor Lusaka defends government’s development record. Bungoma Governor Kenneth Lusaka has mounted a spirited defence of President William Ruto’s development record, urging professionals in the county to take the lead in communicating the government’s achievements as the country heads towards the 2027 General Election. Speaking during the Bungoma Professionals Forum at Kibabii University on Saturday, Lusaka said professionals were best placed to objectively assess the government’s performance based on projects implemented over the past four years rather than political rhetoric. Lusaka said his interactions with the national government over the last four years had given him first-hand knowledge of the progress made in implementing development programmes in Bungoma and the wider Western region. “I have worked closely with this administration in negotiating for Bungoma’s development priorities, and I have seen project after project move from the drawing board to implementation,” he said. The governor said reforms in the sugar industry had begun reversing years of decline by settling historical debts owed to farmers, restructuring sugar factories and attracting private investment. He cited the revival of Nzoia Sugar Company as one of the government’s notable achievements, saying the factory was operating more efficiently following the installation of a new milling machine. “I visited Nzoia Sugar recently and the new milling machine promised by the President is fully operational. The challenge today is no longer low production but finding markets for more than 250,000 bags of sugar currently in storage,” he said. He said the fertiliser subsidy programme had enabled farmers to access inputs directly, eliminating middlemen who had long exploited growers, while coffee and tea farmers were now receiving better returns through direct payments. The governor also outlined major national government projects currently underway in Bungoma, saying they were laying the foundation for long-term economic growth. He said procurement for the expansion of Matulo Airstrip, including construction of a new passenger terminal and extension of the runway, had been completed and the contract would be awarded next week before construction begins. Lusaka further highlighted the construction of modern markets in Chwele, Sirisia, Mbakalo, Matisi and Lwandanyi, saying the facilities would provide improved trading spaces for farmers and small-scale traders. He said work was progressing on key roads, including the Musikoma-Sango-Napakhalo Road and the Turbo-Ekero-Ndalu Road, while the Kimilili-Kamukuywa Road project was set to commence after the award of the construction tender. Other flagship projects, he said, include the Kanduyi Smart City, the Affordable Housing Programme, rural electrification, the implementation of the Social Health Authority (SHA), the upgrade of Masinde Muliro Stadium and the proposed Standard Gauge Railway route through Bungoma. While acknowledging that some projects were still under construction, Lusaka maintained that implementation was on course. “I will not claim that every project is complete, but I can confidently say contractors are on site, procurement has been concluded and implementation is progressing satisfactorily,” he said. The governor also praised the national government’s improved disbursement of funds to counties, saying devolved units had for the first time ended the financial year with all their allocations fully released. “We closed the financial year with all the money due to counties already in our accounts. That has never happened before because counties were previously forced to wait for months for disbursements,” he said. Lusaka acknowledged that the Kenya Kwanza administration assumed office amid rising public debt, prolonged drought and global economic shocks but argued that it had sustained investment in infrastructure, agriculture, healthcare and social services despite the challenges. He challenged professionals to use their expertise and influence to explain government programmes to the public and counter misinformation. “The projects are visible and are transforming lives. President Ruto deserves another term to complete the programmes already underway,” Lusaka said. Speaking at the same forum, Industry Principal Secretary Dr. Juma Mukhwana said no administration since Independence had invested in Bungoma and the wider Western region as heavily as President Ruto’s government. He said the President had also appointed more leaders from Bungoma and the Western region to senior positions in government than previous administrations, demonstrating his commitment to inclusive leadership. “The projects being rolled out by the government are impactful and will significantly spur economic growth in this region. Professionals should take stock of these developments and help inform the electorate about what has been achieved,” said Mukhwana. Mining Principal Secretary Harry Kimtai urged professionals to support the government’s development agenda by helping dispel misinformation and ensuring residents receive accurate information on ongoing projects and programmes. “Professionals have a responsibility to demystify facts and counter misinformation so that wananchi understand exactly what the government is doing,” Kimtai said. Public Service Principal Secretary Dr. Jane Imbunya said the government had ensured development opportunities were distributed equitably across the country regardless of region. She said the government was also strengthening bilateral relations with other countries to create employment opportunities for Kenyan youth through labour mobility programmes. “The government has secured opportunities including scholarships, fellowships and overseas jobs targeting professionals and young people. I urge eligible Kenyans to take advantage of these opportunities by applying,” she said. Tourism Principal Secretary Prof Julius Bitok said every region had benefited from national government projects since President Ruto assumed office. “When I served as Immigration Principal Secretary, I facilitated the establishment of a passport office in Bungoma. Now, at the Ministry of Tourism, we are exploring several projects that the government will invest in to unlock the county’s tourism potential,” he said. Bitok urged professionals to rally behind President Ruto’s re-election bid, saying continuity would ensure the completion of ongoing development projects and programmes across Bungoma and the country. By Chris Mahandara",,,https://www.kenyanews.go.ke/governor-lusaka-defends-governments-development-record/,2026-07-19T15:12:14+00:00,Normal,Students / parents,3,en
GOV_KENYA_NEWS_AGENCY_0204,Health,Maternal and Child Health,"Daycare initiative gives young mothers second chance at education. A daycare programme established at a vocational training centre in Mathioya Constituency, Murang’a County, is enabling young mothers to return to school by providing safe childcare services while they pursue skills training. The initiative, introduced by the 360 Climate Institute, is helping teenage mothers rebuild their lives after pregnancies interrupted their education, allowing them to balance motherhood and learning without compromising the wellbeing of their children. At the centre of the programme is the“Cha Mama” Daycare Baby Crèche, where trained caregivers look after infants and toddlers from morning until evening as their mothers attend classes. The arrangement allows learners to concentrate on their studies while remaining close enough to breastfeed and check on their children during breaks. The programme was established in response to the growing number of young women who wanted to resume education but lacked reliable childcare support. For many beneficiaries, the initiative has become a pathway to restoring confidence, acquiring employable skills and securing a better future for themselves and their children. Jane Njeri, a beneficiary from Nyandarua County, said the programme enabled her to continue pursuing a catering course after giving birth. She explained that she enrolled at the institution while pregnant and took maternity leave before returning to complete her training with the support of the daycare facility. “I first learnt about this school online, applied and joined to study catering. At the time I was pregnant,” she said. Njeri noted that balancing exclusive breastfeeding with coursework has not been easy but said the daycare has made it possible for her to continue learning without neglecting her child. She expressed gratitude to the institution for creating an environment that allows young mothers to pursue education while fulfilling their parental responsibilities. Another beneficiary, Jane Wanjiru, has progressed from being one of the programme’s first students to becoming a trainer at the institution. She described the initiative as a turning point that transformed what once seemed like the end of her education into an opportunity for personal and professional growth. “I am a trainer and a beneficiary of the daycare centre. I would not be able to work without the daycare because it helps me juggle work and motherhood,” she said. Wanjiru encouraged other young mothers who had abandoned education after becoming pregnant to take advantage of similar opportunities and work towards rebuilding their futures. The success of the programme has also been attributed to caregivers such as Nancy Gakii, who ensures children are well-fed, safe and cared for throughout the day. Her work enables mothers to attend lessons with confidence, knowing their children are receiving proper care in a secure environment. The initiative has received positive support from members of the local community, who say it is helping reduce the stigma often associated with teenage motherhood. Resident Susan Wangui said many parents are unable to care for their daughters’ children during the day because they also have to work to support their families. “We have girls who dropped out of school after getting pregnant and sometimes, as parents, we cannot help with childcare because we also have to work the whole day,” she said. Joseph Gikungu welcomed the programme, saying it restores hope to young mothers who would otherwise struggle to return to school. “Allowing young mothers to come to school with their children makes me happy because it gives them hope,” he said. According to the Chief Executive Officer of the 360 Climate Institute, Daniel Irungu, the initiative was launched in 2024 after the organisation identified a growing need among young mothers seeking vocational training. “We realised there was a gap in society when we saw many young mothers who wanted skills but had no one to take care of their young children,” he said. Irungu said early parenthood should not mark the end of a young woman’s education or career aspirations, adding that access to skills training can help young mothers achieve financial independence. The institute’s founder and Board Chairperson, Hannah Muriithi, said the idea was inspired by the determination shown by young mothers who wanted to learn but were held back by childcare responsibilities. “We created a safe space where babies can play, learn and remain secure while their mothers attend training or teach different skills,” she said. Muriithi appealed to development partners, well-wishers and other organisations to support the programme so that more young mothers can benefit from vocational education and childcare services. She said expanding the initiative would enable more girls who dropped out of school due to pregnancy to acquire practical skills, improve their livelihoods and become economically self-reliant. The programme has emerged as a model of how targeted support can help young mothers overcome barriers to education, demonstrating that with access to childcare, skills training and community support, they can successfully balance motherhood and learning while creating brighter futures for themselves and their children. By Purity Mugo",,,https://www.kenyanews.go.ke/daycare-initiative-gives-young-mothers-second-chance-at-education/,2026-07-21T15:19:12+00:00,Normal,General public / patients,4,en
GOV_KENYA_NEWS_AGENCY_0210,General,Uncategorized,"New mosque for Muslim community in Isebania-Kuria. Muslim leaders have described the grand opening of the new Jamia Mosque at Isebania town in Kuria West Sub County as an important milestone for the Migori Muslim community. Led by the Council of Governors Chair and Wajir Governor Ahmed Abdullahi, the leaders said that the mosque will play a wider role apart from being a worship centre. The mosque, located at the border between Kenya and Tanzania, will serve the Muslim community within the region and across the border. Abdullahi said that the 2010 Kenyan Constitution guarantees freedom of conscience, religion and belief, which has played an essential and integral part in ensuring various religions coexist. Migori Governor Ochilo Ayacko noted that his administration was committed to supporting all communities living in the county to realise development and unity. “Migori is a cosmopolitan county and coexisting among different communities is paramount for our shared endeavors, unity and prosperity,” he said. He, however, encouraged the Muslim community in the county to continue investing to create jobs and drive the socio-economic transformative agenda for the betterment of the Migori residents. Suna East Member of Parliament (MP) and Minority Leader in Parliament Junet Mohamed disclosed that the new mosque will foster unity, teach Islamic knowledge and bring the Muslim community closer. “I am glad to witness the opening of the new Jamia Mosque, Isebania, which is a great milestone for the Muslim community along the Isebania-Sirare border,” said Junet. Rashid Omar, a resident of the Isebania area, said that the new mosque will give the Muslim community an avenue to worship, as well as a symbol of togetherness for the Muslim community in the Kuria region. The event, which concluded with a fund drive for the new mosque, brought together Lafey Member of Parliament (MP) Abdirahman Mohamed, Migori Woman Representative Fatuma Mohamed, Migori Deputy Governor Joseph Mahiri, businessman Abdullahi Kalmoi, sheikhs, imams, Muslim scholars and other local leaders. By Makokha Khaoya",,,https://www.kenyanews.go.ke/new-mosque-for-muslim-community-in-isebania-kuria/,2026-07-11T16:44:40+00:00,Normal,General public,2,en
GOV_KENYA_NEWS_AGENCY_0212,Health,Disease Prevention and Control,"Health CS inspects Nephrology, Urology facilities. Health Cabinet Secretary (CS) Aden Duale has inspected the East Africa Centre of Excellence in Nephrology and Urology to assess its readiness ahead of the commencement of the first phase of operations. The Government-funded Sh6 billion facility is one of Kenya’s largest investments in specialized renal and urological care and once operational, will serve Kenya and the wider East African Community by providing advanced diagnosis, treatment and management of kidney and urological diseases, while strengthening research, innovation and postgraduate training. During the inspection, Duale toured the Centre’s modern facilities, including modular operating theatres, Intensive Care and High Dependency Units, advanced diagnostic laboratories, MRI and radiology services, a biorepository, an integrated command centre and a renal replacement therapy unit equipped with 30 dialysis machines, including dedicated pediatric dialysis services. While also reviewing the progress on operational readiness, the CS, following Cabinet approval establishing the institution, highlighted that the Ministry is finalizing recruitment, operational systems, budgets, and essential medical supplies to ensure the Centre is fully prepared to begin service delivery. “The Centre has already contributed to specialist training by supporting 444 healthcare professionals and facilitating 375 kidney transplants through Kenyatta National Hospital,” he stated. Further, Duale announced that the Centre is expected to significantly expand access to specialized kidney and urological services, reduce referrals abroad, and strengthen Kenya’s contribution to regional healthcare excellence under the East African Community. Meanwhile, the inspection reaffirmed the Government’s commitment to investing in specialized healthcare, research and a highly skilled workforce to improve health outcomes and advance Universal Health Coverage. The Cabinet Secretary was accompanied by Director-General for Health Dr. Patrick Amoth, Head of the Kenya Blood Transfusion and Transplant Services Dr. Martin Sirengo, the Ministry’s Head of Curative and Nursing Services Dr. Andrew Toro as well as the Ministry’s Project Management Dr. Hossan Ajuck. ByLilian Gichohi",,,https://www.kenyanews.go.ke/health-cs-inspects-nephrology-urology-facilities/,2026-07-21T17:21:08+00:00,Normal,General public / patients,1,en
GOV_KENYA_NEWS_AGENCY_0220,General,Uncategorized,"Authorities assure of exam security in Baringo. Baringo County Commissioner (CC) Stephen Kutwa has said adequate measures have been put in place for the over 48,000 candidates sitting for this year’s National Examinations in the area. Speaking to KNA in his office Monday, Kutwa said they have dispatched about 3,200 officers to secure 1,605 examination centres for Kenya Primary School Education Assessment (KPSEA), Kenya Certificate of Primary Education (KCPE), and Kenya Certificate of Secondary Education (KCSE). The CC said the recently commissioned National Police Reservist (NPR) shall provide additional security backup, especially for institutions within conflict-prone areas of Baringo South and North, to ensure that the examinations are conducted without any major hitches. “We have put in place the necessary measures to ensure examinations run smoothly, and we have put in place officers to patrol schools in volatile areas,” he said. Kutwa said they are not leaving anything to chance since armed criminals could use the exam period to create fear and despondency among the peace-loving communities. He urged members of the public residing in the volatile regions to swiftly report any suspicious activities by people who may not mean well to them. On her part, Baringo Central Deputy County Commissioner Monicah Ithatwa, while presiding over the opening of the examination container in Kabarnet town, noted that the process was smooth except for some light rains in the morning, which nearly hampered the transportation of examination papers to various centres within the sub-county. However, she said that they were able to dispatch the day-one papers of KCPE and KPSEA in good time and expressed optimism that the process would run smoothly for the entire week. By Benson Kelio and Joshua Kibet",,,https://www.kenyanews.go.ke/author/,2023-10-30T18:44:42+00:00,Normal,General public,2,en
GOV_KENYA_NEWS_AGENCY_0223,Governance,Public Service Delivery,"Road upgrade to boost connectivity in Kikuyu Constituency. Residents of Kikuyu Constituency are set to benefit from improved transport and easier access to essential services following the commissioning of the upgrading of the Ngong (Kibiku)–Kangiria Road, a project expected to enhance connectivity and stimulate socio-economic development in the area. The road improvement programme covers the Gwa-Thiru–Munyeki–Riu Nderi–Kibiku Road as well as the Musa Gitau (Ha Chege)–Kibagua–Kangiria–Riu Nderi Road, which serve as key links for residents, farmers, traders and motorists traveling within the constituency. Speaking during the commissioning of the project, Kikuyu Member of Parliament, Kimani Ichung’wah, said the road upgrade demonstrates the government’s commitment to improving infrastructure that directly impacts the lives of people. “These roads are more than just infrastructure; they are lifelines that connect our communities, open up markets for farmers and businesses, improve access to schools and healthcare facilities, and make daily travel safer and more convenient,” said Ichung’wah. The legislator noted that the improved roads will reduce travel time, lower vehicle maintenance costs and facilitate the movement of agricultural produce to markets, thereby supporting local economic growth. He added that reliable road infrastructure plays a critical role in attracting investment and encouraging business expansion while improving access to public institutions and social amenities. Area residents welcomed the project, expressing optimism that the upgraded roads will address long-standing transport challenges, particularly during the rainy season when some sections become difficult to navigate. The roads are expected to ease movement between villages and neighboring trading centres, enabling farmers to transport produce more efficiently while enhancing access to schools, health facilities and other government services. The project forms part of ongoing efforts by the national government to strengthen road infrastructure across Kikuyu Constituency through the rehabilitation and upgrading of key access roads aimed at supporting economic activities and improving mobility. Ichung’wah reaffirmed his commitment to pursuing development projects that respond to the needs of residents, saying investment in infrastructure remains a priority in transforming livelihoods and creating opportunities for growth. He urged contractors to maintain high construction standards and complete the works within the stipulated timelines to ensure residents begin enjoying the full benefits of the upgraded roads at the earliest possible time frame. By Eugene Kahigu and Grace Naishoo",,,https://www.kenyanews.go.ke/road-upgrade-to-boost-connectivity-in-kikuyu-constituency/,2026-07-18T15:17:23+00:00,Normal,Citizens / voters,2,en
GOV_KENYA_NEWS_AGENCY_0229,Health,Mental Health Awareness,"LSK Announces nationwide court boycott over judicial concerns. The Law Society of Kenya (LSK) has announced a nationwide boycott of court proceedings on Wednesday, July 22, 2026, citing concerns over judicial accountability, corruption, and alleged misconduct within the justice system. Speaking during an LSK meeting in Machakos, LSK President and Senior Counsel Charles Kanjama said the action is aimed at pushing for urgent reforms to strengthen accountability and improve the administration of justice. “We deem it necessary to undertake a boycott to emphasize the seriousness of concerns raised by members and to call for meaningful institutional interventions,” Kanjama said. The boycott will take two forms. The first will be a one-day nationwide boycott on July 22, during which advocates will refrain from participating in court hearings and applications. The second will involve an indefinite targeted boycott of specific courts presided over by judges and judicial officers who have obtained court orders preventing the Judicial Service Commission (JSC) or the Ethics and Anti-Corruption Commission (EACC) from processing corruption allegations against them. Kanjama said the success of the measures depends on the cooperation of advocates across the country. He noted that the LSK Council had held several engagements with the Chief Justice to address concerns raised by members but had not achieved the desired progress. The issues cited by the society include corruption, judicial misconduct, abuse of office, case backlogs, frequent adjournments, and delays in delivery of rulings and judgments. “Where sustainable engagement does not yield adequate progress, the Council has a statutory duty to take lawful action,” Kanjama said. He emphasized that while the LSK remains committed to protecting judicial independence, such independence must be accompanied by accountability, integrity, transparency, and responsiveness to concerns raised by court users. As part of its resolutions, the society plans to establish a structured and confidential mechanism through which advocates can report concerns relating to judicial performance, misconduct, registry challenges, and delays in court processes. Kanjama called on LSK branches countrywide to support the resolutions by creating awareness among members, collecting feedback, and coordinating local engagements. The society said it will continue pursuing dialogue with the Judiciary while proceeding with the planned boycott. By Anne Kangero",,,https://www.kenyanews.go.ke/lsk-announces-nationwide-court-boycott-over-judicial-concerns/,2026-07-19T15:19:03+00:00,High,General public / patients,2,en
GOV_KENYA_NEWS_AGENCY_0236,Agriculture,Livestock Management,"Government urges Tana River communities to surrender illegal firearms. The government has renewed calls on feuding communities in Tana River County to voluntarily surrender all illegally held firearms before the expiry of an ongoing amnesty period and the commencement of a planned disarmament operation. The Ministry of Interior issued a 60-day amnesty period more than a month ago, giving residents in the conflict-prone county an opportunity to surrender illicit weapons without facing arrest, interrogation or prosecution. The move is aimed at reducing the proliferation of illegal firearms and restoring peace in a region that has experienced recurring resource-based conflicts. Tana River has for years witnessed tensions between nomadic pastoralist communities and farming communities over access to scarce water sources, grazing land and agricultural resources. Security experts and local leaders have linked the recurring disputes to prolonged drought, climate change effects and increased pressure on natural resources, factors that have intensified competition between communities. Tana River County Commissioner Joseph Mwangi has urged residents in possession of illegal firearms to take advantage of the amnesty period and hand over the weapons to security agencies. Mwangi, who chairs the County Security and Intelligence Committee (CSIC), said the voluntary surrender initiative provides an opportunity for individuals holding unlicensed firearms to avoid legal action once the amnesty period ends. “The gun amnesty is expected to reduce the volume of illegal firearms in circulation and by doing so, the government aims to enhance public safety and security,” he said. The administrator warned that individuals who fail to surrender illegal weapons and continue supporting the circulation of firearms would face the full force of the law after the amnesty period. He said the government would deploy National Police Reservists to various parts of the county after the disarmament exercise to strengthen security and protect lives and property. The renewed push for voluntary surrender follows a series of inter-community clashes reported in Tana North, Bangale and Galedyertu sub-counties, where six people were killed last month during conflicts linked to competition over water and pasture resources. Mwangi revealed that more than seven serviceable AK-47 rifles and associated ammunition had already been surrendered voluntarily during the ongoing exercise. He, however, said the number remained insignificant compared to the suspected number of illegal firearms still held by individuals and groups in the county. “We know the number of illegal arms and ammunition given up so far during the surrender period is insignificant compared to what we believe is still being hidden,” he said. He attributed the recoveries to continued engagement between communities and security agencies aimed at encouraging peaceful coexistence and reducing the circulation of illegal weapons. The County Commissioner called on residents to support government efforts by reporting individuals holding illegal firearms and encouraging them to surrender the weapons. He also urged youths involved in communal conflicts to disengage from violence and embrace peaceful solutions to disputes. Mwangi spoke in Bura Sub-County during the commissioning of a water project, where he was accompanied by Cabinet Secretary for East African Community (EAC), Arid and Semi-Arid Lands (ASALs), and Regional Development Beatrice Askul Moe. The Commissioner said security agencies had received information that approximately nine illegal firearms were being held by herders in Chwewele Ward, Bura Sub-County. “We have credible information that about nine illegal firearms are being held by herders in Chwewele Ward in Bura Sub-County, and we still urge all concerned to voluntarily submit these arms by next week,” Mwangi said. He warned that police and other security agencies would take action against individuals found in possession of illegal firearms and ammunition once the amnesty period expires. CS Moe also encouraged residents to surrender illicit weapons, saying the exercise was aimed at making the country safer for citizens and visitors. She said peace and security are shared responsibilities requiring cooperation between communities, government agencies and local leaders. Moe urged residents to avoid actions that fuel conflict and instead promote dialogue, unity and peaceful coexistence. “Let us all keep our peace and security intact because without peace and unity there would be no meaningful development,” she said. The government said the disarmament initiative is part of broader efforts to enhance security, prevent loss of lives and create an environment where development projects can thrive in Tana River County. By Hussein Abdullahi",,,https://www.kenyanews.go.ke/government-urges-tana-river-communities-to-surrender-illegal-firearms/,2026-07-19T15:25:49+00:00,Normal,Farmers,7,en
GOV_KENYA_NEWS_AGENCY_0237,Health,Disease Prevention and Control,"Motorcycle riders to transport patients’ specimens under new referral system. Patients seeking laboratory services in Kuresoi North and Kuresoi South sub-counties will no longer be required to travel to referral hospitals after the Nakuru County Government introduced an Integrated Specimen Referral System (ISRS) that uses trained motorcycle riders to transport medical specimens. Under the new system, specimens collected at dispensaries and health centres will be transported safely to the nearest referral hospital with laboratory facilities, while test results will be transmitted electronically back to the originating health facility, enabling patients to receive treatment closer to their homes. County Executive Committee Member (CECM) for Health Care Services Roselyn Mungai said the initiative is aimed at improving access to diagnostic services, reducing patient travel costs and ensuring timely medical interventions. She said the County Health Department is strengthening its logistics network by restoring grounded motorcycles, training riders and streamlining fleet management to fully operationalise the Integrated Specimen Referral System. “Trained riders will transport patient specimens safely and securely, completely sparing vulnerable patients from travelling long distances to high-level facilities for basic laboratory tests. By strengthening local delivery systems and minimizing avoidable clinical errors, the County Government is ensuring that every citizen receives safe, timely and patient-centred healthcare,” said Ms Mungai. She spoke during a strategy meeting with regional health team leaders from Kuresoi North and Kuresoi South sub-counties convened to review implementation plans and strengthen service delivery. The CECM said riders enlisted under the programme will undergo refresher training before full implementation of the system. She noted that the referral model has already undergone a pilot phase, which demonstrated improved patient management, reduced turnaround time for laboratory results and lower transport costs for patients. According to Ms Mungai, the trained and equipped riders will transport sensitive medical specimens from dispensaries, health centres and community health units to sub-county and county referral laboratories for specialised testing. She added that licensed boda boda riders may also be engaged whenever additional transport capacity is required, with the county facilitating the service to ensure uninterrupted movement of specimens. The CECM described specimen referral as a critical component of an efficient healthcare system, saying timely transportation of samples enhances diagnosis and treatment while improving overall patient outcomes. She said the initiative will expand access to specialised laboratory services regardless of where patients seek treatment, ensuring that residents in remote areas benefit from the same quality of diagnostic services available in major hospitals. The Integrated Specimen Referral System is among several initiatives being implemented by Governor Susan Kihika’s administration to improve healthcare delivery across Nakuru County. Ms Mungai said the programme is also expected to strengthen disease surveillance, facilitate faster clinical decision-making and promote equitable access to healthcare by reducing travel burdens and out-of-pocket expenses for patients. “This is a sustainable intervention that should be integrated with Primary Health Care to strengthen Universal Health Coverage and ensure long-term improvements in healthcare delivery,” she said. Implementation activities will include dissemination of the ISRS work plan, training of sub-county coordinators, sensitisation of healthcare workers and periodic performance reviews in the pilot sub-counties before wider rollout. Beyond improving logistics, Ms Mungai said the county government is promoting a culture of accountability among healthcare workers by encouraging staff to identify and resolve operational challenges before they affect service delivery. She urged health officers to take ownership of their facilities and work collaboratively to sustain quality healthcare services. The CECM said the success of the Integrated Specimen Referral System will depend on innovation, teamwork and professionalism, adding that the reforms are intended to ensure quality healthcare remains accessible to all residents as a fundamental right rather than a privilege. By Jane Ngugi and Caroline Nyakio",,,https://www.kenyanews.go.ke/motorcycle-riders-to-transport-patients-specimens-under-new-referral-system/#respond,2026-07-20T17:37:14+00:00,Normal,General public / patients,4,en
GOV_KENYA_NEWS_AGENCY_0245,Health,Disease Prevention and Control,"Researchers identify solutions to reduce pesticide residues on farm produce. Did you know that the simple act of soaking your fresh leafy spinach in salty water, then washing them under running water before cooking them could be the difference between living longer or dying earlier? A report by the Kenya Organic Agriculture Network (KOAN), in partnership with the Route to Food Initiative (RTIFI) and the Heinrich Böll Foundation (HBF) has demonstrated that these rudimentary practices can reduce the average detectable pesticide residue by 72.4 %. The joint report titledPesticide Residues in Selected Vegetables from Kenyan markets and Effectiveness of Household Methods for Residue Reductionlists a total of eight simple home practices that have been found to effectively address the challenge of pesticide residues in foods commonly consumed by majority of Kenyans on a daily basis. During the study, four vegetable varieties namely bulb onions, kales, spinach and tomatoes were employed under the study. The 45 samples used in the study were sourced from various markets in Nairobi and Nakuru cities. The markets were selected since most of their fresh produce are sourced from upcountry farms in Nyeri, Nyandarua, Machakos, Kirinyaga and Kajiado counties. “On average, soaking(vegetables) in salty water, washing under running water plus cooking gave the highest average reduction at 72.4 %; this was followed by washing in running water plus blanching at 70 %, then soaking in baking soda water plus washing and cooking had 69.8 %, while soaking in baking soda, washing plus cooking had 69.8 % reduction. This was followed by vinegar at 64.6 %, washing under running water at an average reduction of 61 %, and lastly, a 56.6% reduction was achieved with soaking in baking soda plus washing under running water,” read the report released on July 19, 2026 at the Central Bank of Kenya Institute of Monetary Studies during a stakeholders’ forum dubbed Food Safety in Kenya:From Evidence to Action. From the study onions exhibited the best pesticide reduction rate with all seven treatment methods within a range of between 98.7% and 99.7%. Tomatoes came second with a high of 68.3 % residue reduction rate after being soaked in baking soda followed by washing under running water before cooking. Spinach came third at 65.5 % after soaking in salty water then washing under running water and later cooking. On the other hand, soaking kales in vinegar, washing them under running water and finally cooking them achieved a 62.3% reduction in residues. The report also revealed that 78 % of the samples tested during the study had detectable pesticides while a third had surpassed EU Maximum Residue Limits (MRLs). MRLs is the maximum concentration of a pesticide residue on food or feed of plant and animal origin that is legally tolerated. The pesticides detected above EU MRLs comprised fungicides, insecticides, an herbicide and a miticide, laying bare the diversity of pesticide products farmers employ in vegetable husbandry. Tomatoes carried the highest burden, accounting for two-thirds of the non-compliant samples while onions came relatively clear. The report also found that household preparation methods can reduce pesticide residues by 60 to 70 %. “Food safety is everyone’s responsibility. This dialogue brings together evidence, experience and diverse voices to identify practical actions that can strengthen Kenya’s food system, from the farm to the consumer’s table, alongside data on pesticide residue reduction levels,” said Eustace Kiare, KOAN Executive Director during the release of the findings at the In 2024, a baseline study in Nyeri, Meru, Kirinyaga, Taita Taveta and Makueni counties on kales, tomatoes and onions by the Pest Control Products Board (PCPB) showed that out of 105 samples, 33 (31 %) had pesticide residues exceeding the EU-MRLs. The report further noted that previous pesticide monitoring researches had demonstrated that a proportion of vegetables being consumed in the country contain pesticide that exceed internationally recognized MRLs. KOAN is therefore calling for routine surveillance of pesticides in order to provide scientific evidence for evaluating compliance with pesticide regulations, assessing consumer exposure and informing national food safety policies. “Such information is particularly relevant in settings where consumers rely primarily on domestic food preparation to minimize dietary exposure. The results are expected to benefit regulatory agencies, public health practitioners, agricultural extension services, researchers, development partners, and consumers by providing evidence that supports safer agricultural production and healthier food preparation practices,” the report explains. According to a 2024 joint report by PCPB and FAO, Kenya’s pesticide imports rose from 14,600 tons in 2015 to 19,932 metric tons by 2020, catalyzed by a growing agricultural production and market demand. Another report in 2022 showed that 76 % of the total volume of pesticides used in Kenya contained or more active ingredients that are labelled as Highly Hazardous Pesticides (HHPs). Both WHO and FAO identify HHPs in pesticides based on their toxicity to human health, persistence in the environment and toxicity to aquatic life and pollinators. The report therefore insists that though the samples from the study exhibited pesticide residue below regulatory limits, excessive or repeated dietary exposure to certain pesticides has in the past been associated with adverse health outcomes. “Acute exposure (to pesticides) may cause symptoms such as nausea, dizziness, skin irritation, and respiratory distress, whereas long-term exposure has been linked to neurological disorders, endocrine disruption, reproductive impairment, developmental abnormalities and increased risks of cancers,” reads the findings. “Consequently, routine surveillance of pesticide residues remains an important component of national food safety systems.” Dr Harun Warui, RTFI programme Coordinator says Kenya lacks a single fix to address the challenge of harmful pesticides on human food and requires all stakeholders on board to find a way around the problem. Dr Warui argued that Kenya should not rely on policies in order to cut down on use of pesticides but should instead come up with less hazardous pest control practices that do not imperil both man and environment. “Today’s launch offers households a practical way to cut down pesticide exposure, but it cannot stand alone as the fix. The evidence keeps pointing in the same direction: without stronger regulation, unsafe food linked to highly hazardous pesticides will keep reaching consumers,” said Dr Warui. “We need a 360-degree approach, one that pairs household action with firmer enforcement of pesticide standards, so that safety does not depend on what happens in the kitchen alone. Agroecology gives us a further route to the same goal, growing food in ways that reduce our reliance on hazardous pesticides in the first place, rather than only managing their residues after the fact.” Dr Johnson Nduhiu Gitahi, a staff at the Nairobi University Department of Public Health, Pharmacology and Toxicology explained the need of the entire study was to explore practical solutions to safer foods in Kenya. Dr Gitahi said all those involved in the entire food chain must make sure what is grown in the farms is safe for the kitchen before it finds its way to the dining table. “Our goal was to provide evidence that people can use every day. Safer food starts on the farm, but simple steps at home can also help reduce pesticide residues before vegetables are eaten,” he stated. Early this year eight non-governmental organizations drawn from East Africa had called for concrete policies to help safeguard both man and environment from effects of HHPs. In a joint statement released on March 27 this year, the group under the umbrella of East Africa Pesticide Network had noted the steps the region had taken in reducing the usage of hazardous pesticides but warned findings showed there was still presence of HHPs in the ecosystem. The network had brought together Greenpeace Africa, RTFI, Food Safety Coalition Uganda, Global Consumer Center, Broederlijk Delen, SEATINI, Tanzania Organic Agricultural Movement and Premium Kenya. The report followed findings that were presented during the East Africa Pesticides, Environment and Health Interdisciplinary Symposium held in Kisumu from November 5 to 6 2025. The group wanted the region to come up with strong enforcement, transparent registration processes, and regular monitoring and publication of data on pesticide reduction. In addition, they wanted governments from the East Africa region to develop an effective surveillance of acute and chronic pesticide poisoning and coordinated regional action to prevent cross-border pesticide trade in hazardous products. “At the policy level, we recognize that important regulatory steps are already being taken to protect our health and the environment, as well as transboundary control of hazardous products. In June 2025, Kenya announced the withdrawal of 77 per cent of products and restrictions on an additional 202. Earlier this year, Tanzania announced the phase-out of 805 products, a step that demonstrates the growing recognition of pesticide risks. These actions signal growing recognition of the risks posed by pesticides; however, regulatory bans alone are not enough.” read the statement. According to the report, global pesticide uses in East Africa rose from 1.8 million tons to 3.7 million tons between 1990 and 2022, posing a challenge in tackling entry of harmful chemicals into the region. On the other hand, pesticide imports into Africa increased 5.7 times between 2002 and 2022, a pointer to broader agricultural intensification trends driven by changing climatic patterns, pest pressure and food production demands. During the same period, pesticide used on food crops exceeded the allowed safety limits posing health risks to both humans and the environment. “Today, we present findings of studies shared at the symposium that found pesticide residues in drinking water sources, agricultural soils, fresh produce, and ambient air in parts of East Africa. These effects are as a result of exposure, use and misuse of pesticides products that have already been banned in their countries of origin, but are available and sold in countries in the global south, such as Kenya, Uganda, and Tanzania,” continued the report. “In some food samples, pesticide limits exceeded established maximum residual levels (MRLs). Health research also documented cases of acute pesticide poisoning and identified links between occupational pesticide exposure and neurological, mental health, and reproductive outcomes among agricultural workers.” To cut down on use of HHPs in the region, respective governments were advised to among other things adhere to existing international agreements such as the Basel, Rotterdam and Stockholm conventions which outline regulations on hazardous waste movement and trade. At the regional level, member states were urged to adhere to EAC Guidelines on Data Requirements for the Registration of Conventional Chemical Pesticides Used in Agriculture and Forestry adopted during the 38thExtra –Ordinary Council of Ministers on January 30 2019. The Convection provided applicants with better information on the data and studies on how they should submit to national pesticide registration. “Despite the legal frameworks, there are existential challenges to implementation, corporate control over the food system, and weak negotiation capacity between the EAC and the global north. These have continued to influence the continuous trade in and use of highly hazardous pesticides in the region. East African countries still struggle to coordinate joint actions on the regulation and control of the trade in and use of highly hazardous pesticides. There are still challenges of porous borders where pesticides registered, traded, or used in one country often move across borders through formal and informal markets,” highlighted the report. The East Africa Pesticide Network also called for continuous adoption of viable alternatives such as crop diversification, use of biological control agents, soil health management, habitat management for natural enemies and farmer-led integrated pest management. The group noted that such a paradigm shift has in the past helped reduce chemical dependence while safeguarding the soil ecosystem. The network also called for stronger regional collaborative action involving the governments, farmers, researchers, civil societies among others in pushing for initiatives that will protect the public health, food chain and the environment through adopting safer agricultural production practices. In October 2023 KOAN), Biodiversity and Biosafety Association of Kenya(biba), and RTFI had called stakeholders in the agricultural sector to come up with an effective panacea on the use of HHPs in the country. The trio, while admitting the then efforts which were being undertaken towards protecting the safety of crops in regard to the use of pesticides in the country had argued that such efforts should bring more players on board. “A collaborative effort among regulatory bodies, farmers, environmentalists and civil society is crucial to finding a balanced and sustainable approach to pesticide use, especially concerning the use of Highly Hazardous Pesticides in Kenya,” read a joint press statement from the group. “We agree that the responsible use and handling of pesticides are essential. However, we must acknowledge that the responsibility for safe pesticide use is beyond the farmers’ ability. Required mitigation measures like buffer zones to safeguard communities or water resources often can’t be implemented. Beyond the responsibility of the farmer, pesticide companies should also play an essential role in ensuring the safe use, disposal and handling of their products through extended producer responsibility (EPR).” In September 13 2022, RTFI released a report detailing how the majority of Kenyans could be consuming foods laced with HHPs posing a threat to their overall wellbeing. The reportToxic Business; Highly Hazardous Pesticides in Kenya,identified maize, wheat, coffee, potatoes, kales and tomatoes as consumers of the largest volumes of pesticides heavily laced with HHPs. As a result, the crops which form the bulk of the country’s food sources were said to be exposed to a range of toxic substances, a threat to both consumers and the environment. Further, according to the 40-page report, only six out of 310 pesticides in use in the country at the time could be qualified as bio pesticides (derived from natural materials such as plant and animal products and therefore considered safe), accounting for a paltry 2 per cent of the total pesticide volume. “Common food items in Kenya households such as maize, wheat, coffee, potatoes, kales and tomatoes require the largest volumes of pesticides, with a heavy reliance on HHPs.These crops are exposed to a range of toxic substances, posing significant threats to both consumers and the environment,” read the report’s findings. “Only six out of the 310 pesticide products used in Kenya are bio pesticides, accounting for a mere 2 per cent of the total pesticide volume. Meanwhile, Highly Hazardous Pesticides account for a shocking 76 per cent of the total volume used. This huge disparity indicates the urgent need to promote bio pesticides.”. But responding to the report later, PBCB and aak/GROW Fresh Produce Consortium of Kenya (FPC Kenya) faulted the findings insisting the State had been keen in ensuring pesticides landing in the country do not impair the health of man, beast and environment. The board also clarified that only insecticides that meet the required MRLs were allowed into the country. “Ensuring consumer and pesticide user safety is our top priority. Food safety is key during approval of pesticides that is why Maximum Residue Levels are required,” said PCPB then acting CEO Fredrick Muchiri. “The Route to Food initiative report is not factual. Ban means total ban on manufacture and use. You cannot ban a pesticide and continue producing for other people,” he said. The official similarly defended the use of pesticides in the country saying they do play a crucial role in safeguarding crop production by combating pests and disease-causing agents But KOAN, RTFI and biba claimed there was a need to follow a hazard assessment for registering very toxic pesticides (WHO 1a, WHO 1b, and so-called CMR (carcinogenic, mutagenic and reproduction toxic pesticides)) as a matter of urgency. The NGOs said such hazard assessments should focus on the inherent properties of pesticides, regardless of their use patterns. “It is essential to strike a balance between risk and hazard assessments to ensure comprehensive safety, as many of the Highly Hazardous Pesticides (HHP) mentioned in the recently launched report Toxic Business: Highly Hazardous Pesticides in Kenya are very toxic, for example, beta-cyfluthrin. We agree that the responsible use and handling of pesticides are essential.” they pointed out. And in response to PCPB’s stance on importation of pesticides currently flagged in Europe, the NGOs had remarked that the products under question had been outlawed due to their health risk to both humans and the environment. They therefore called for exploration of friendlier means of food production that rely less on agrochemicals and also guarantee bumper harvests and access to safe food for the country. “We encourage PCPB to explore sustainable pest management alternatives that prioritize both crop protection and the long-term health of Kenyan farmers and consumers, and the environment. We would like to emphasize that most of the pesticides that are banned in Europe are withdrawn from the market because of their unacceptable risk towards the environment and human health and not because of less pest pressure.” They stressed. “We would also like to emphasize that a system change of agricultural production is necessary and not just a substitution from one pesticide to the other, to achieve safe food in an enabling environment.” Among pesticides ingredients considered highly toxic and commonly used by farmers in the country by then included chlorpyrifos, acetochlor, glyphosate, 2,4-D, mancozeb and chlorothalonil. Active ingredients, such as bifenthrin, dichlorvos, diazinon, carbaryl, fipronil, Thiamethoxam, and carbendazim, have already been outlawed in Europe. By Samuel Maina",,,https://www.kenyanews.go.ke/researchers-identify-solutions-to-reduce-pesticide-residues-on-farm-produce/#respond,2026-07-21T11:25:08+00:00,High,General public / patients,10,en
GOV_KENYA_NEWS_AGENCY_0250,Agriculture,Sustainable Farming,"Government launches Sh34 billion programme to strengthen climate resilience. The Government has officially launched the Integrated Natural Resources Management Programme (INReMP), a Sh34.1 billion (USD 262 million) initiative that will run for eight years to strengthen climate resilience, restore degraded ecosystems, improve food security and enhance livelihoods for more than two million Kenyans. The programme, jointly funded by the Government of Kenya and the International Fund for Agricultural Development (IFAD), targets 407,176 households across 10 counties in western Kenya through investments in climate-smart agriculture, natural resource conservation and sustainable rural development. Prime Cabinet Secretary and Cabinet Secretary for Foreign and Diaspora Affairs Musalia Mudavadi presided over the national launch at the University of Eldoret under the theme,“Building Climate Resilient Livelihoods Through Inclusive and Sustainable Development.” Mudavadi described the programme as a major milestone in the country’s efforts to address climate change while accelerating socio-economic transformation through sustainable management of natural resources. He said the initiative would enable counties endowed with rich agricultural potential, biodiversity and water resources to better respond to the growing challenges of climate change, environmental degradation, food insecurity and rural poverty. “Implementing this programme demonstrates our determination as a nation to turn these challenges into opportunities by restoring our environment, improving livelihoods and strengthening our resilience. It will contribute to our socio-economic transformation journey and secure a better future for present and future generations,” Mudavadi said. The Prime Cabinet Secretary was accompanied by Environment, Climate Change and Forestry Cabinet Secretary Dr. Deborah Mlongo Barasa, Agriculture Principal Secretary Dr. Paul Ronoh, Environment Principal Secretary Dr. Eng. Festus Ngeno, Treasury Principal Secretary Dr. Chris Kiptoo, Gender Principal Secretary Anne Wang’ombe, Trade Principal Secretary Regina Ombam, Uasin Gishu Governor Jonathan Bii Chelilim and other senior national and county government officials. The programme will be implemented in Elgeyo Marakwet, West Pokot, Trans Nzoia, Uasin Gishu, Nandi, Kakamega, Kericho, Kisumu, Homa Bay and Migori counties, which continue to experience increasing climate-related shocks affecting agriculture, water resources and livelihoods. According to Mudavadi, the focus on western Kenya reflects the urgent need to address environmental degradation and strengthen resilience in one of the country’s most productive agricultural regions. He noted that Kenya is richly endowed with forests, wetlands, rivers, fertile agricultural land and other natural resources that form the backbone of food production, water security, biodiversity conservation and the rural economy. However, he observed that these resources continue to face mounting pressure from land degradation, deforestation, declining soil fertility, biodiversity loss and shrinking water catchments, all of which threaten sustainable development. Mudavadi said INReMP provides a comprehensive response to these challenges by integrating environmental conservation with livelihood improvement and institutional capacity building. The programme is anchored on three strategic pillars. The first focuses on ecosystem services and climate action through restoration and protection of forests, wetlands, watersheds and critical water towers, particularly the Mau and Cherangany ecosystems. The second pillar seeks to improve sustainable rural livelihoods by promoting regenerative agriculture, climate-smart farming technologies, irrigation, value addition, enterprise development and commercialization of nature-based value chains to increase household incomes. The third pillar focuses on strengthening institutions by supporting policy development, enhancing coordination among implementing agencies and establishing regional offices to oversee programme implementation. Mudavadi said the programme’s overall goal is to improve food, nutrition and income security for rural households while ensuring communities live within sustainable and climate-resilient ecosystems. He added that the initiative seeks to enhance integrated natural resource management while increasing resilience to climate change, particularly among women, youth, persons with disabilities, indigenous communities and other vulnerable groups. The Prime Cabinet Secretary said restoration of degraded landscapes will involve supporting communities to conserve forests, rangelands, wetlands, water sources and agricultural land through soil and water conservation, carbon sequestration and climate action initiatives. He said the programme would also improve agricultural productivity by promoting modern farming technologies, climate-smart agriculture, irrigation infrastructure, value chain development and rural enterprise growth to create employment and increase household incomes. Mudavadi called for greater investment in capacity building for national and county governments, community institutions and local organisations to ensure successful implementation of the programme under the Bottom-Up Economic Transformation Agenda. He noted that deliberate inclusion of women, youth and vulnerable groups would ensure equitable access to opportunities created by the programme while stimulating entrepreneurship, job creation and social inclusion in rural areas. “The successful implementation of INReMP will strengthen our national food system. Building on lessons from previous natural resource management programmes will improve productivity, reduce vulnerability, strengthen food and nutrition security and create more resilient communities,” he said. Mudavadi underscored the importance of partnerships, accountability and community ownership, saying the programme’s success would depend on close collaboration between the national government, county governments, development partners, technical experts and local communities. He urged county governments to integrate the programme into their development plans, provide effective leadership and coordinate implementation to maximise impact. The Prime Cabinet Secretary also challenged communities to actively participate in planning, protect investments made under the programme and strengthen local institutions to ensure long-term sustainability. He said success would ultimately be measured by restored ecosystems, improved household incomes, increased agricultural productivity, empowered women and youth, strengthened community institutions and healthier rural environments. Mudavadi expressed confidence that successful implementation would encourage IFAD and other development partners to continue supporting Kenya’s green growth agenda and environmental restoration efforts. He said the initiative aligns with the country’s broader climate action commitments and sustainable development goals by restoring degraded landscapes, protecting water resources, strengthening food systems and improving livelihoods. Calling on leaders and residents of the beneficiary counties to fully embrace the programme, Mudavadi said it provides an opportunity to transform rural economies while safeguarding natural resources for future generations. “Let us use this programme to restore landscapes, protect water resources, improve farming systems, strengthen rural enterprises and build hope for beneficiary communities. Through ownership, participation and accountability, we can secure lasting benefits for all,” he said. By Ekuwam Sylvester and Nelson Obwana",,,https://www.kenyanews.go.ke/government-launches-sh34-billion-programme-to-strengthen-climate-resilience/,2026-07-19T13:56:28+00:00,High,Farmers,3,en
GOV_KENYA_NEWS_AGENCY_0251,Health,Disease Prevention and Control,"Community Health Committees trained. At least forty-eight members of Community Health Committees (CHCs) in Kajiado North have completed a five-day training programme aimed at improving public health surveillance at the grassroots. The training, organized by the Ministry of Health in partnership with CFK Africa, equipped participants with skills in leadership, governance, conflict resolution, resource mobilization, communication, advocacy and community health oversight. The newly trained CHCs were drawn from Kware A, Mayor Road, Scheme 6, Olekasasi B, Lemelepo, Oloosurutia, Gichagi and Olepolos community health units. They join another 60 committee members trained during the first phase of the programme earlier this year. Speaking during the closing ceremony in Ngong, Kajiado North Sub-County Community Health Strategy Coordinator and Health Promotion Officer Susan Nesenke expressed confidence that the trainees would apply the knowledge gained to improve healthcare delivery in their communities. “I expect the Community Health Committees to implement what they have learned by providing effective oversight to community health promoters and advocating for improved health services. This will strengthen the link between communities and health facilities,” she said. Kajiado North Sub-County Medical Officer of Health Dr. Marion Mukira said the committees would play a critical role in supervising Community Health Promoters (CHPs) and supporting efforts to build healthier communities. She commended CFK Africa for partnering with the Ministry of Health to strengthen community health systems across Kajiado County. CFK Africa Programme Officer for Event-Based Surveillance Dorine Ochieng said the training was designed to enhance disease surveillance and early detection of public health threats at the community level. “The committees are important because they work closely with Community Health Promoters and residents. Many of the members are village elders who can quickly identify and report unusual health events, enabling timely public health response,” said Ochieng. She noted that following the first phase of the training, the sub-county had recorded improved reporting of health events by Community Health Promoters, attributing the progress to stronger collaboration between CHCs and CHPs. Kajiado County Chief Officer for Public Health and Sanitation Eddy Kimani said community health committees and community health promoters remain the foundation of preventive and promotive healthcare because of their close interaction with residents. Kimani pledged the county government’s support to the newly trained committees, including issuing them with certificates and identification badges to facilitate their work in the communities. “With the establishment of more community health units, we expect improved health indicators, which are critical for planning and budget allocation,” he said. He also lauded the 167 community health promoters serving Kajiado North for their commitment and reaffirmed the county government’s commitment, under Governor Joseph Ole Lenku, to continue supporting them through the payment of stipends. The community health committees will serve as the link between communities and health facilities, overseeing the work of community health promoters while helping ensure residents access quality healthcare services. By Peter Muteti",,,https://www.kenyanews.go.ke/community-health-committees-trained/#respond,2026-07-19T12:09:00+00:00,Normal,General public / patients,1,en
GOV_KENYA_NEWS_AGENCY_0258,Agriculture,Crop Production,"Teso farmers urged to preserve maize for food security. Farmers in Teso North have been urged to preserve adequate stocks of their newly harvested maize for household consumption before selling any surplus produce. Local leaders said maintaining sufficient food reserves until the next planting and harvesting season is essential in safeguarding household food security and protecting families from possible shortages. The advice follows reports that some farmers have started selling freshly harvested maize at between Sh50 and Sh60 per gorogoro (two-kilogram tin), despite the same quantity retailing at about Sh100 at Malaba Market. Teso North Member of Parliament Oku Kaunya, who led the appeal, expressed concern that selling maize at low prices could force farmers to dispose of much of their harvest without gaining meaningful returns. He warned that such decisions could leave households with inadequate food reserves and limited income after months of farming efforts. Kaunya said reports of declining maize production in some parts of the country should encourage farmers to prioritize food storage before marketing their surplus. He also urged farmers to diversify into other crops such as cassava and groundnuts to strengthen household resilience, improve nutrition, and create alternative income sources during seasons of poor maize performance. The concerns come as various counties undertake assessments to establish maize production levels following changing weather patterns. In Uasin Gishu County, the county government, in collaboration with the Ministry of Agriculture, has started a countywide digital maize crop assessment after indicating that approximately 30 per cent of the crop had been affected by several weeks of dry conditions. According to the county government, the exercise aims to determine the extent of crop damage and generate information to guide interventions and policy decisions. In Busia County, the Department of Agriculture is also conducting a two-week Rapid Maize Performance Assessment of the 2026 long-rains maize crop to evaluate crop performance, estimate expected production, and support agricultural planning and food security interventions. The assessment, which began on July 13, 2026, involves agricultural officers and agripreneurs visiting farms across the county to collect crop performance data. Teso North Deputy County Commissioner Solomon Kitai and Kenya National Union of Teachers (KNUT) Teso Branch Chairman Alex Omoit supported the call for farmers to make careful decisions when selling their produce. Teso North Agricultural Officer Gertrude Wambia advised farmers against selling maize individually, saying they risk receiving low prices due to weak bargaining power. She encouraged farmers to market their produce collectively through Farmer Producer Organisations (FPOs), Common Interest Groups (CIGs), and cooperative societies to negotiate better prices and access reliable markets. “I urge all farmers to work closely with agripreneurs who provide training, link them to service providers, and connect them with buyers through FPOs. When you harvest your produce, please do not rush to sell individually. Let agripreneurs help you secure better prices,” Wambia said during a recent farmers’ field day in Amagoro. The leaders emphasized that proper post-harvest management, collective marketing, and crop diversification would enable farmers to protect their livelihoods and improve returns from agriculture. By Moses Wekesa",,,https://www.kenyanews.go.ke/teso-farmers-urged-to-preserve-maize-for-food-security/#respond,2026-07-19T14:05:40+00:00,Normal,Farmers,8,en
GOV_KENYA_NEWS_AGENCY_0262,General,Uncategorized,"Culture & Arts. Leaders have urged the Nandi community to safeguard its cultural heritage and strengthen traditional institutions amid rapid modernization, saying indigenous values remain critical in promoting peace, unity and social cohesion. The",,,https://www.kenyanews.go.ke/category/c-a/,2026-07-19T13:43:08+00:00,Normal,General public,1,en
GOV_KENYA_NEWS_AGENCY_0264,General,Uncategorized,"Over 20 teams set for action-packed Prinsloo Sevens Championship. More than 20 teams are set to battle for honours during the 17th edition of the National 7s Prinsloo Sevens Championships scheduled for Nakuru Athletics Club (NAC) next weekend. The tournament, which returns to Nakuru for the 13th time, will mark the opening leg of the 2026 SportPesa National Sevens Circuit, with rugby fans expected to witness high-intensity action from some of the country’s leading clubs. The 2026 Prinsloo Sevens will officially kick off on July 25 and 26, 2026, at the NAC as teams begin their campaign for national circuit glory. Tournament Director Edward Moseti said preparations are complete and fans should expect exciting performances from participating teams. “All is set for the tournament that is to begin Saturday morning. More than 20 teams have confirmed participation and we expect entertaining moments for our fans,” Moseti said. He assured fans and teams that adequate security measures had been put in place to ensure a safe and enjoyable tournament. The competition has received a major financial boost, with SportPesa increasing its sponsorship of the National Sevens Circuit from Sh16 million to Sh34 million, while Tusker has contributed Sh1.5 million towards the tournament. Moseti said the teams are highly motivated and predicted a competitive championship, adding that fans could witness a new winner emerge. Hosts Nakuru RFC, popularly known as Wanyore, received a further boost after Smart Application unveiled a Sh3 million sponsorship package to support the team’s preparations. The sponsorship is expected to strengthen Nakuru RFC’s role as a leading rugby development platform in the county and a pathway for players seeking opportunities at national level. Moseti explained that Division One will maintain its traditional format, with 16 teams divided into four pools of four. After the opening day’s pool matches, the top two teams from each pool will advance to the Cup quarter-finals on day two before proceeding to the semi-finals and final. The remaining eight teams will compete in placement playoffs to determine positions nine to 16. Division Two, however, will undergo changes, with the number of participating teams reduced from 20 to 16. The teams will now be divided into four pools of four, adopting a similar structure to Division One, where teams progress from pool matches to quarter-finals, semi-finals and finals. The Division Two lineup will include four teams relegated from Division One in the previous leg, the top four finishers from Division Two, excluding the promoted team, and nine other teams, with priority given to regional teams from host areas. In the women’s category, the eight participating teams will compete in a single division divided into two pools of four teams each. All teams will progress to the quarter-finals after pool matches, with the top performers advancing to the semi-finals and final. The other teams will compete in classification matches to determine their final rankings. The Division One pools for the main Cup competition feature some of Kenya’s top rugby clubs. Pool A consists of Kenya Harlequin, Zetech University, Menengai Oilers and Mombasa RFC. Pool B includes KCB Rugby, Nondescripts, Mwamba RFC and Nakuru RFC. Pool C brings together KU Blakblad, defending champions Strathmore Leos, MMUST and Catholic Monks. Pool D comprises Kabras Sugar, Daystar Falcons, Stallions Rugby and Kabarak University. The Prinsloo Sevens will open a six-leg 2026 National Sevens Circuit running from July 25 to September 13, featuring elite men’s and women’s rugby clubs across the country. Defending champions KCB Rugby enter the competition as favourites after a dominant 2025 campaign in which they accumulated 126 points and won four of the six tournament titles. However, they are expected to face stiff competition from Strathmore Leos, who defeated KCB at the Prinsloo and Embu legs last season, as well as other strong contenders including Kabras Sugar, Menengai Oilers and Kenya Harlequin. After Nakuru, teams will move to Kisumu for the Dala Sevens at Jomo Kenyatta Stadium from August 1 to 2, followed by Kabeberi Sevens at RFUEA Grounds in Nairobi on August 15 and 16. The circuit will continue with Driftwood Sevens at Mombasa Sports Club on August 22 and 23, Embu Sevens at Embu Stadium on September 5 and 6, before concluding with Christie Sevens at RFUEA Grounds in Nairobi on September 12 and 13. SportPesa representative Mercy Kabui said the company’s continued investment in rugby is aimed at supporting local talent and promoting home-grown sports. Kabui said the sponsorship reflects the company’s commitment to grassroots development and providing opportunities for young athletes to grow their skills. “Rugby is one of the sports that Kenyans hold dear to their hearts and we are pleased to renew the Sevens Circuit sponsorship for the next two years,” she said. Events Coordinator Kevin Odhiambo said the National Sevens Circuit has become an important platform for showcasing Kenya’s rugby talent and bringing fans together across the country. He noted that many emerging players who participate in the circuit eventually progress to represent Kenya on international platforms. By Jane Ngugi and Dennis Rasto",,,https://www.kenyanews.go.ke/over-20-teams-set-for-action-packed-prinsloo-sevens-championship/#respond,2026-07-19T16:01:58+00:00,Normal,General public,3,en
GOV_KENYA_NEWS_AGENCY_0265,General,Uncategorized,"service delivery. By H, KNA Tana River governor Major (Rtd.) Dhadho Godhana, has issued a firm warning to county staff that the era of “business as usual” is over, calling for a renewed",,,https://www.kenyanews.go.ke/category/service-delivery/,2026-07-17T18:22:49+00:00,High,General public,1,en
GOV_KENYA_NEWS_AGENCY_0267,Agriculture,Agribusiness and Market Access,"Government to build Raila Odinga Mausoleum to preserve national legacy. The government has launched the construction of a state-of-the-art mausoleum in Bondo, Siaya County, to honour the late former Prime Minister Raila Odinga in recognition of his contribution to Kenya’s political evolution, national unity and constitutional reforms. The Raila Odinga Mausoleum, a national heritage project, will be constructed by the Kenya Defence Forces (KDF) over a two-month period beginning in August and is expected to be completed by September 30, ahead of the first anniversary of his death in October. Speaking during the groundbreaking ceremony at the Kango ka Jaramogi home in Bondo, Defence Cabinet Secretary Soipan Tuya said the project demonstrates the government’s commitment to preserving Raila Odinga’s legacy for future generations. “The presence of Cabinet Secretary Wycliffe Oparanya, Principal Secretaries from the State Department for Culture and the Arts and the Ministry of Defence is a clear demonstration that the government is committed to preserving the legacy of the late Raila Odinga, who contributed greatly to national unity, constitutional reforms and social progress in our country,” Tuya said. She said KDF had been selected to undertake the project because of its proven capacity, discipline and record in delivering quality infrastructure projects within strict timelines. “I want to assure Kenyans and the Odinga family that delivering the project within a record two months will not compromise its quality,” she said. Tuya said the mausoleum will feature a main memorial hall, cultural galleries, exhibition spaces and a national monument documenting Raila Odinga’s political journey and contributions to Kenya’s democratic development. She added that once completed, the facility will serve as a symbol of national unity and pride while promoting cultural heritage, historical education and tourism in the region. Cooperatives Cabinet Secretary Wycliffe Oparanya described the project as a fitting tribute to one of Kenya’s most influential political leaders, saying Raila Odinga’s legacy extends far beyond his final resting place. “The memory of Raila Odinga cannot be confined to a gravestone. His true legacy is reflected in the democratic space that Kenyans enjoy today,” Oparanya said. He said the mausoleum should become a national shrine of democracy where Kenyans from all backgrounds can learn about the sacrifices made in the struggle for constitutional reforms and democratic governance. The late former Prime Minister died on October 15 last year and was laid to rest at his Kango ka Jaramogi home in Bondo on October 19. By Brian Ondeng",,,https://www.kenyanews.go.ke/government-to-build-raila-odinga-mausoleum-to-preserve-national-legacy/#respond,2026-07-21T11:12:40+00:00,Normal,Farmers,1,en
GOV_KENYA_NEWS_AGENCY_0271,Agriculture,Agricultural Training,"Government warns against rising defilement, goonism cases in Ndhiwa East. The government has issued a stern warning against increasing cases of defilement and goonism in Ndhiwa East, Homa Bay County, saying offenders will face the full force of the law. Speaking during a public baraza at Pala Koguta Trading Centre, Ndhiwa East Deputy County Commissioner (DCC) Mohamed Akida said sexual offences against children must not be tolerated or handled through informal settlements outside the legal system. Akida described defilement as a serious criminal offence that causes lifelong physical and emotional harm to victims, urging residents to report cases promptly to relevant authorities. “Cases of defilement must stop. Whoever is found guilty of committing such an offence will strictly face the law. These cases should never be handled like ordinary cases because they leave victims with lifelong physical and emotional scars,” he said. The administrator expressed concern that some families conceal defilement cases due to stigma or attempts to resolve them privately, warning that such actions deny victims justice and allow offenders to continue committing crimes. He added that individuals who protect suspects, interfere with investigations or obstruct justice would also face prosecution. Akida urged parents, teachers, religious leaders and community members to work together to safeguard children, saying every child has a right to grow in a safe environment free from abuse and exploitation. He encouraged residents to report child abuse, neglect and violence, assuring them that government agencies were committed to protecting victims and ensuring justice. “Let us work together with security agencies to protect our children and maintain peace,” he added. Meanwhile, Ndhiwa Sub-County Police Commander John Losia raised concern over the growing problem of goonism, saying criminal gangs were disrupting peace, threatening businesses and encouraging young people to engage in unlawful activities. Losia urged youth to reject criminal groups and instead pursue education, skills training and lawful employment opportunities. “Goonism is one of the major problems affecting our people today. I urge our youths to seek legal jobs and engage in productive activities instead of joining criminal groups that only destroy their future,” he said. The police commander warned that security agencies would intensify operations against individuals involved in gang-related violence, intimidation and other criminal activities. He called on residents to support law enforcement efforts by providing information that could assist in arresting criminals, noting that effective policing requires cooperation between security agencies and the public. Losia attributed youth involvement in gangs to factors such as unemployment and peer pressure, urging communities to support mentorship programmes, entrepreneurship and skills development initiatives. He commended boda boda operators in Ndhiwa East for maintaining discipline and assisting security agencies by reporting suspicious activities. The leaders challenged schools, religious institutions, community organisations and local administrators to strengthen programmes promoting responsible citizenship, peaceful coexistence and positive values among young people. By Sitna Omar",,,https://www.kenyanews.go.ke/government-warns-against-rising-defilement-goonism-cases-in-ndhiwa-east/#respond,2026-07-19T15:53:02+00:00,High,Farmers,8,en
GOV_KENYA_NEWS_AGENCY_0274,Health,Disease Prevention and Control,"Makueni distributes bicycles to Community Health Promoters. The Makueni County Government has launched a major initiative to strengthen community healthcare by distributing 385 bicycles to Community Health Promoters (CHPs) and rolling out free ambulance services aimed at improving access to healthcare across the county. Governor Mutula Kilonzo Jr. flagged off the bicycles at the Mother and Child Hospital in Wote, saying the Sh6 million investment would improve the mobility of CHPs, enabling them to reach more households and deliver essential health services more efficiently. The bicycles were distributed to five wards, with Ivingoni/Nzambani receiving 239, Kikumbulyu South and Kikumbulyu North receiving 49 each, while Masongaleni and Thange received 24 bicycles each. Governor Mutula said the bicycles were procured after residents identified transport challenges facing community health promoters during public participation forums conducted in the previous financial year. He noted that CHPs are often the first point of contact for patients at the community level, particularly in remote areas where they walk long distances while carrying medical kits weighing up to 20 kilogrammes. “The work these Community Health Promoters do is enormous. They are the first contact within our communities and often travel across difficult terrain to reach households. These bicycles will ease their burden and improve service delivery,” he said. The Governor said improved mobility would enable CHPs to meet their monthly target of visiting at least 33 households while enhancing disease surveillance, maternal and child healthcare, health education and follow-up of patients. He encouraged the remaining 26 wards in the county to prioritise the purchase of bicycles in the next budget cycle to ensure all Community Health Promoters benefit from the programme. Mutula further announced that the county government, working with a development partner, plans to procure an additional 1,000 bicycles during the current financial year to further strengthen community health services. During the event, the Governor also officially launched free ambulance services for patients referred by clinicians as well as those requiring emergency medical attention within and outside the county. The free ambulance programme, which began on July 1, 2026, has already facilitated the transportation of 265 patients to health facilities where they received specialised treatment. Makueni currently operates 10 ambulances, while two others are undergoing repairs. The county has also received an additional ambulance from St. John Ambulance and plans to acquire two more ambulances and a fire engine during the current financial year. To improve emergency response, the county has partnered with the Emergency Medicine Kenya Foundation (EMKF) under the Ambulensi programme to install an Automatic Vehicle Location (AVL) system in ambulances. The technology will enable emergency dispatch teams to identify callers’ locations more accurately, reduce response times and improve operational efficiency. “We are modernising our ambulance services through our partnership with the Emergency Medicine Kenya Foundation, which will also train our medics and ambulance operators to strengthen emergency healthcare,” said Mutula. County Executive Committee Member for Health Joyce Mutua said the bicycles would enable Community Health Promoters to move from one household to another more efficiently, saving time and increasing service coverage. She urged beneficiaries to safeguard the bicycles, describing them as public assets that should be properly maintained and used solely for official duties. Makueni County Assembly Clerk Kevin Mutuku commended healthcare workers for their commitment to delivering quality services across county health facilities. He also defended the county’s Mutula Care health insurance programme, saying it had enabled many vulnerable residents to access affordable healthcare within and outside Makueni County. The Governor was accompanied by Kikumbulyu North MCA Jackson Mbalu, Kikumbulyu South MCA Jades Kalunda, Mavindini MCA Japheth Kimongo and nominated MCAs Elizabeth Muthike and Sarah Mbilo. By Patrick Nyakundi",,,https://www.kenyanews.go.ke/makueni-distributes-bicycles-to-community-health-promoters/#respond,2026-07-21T16:37:05+00:00,High,General public / patients,6,en
GOV_KENYA_NEWS_AGENCY_0279,Health,Mental Health Awareness,"Regional stakeholders push for economic inclusion of displaced persons. Principal Secretary (PS) for Labour and Skills Development Shadrack Mwadime has highlighted Africa’s youth demography—where 65 percent of the population is aged 35 and below—as the continent’s primary economic resource when he officially opened the PROSPECTS Africa Forum on Decent Work and Forced Displacement in Nairobi. PS Mwadime stressed that governments must re-evaluate academic curricula in collaboration with employers to ensure graduates meet real-world job requirements. “If the future is in Africa, then we need to impart proper skills on our young people. The first thing that we need to do in Africa is to sit with employers, do an analysis of the kind of jobs that are obtained as it is currently,” Mwadime stated. Highlighting government efforts to formalize practical skills gained outside traditional classrooms, the PS announced significant progress under Kenya’s Recognition of Prior Learning (RPL) framework. “For the last six months or so, the Ministry has been able to assess about 20,000 young people with experience that they have obtained over time, and hopefully in the next two or three weeks we should be able to issue about 5,000 certificates to these young people,” he revealed. Mwadime added that forcibly displaced persons bring vital skills to host nations, citing his personal experience learning from Ugandan educators and medical professionals who strengthened Kenya’s public service sector in earlier years. Delivering remarks on behalf of the Netherlands Embassy in Nairobi, Ms. Lilian Obiye, Policy Officer for Displacement and Durable Solutions, emphasized that forced displacement must no longer serve as a barrier to regional economic productivity. “The challenge for us is not simply to respond to displacement or particularly post-displacement, but it is to ensure that displacement does not become a barrier to opportunities and productivity, but that we also take the opportunity to grow it, to increase economic growth for all countries,” Obiye noted. Further, she disclosed that the Netherlands has invested over $500 million globally in the PROSPECTS initiative since 2019, allocating $67 million specifically to Kenya for its second phase ending in December 2027. The Officer commended Kenya’s practical inclusion policies, citing the Shirika Plan as an exemplary model for developmental refugee management, while reiterating the Kingdom’s commitment to collaborating with regional blocs such as IGAD, EAC, and SADC. Representing the International Labour Organization (ILO), Dr. Coffi Agossou, Deputy Regional Director for Africa, underscored the urgent need to align youth labor supply with sustainable market opportunities. “In Africa, everyone knows that Africa is the youngest continent in the world. But at the same time, these young people are not getting the rights just as they need because the labour market doesn’t provide them enough opportunity to have a quality job,” Dr. Agossou established. According to the Deputy Director, ILO estimates show over 86 percent of employment across Africa remains informal, with less than 20 percent of the population covered by social protection benefits and over 117.8 million people forcibly displaced worldwide. To address these challenges, he urged regional delegates to implement whole-of-government pro-employment policies, expand social protection coverage, align technical training with market demand, and leverage digital transformation. Meanwhile, the PROSPECTS Partnership—a joint initiative bringing together the ILO, UNHCR, UNICEF, the World Bank, and the International Finance Corporation (IFC)—convenes government, labor, and employer representatives from Kenya, Uganda, Ethiopia, Sudan, and Egypt to establish long-term policy solutions for refugee and host community economic inclusion. By Lilian Gichohi",,,https://www.kenyanews.go.ke/regional-stakeholders-push-for-economic-inclusion-of-displaced-persons/,2026-07-21T16:33:19+00:00,High,General public / patients,4,en
GOV_KENYA_NEWS_AGENCY_0281,Agriculture,Crop Production,"Government plans to offer free Cocoa seedlings to Kirinyaga farmers. The national government has announced plans to distribute 20,000 avocado and cocoa seedlings to farmers in Kirinyaga County as part of efforts to promote agroforestry, increase household incomes and accelerate the country’s ambitious tree-growing programme. Speaking in Kirinyaga, the Principal Secretary (PS) for Forestry Gitonga Mugambi urged Kenyans to embrace agroforestry by planting fruit and other economically valuable trees alongside food crops, saying trees are not only critical in conserving the environment but also serve as a reliable source of income for families. The PS said the government is encouraging farmers to shift towards tree species that provide both ecological and economic benefits, noting that fruit trees such as avocado and the introduction of cocoa farming will diversify farmers’ incomes while contributing to increased forest cover. “We should plant trees that support life and improve our livelihoods. Trees are wealth because they protect the environment, improve soil fertility, conserve water, provide clean air and at the same time, generate income for households,” he said. Mugambi said the government is exploring cocoa farming in Kirinyaga and other suitable counties after studies established that the areas have favorable climatic conditions for the crop. He announced that Kirinyaga will receive 10,000 avocado seedlings and another 10,000 cocoa seedlings to support farmers interested in commercial tree farming and crop diversification. The PS said the initiative forms part of the government’s broader strategy to integrate environmental conservation with economic empowerment by encouraging communities to invest in high-value tree crops that can improve livelihoods while restoring degraded landscapes. He reiterated the government’s commitment to achieving the national target of planting 15 billion trees by 2032, saying every county has been assigned annual targets based on its ecological potential. Mugambi said Kirinyaga County has an annual target of planting 7.4 million trees, adding that the county has already achieved nearly half of that target. He commended residents for the progress made so far but challenged them to intensify tree planting efforts to ensure the county meets and surpasses its annual goal. The principal secretary also called on the Deputy County Commissioner, local administrators, community organizations and residents to work together in mobilizing communities to plant and nurture more trees. The PS also appealed to citizens to remain patriotic and work together towards national development. “We have only one country. Regardless of our differences, we must remain united and work together to build a better Kenya for ourselves and future generations,” he said. By David Wandeto",,,https://www.kenyanews.go.ke/government-plans-to-offer-free-cocoa-seedlings-to-kirinyaga-farmers/,2026-07-19T11:50:37+00:00,Normal,Farmers,4,en
GOV_KENYA_NEWS_AGENCY_0283,Governance,Devolution and Local Governance,"Rising Lake Turkana waters displace families in Marsabit County. Families have been displaced in the Loiyangalani sub-county of Marsabit County following rising waters of Lake Turkana as climate change takes toll on human settlement. The climate shocks have also disrupted human activities that include education, health, livelihoods and critical infrastructure. Bearing the brunt is one of the smallest ethnic groups in the country, the Elmolo, whose sole economic activity is fishing and which has had 200 households displaced after their homes were submerged in water. Marsabit County Director for Environment, Climate and Natural Resources, Ms Janet Ahadho said the rising water levels had caused significant losses to communities living along the lake who apart from being uprooted from their homes have also lost fishing gear to the rising waters. Ms Ahadho told KNA that the lake has been rising steadily since 2010, forcing families out of their homes and submerging critical infrastructure including a fishing factory and cooling plants built by the government and development partners. “This is a natural calamity. We cannot stop water from rising but we can mitigate against damages,” Ms Ahadho said. The director pointed out that the rising water levels were linked to a combination of factors, including climate change, increased rainfall intensity and siltation owing to environmental destruction. Ms.Ahadho said studies were ongoing to establish the full causes of the rising lake levels, including possible underground movements. She disclosed that both levels of the government were now seeking climate loss and damage funding to compensate communities affected by the rising waters. According to Ms Ahadho, Kenya, through the Ministry of Environment and Climate Change in partnership with the United Nations Development (UNDP), had prioritized rising lakes in the Great Rift Valley in a bid to access the Loss and Damage Fund. Consequently, a multi-sectoral team conducted an assessment in Loiyangalani and other affected areas early this year to establish the extent of the losses and damages caused by the rising waters. Ms Ahadho said the assessment report has been completed and a proposal submitted to the Santiago Network, which provides technical assistance to countries seeking climate-related funding. She said feedback had already been received on the proposal, with the country being asked to provide additional details. “What we are doing is quantifying the losses and damages in monetary terms. If you talk about fish, we look at the extent to which the fish factory has been affected and losses suffered along the value chain,” she said. In addition, the Education sector will also be assessed including the impact of children missing school and the wider consequences of displacement on the affected families. Marsabit County Secretary, Dr Halkano Arero said the County administration had also prioritized interventions to support families and communities affected by the rising waters. He said the devolved unit in partnership with World Vision- Kenya, had set funds to construct nine classrooms and an administration block for El-Molo Bay Primary School, which got submerged. Dr.Arero said a new site on higher ground had already been identified and that a memorandum of understanding between the county government and World Vision Kenya had been signed. He said the county government is working with the Kenya Maritime Authority on plans to introduce ferry services to support operations and facilitate trade between Marsabit and Turkana counties as pledged by President Ruto. Dr.Arero put the estimated loss created by the phenomenon to above Sh300 million adding that the county administration was exploring ways of reviving fish cold-chain facilities affected by the rising lake waters. He added that Sh7 million had been allocated in the county’s 2026/2027 financial year budget to support fisher folks whose fishing gear that include boats were destroyed. “Residents living on the shoreline have been advised to move to higher grounds,” he said, adding that a proposal had been made to the national government to support the input already made by the county government in settling families that are unable to relocate on their own. The County Secretary said the county government was also engaging humanitarian organizations for support. Commenting on the anticipated El-nino rains, Dr Arero said the county government has set aside Sh300 million for emergency operations in addition to several road construction projects aimed at improving access and to ease response to emergencies. By Sebastian Miriti and Anthony Melly",,,https://www.kenyanews.go.ke/rising-lake-turkana-waters-displace-families-in-marsabit-county/#respond,2026-07-18T15:58:54+00:00,High,Citizens / voters,1,en
GOV_KENYA_NEWS_AGENCY_0286,Agriculture,Agricultural Training,"Girls lead the change in West Pokot during International Day of the girl child celebrations. By A, KNA Girls drawn from the expansive West Pokot region gathered at the HerLab facility in Morpus to commemorate the International Day of the Girl Child, under the global theme, “The Girl Child: The Change We Lead, the Change I Lead-Girls on the Front Lines.” The event celebrated over the Weekend, organized through HerLab, an initiative of the Global Give Back Circle (GGBC) and supported by the MasterCard Foundation and implemented locally by Perur Rays of Hope, brought together girls, mentors, community leaders, and government officials in a powerful show of unity and purpose to empower the girl child through mentorship, education, and vocational training. The celebration was a reflection of the strength, resilience, and potential of girls facing diverse challenges such as early marriages, female genital mutilation (FGM), and limited access to education. During the occasion, Kipkomo Sub-County Deputy County Commissioner, Shila Imbanga, who was the chief guest, urged the girls to embrace discipline, education, and hard work as the building blocks of success. “No matter how inspiring your mentors are or how many opportunities come your way, without discipline, success is impossible,” she emphasized. Imbanga, who shared personal journey as a woman leader in West Pokot, encouraged the girls to “plant their tree today so as they can enjoy its shade tomorrow,” reminding them that being a girl is not a limitation. She noted that 30% of government recruitment opportunities in Kenya are currently reserved for women, youth, and persons with disabilities under the Access to Government Procurement opportunities (AGPO) program, with ongoing advocacy the number is set to rise to 50%. The DCC called on the girls to be ready to walk through open doors and lead with confidence. Imbanga reiterated that with support of partners and committed mentors, girls in West Pokot are ready to lead the change they want to see in their lives and communities. Caroline Menach, Principal, St. Elizabeth Girls’ Morpus High School and founder of Perur Rays of Hope, highlighted the urgent need for a transformative initiative for girls and women in West Pokot. “It’s time to say: Girls can! Girls must! Girls will pursue their dreams,” she declared. Menach, who previously received a Head of State’s Commendation (HSC) for her efforts, explained that HerLab offers second chances to girls especially those who have dropped out of school or been rescued from harmful practices through technical and vocational training in computer literacy, plumbing, sewing, and electrical work among other courses. “Education doesn’t end with motherhood, Girls can always return to school or learn a trade or skill and uplift their communities with dignity,” she said. She stated that the future of West Pokot, and Kenya at large is brighter when girls are empowered, protected, and believed in. End/Mentorship/Mwangi/Abuya Caption Photos IMG. Jpg:1300 A procession of Girls and women across West Pokot and beyond to the HerLab facility in Morpus to commemorate the International Day of the Girl Child, under the global theme: “The Girl Child: The Change We Lead, the Change I Lead-Girls on the Front Lines on Saturday October 11. 2025. Photo Caption by Anthony Melly IMG. Jpg:0200 Shila Imbanga, the Kipkomo Sub-County Deputy County Commissioner, making her remarks at HerLab facility in Morpus during day to commemorate the International Day of the Girl Child, under the global theme: The Girl Child: The Change We Lead, the Change I Lead-Girls on the Front Lineson Saturday October 11. 2025. Photo Caption by Anthony Melly",,,https://www.kenyanews.go.ke/girls-lead-the-change-in-west-pokot-during-international-day-of-the-girl-child-celebrations/#respond,2026-07-17T18:11:24+00:00,High,Farmers,4,en
GOV_KENYA_NEWS_AGENCY_0296,Health,Disease Prevention and Control,"Upgrade of maternity wards brings healthcare closer to families in Nakuru. The County Government of Nakuru has modernized and upgraded its maternity facilities across the devolved unit, in a move aimed at improving maternal health care access and reducing mortality rates. According to County Executive Committee Member for Health Care Services Ms Roselyn Mungai, the upgraded facilities features maternity wards, specialized labor, delivery and recovery rooms, neonatal care units and antenatal and postnatal consultation spaces. Ms Mungai said her department was prioritizing single-bed occupancy for antenatal and post-natal mothers as it actively works to establish independent boarding facilities for Newborn Unit Mothers. The CECM further said they were strengthening their public health facilities’ capacity through expanded maternity facilities, specialized labor, delivery and recovery rooms, neonatal care units which she added were equipped for critical newborn support, immunization and nutrition services and purpose-built antenatal and postnatal consultation spaces. Speaking after visiting the refurbished Rhonda and Langalanga Sub-County Hospitals, Ms Mungai pointed out that besides maternity health care, the upgraded facilities were offering outpatient consultation, laboratory services, pharmacy services, tuberculosis screening and treatment, HIV Comprehensive care services and maternal and child health programs. “Every mother deserves access to safe and affordable maternity health care near where they live,” the official added. While acknowledging that the upgrade of the facilities was another step towards ensuring healthier mothers, Ms Mungai said the upgrade was already bearing fruits and cited Rhonda Sub-County Hospital maternity unit which she said had recorded 35 safe deliveries in June, while Langalanga Sub-County Hospital registered a record 77 safe deliveries over the same period. ` She said the initiative was part of Governor Susan Kihika’s administration commitment to invest heavily in strengthening primary health care facilities and bringing essential medical services closer to the residents and observed that the facilities had reduced burden on the Nakuru County Teaching and Referral Hospital (NCTRH) while improving access to safe and affordable maternal healthcare. “We are transforming maternity facilities from trauma zones to safe havens,” Ms Mungai assured. The upgrade has so far covered Bondeni Maternity in Nakuru City, Gilgil Maternity, Mirugi Kariuki in Nakuru-East, Rhonda in Nakuru Town West, Langalanga in Nakuru Town West and Naivasha Sub-County Hospital- which now has a new Kangaroo Mother Care unit among others. Ms Mungai said the County government was committed to expanding and equipping all maternity and newborn units to create spaces that promote the provision of quality care and better service to the growing number of expectant mothers. She added that all the facilities are designed with improved space to support nursing care and patient dignity. One of Kenya’s success stories in achieving Sustainable Development Goal (SDG) three – maternal and child health- is increased access to delivery under the care of a skilled health provider. According to the 2022 Kenya Demographic Health Survey, the country boasted an 88 per cent skilled birth attendance rate, with 64 per cent of these occurring in a public health facility. The CECM further indicated that after a forty year wait more than 60,000 residents relying on Bondeni maternity hospital can now breathe a sigh of relief after a Sh15 million theatre became operational last year. Ms Mungai said the theatre initially built in 1985 remained unused for decades as it lacked personnel and critical apparatus such as power backup systems, suction and sterilizer machines, defibrillators and anesthesia equipment. Bondeni maternity, now a level four hospital, is one of the oldest health care facilities in Nakuru having been built in 1952 to take care of African women living in the South of the Railway line. She said the revival of the theatre was part of the County’s broader initiative to allocate resources to projects that had stalled for many years in the devolved unit. She regretted that previously, expectant mothers had to travel over 3 kilometres to the Nakuru County Teaching and Referral Hospital (NCTRH) for Cesarean-sections, a journey that sometimes resulted in tragedy. Ms Mungai assured the residents that critical emergency services are being handled at the new facility. She added that the opening of the new theatre has been accompanied by renovations and equipment procurement, allowing for life-saving surgical procedures to be performed locally. She was happy that the theatre room had been fitted with ultra-modern equipment where Locals will now be served without being referred unless they have a distinct case that needs a specialist. Ms Mungai further indicated that the modernization and upgrade of maternity facilities across the devolved unit is aimed at decongesting the Margaret Kenyatta Mother and Baby Unit in Nakuru City, the second largest maternity hospital after Pumwani in Nairobi. The 250-bed capacity maternity unit located with the Nakuru County Teaching and Referral Hospital (NCTRH) delivers approximately 1,000 babies each month serving not only Nakuru, Bomet, Baringo, Narok, Kericho, Samburu, Laikipia and Nyandarua counties. The State-of-the-art standalone complex constructed at a cost of Sh450 million and the biggest maternity complex in the larger Rift Valley Region was opened by former First Lady Margaret Kenyatta seven years ago. The County Government hopes that the ongoing improvement of the facilities will help reduce infant and maternal mortality ratios and also offer affordable maternity services. The CECM said the devolved unit is focusing on revamping the lower health facilities to enable them provide primary services and allow NCTRH to address complex and referral cases. Ms Mungai conceded that the Margaret Kenyatta Mother-Baby Unit was surging under the weight of deliveries adding that they were out to ensure all women were supported by sufficient and skilled health providers at the Level 3 health care facilities. “Generally, NCTRH is a referral hospital yet many mothers opt to come directly to the Margaret Kenyatta Mother and Baby Unit rather than first seek health care at Levels 1-4 facilities,” explained the CECM. She added that the numbers of expectant mothers seeking services at Margaret Kenyatta Mother-Baby Unit continued rising yet there were a number of facilities that had been improved to offer the same high quality maternity services such as Bondeni, Mirugi, Rhonda and Langalanga hospitals. Ms Mungai assured residents that the health department was also reducing delays in receipt of care by improving urgent and emergency referral systems. She urged women in the county to use available facilities during childbirth to reduce mortality rates, adding that they had been upgraded to standards that offer good, safe, and respectful maternal services. The CECM added that Governor Kihika’s administration will continue to invest heavily in the building and rehabilitation of hospitals, to ensure they are capable of delivering world-class services. The County objectives, the official said, was to work in line with the Global Sustainable Development Goals, Vision 2030 and our County Integrated Development plan. Sustainable Development Goal 3 strives to ensure universal access to sexual and reproductive healthcare services, including family planning, information and education, and the integration of reproductive health for all. The County’s Mother and Baby Units at the Level 3 hospitals currently provide amenities including antenatal and postnatal wards, maternity and child health clinics, laboratories, consultation rooms, specialized clinics, a delivery rooms, nurse stations, offices, kitchens and laundries Ms Mungai affirmed that as the demand for services at the NTRH continues to rise, the hospital’s leadership is proactively implementing measures to ensure that all service delivery points remain responsive and efficient. In this regard, she pledged, the County leadership and the hospital administration were committed to enhancing standards of care to ensure residents get good care. She underscored the County Government’s commitment to support NTRH to meet the growing needs of the community as well as maintain high standards of care and professionalism. The CECM expressed appreciation to the team of health workers and noted that this commitment to enhanced service delivery is driven by the dedicated efforts of the devolved unit’s clinical, administrative and support teams. She announced that the Department of Health would continue to forge direct linkages with health facilities across all levels of care. This approach, she noted, would help monitor service delivery and help identify replicable good practices and success stories in addition to providing invaluable first-hand perspectives on the challenges faced in service delivery and their potential solutions across all levels of medical facilities. She further disclosed that she had constituted a County Health Management Team (CHMT) that is tasked with reviewing the performance of all units by bringing together all unit’s heads to monitor progress of various performance indicators within their programs. She said the Department of Health managers hold monthly CHMT meetings to stay on track and ensure they meet the targets outlined in their performance contracts. Every unit head, she added has an opportunity to provide updates on the progress of their performance indicators while also sharing insights and strategies for continued success in the programs. Ms Mungai noted that the analysis of data and progress reports ensures that the reviews steer the team towards a shared goal of providing quality healthcare services.",,,https://www.kenyanews.go.ke/upgrade-of-maternity-wards-brings-healthcare-closer-to-families-in-nakuru/,2026-07-21T17:15:17+00:00,High,General public / patients,3,en
GOV_KENYA_NEWS_AGENCY_0302,Health,Healthcare Access,"More tributes for the late Gideon Konchellah. Leaders and residents of Kilgoris Sub-County have continued to pour in their messages of condolences to the family of the late former area Member of Parliament, Gideon Konchellah, who passed on at the Nairobi Hospital. Speaking during a media briefing in Kilgoris to convey his message of condolence to the bereaved family and the constituents, the Principal Secretary for Basic Education, John Ololtuaa, said that they were deeply saddened by the loss of a patriarch, who dedicated his entire life to serving the people of Kilgoris and the nation at large. He urged the local residents, Narok County, and the entire country to remain calm and be strong in the Lord during this very difficult period of mourning and grief. “On my own behalf and on behalf of my family, I would like to convey my very sincere condolences to the family and the entire nation for losing this patriarch who has been able to lead our country for a long time,” Ololtuaa said. He disclosed that President William Ruto called the family on Friday morning to convey his personal condolences following the death of the former legislator. Narok County Governor Patrick Ole Ntutu and area Women Representative Rebecca Tonkei also sent their heartfelt messages of condolence to the bereaved family during this very painful period. Konchellah died at the Nairobi Hospital after suffering a cardiac arrest on Friday morning at age 74 years. The PS further confirmed that the veteran politician passed on at 4:00 am after battling a prolonged illness since November 2025. He said Konchellah was admitted to Nairobi Hospital on May 30, 2026, after developing an infection that worsened his already deteriorating health condition that ultimately led to the fatal cardiac arrest that claimed his life. Konchellah served asa memberr of Parliament for Kilgoris Constituency for three terms between 2003 and 2019 making him one of the longest-serving legislators from the region. He also served as Minister of Immigration and Registration of Persons between 2006 and 2007 under the government of the late President Mwai Kibaki. Before venturing into politics, Konchellah served in the Kenya Armed Forces as a military officer and commander at the Kenya Army Ordnance Corps in Kahawa from 1979 to 2002. He attended Kilgoris Primary School, Narok High School, and Nairobi School before pursuing advanced military training at the Military Training College in Lanet and in Camberley in the United Kingdom. Konchellah’s body has been preserved at Lee Funeral Home in Nairobi as the family makes burial arrangements. Ololtuaa urged all Kenyans to pray for the bereaved family and to always remember the former legislator for his long and distinguished record of dedicated service to the nation. By Hillary Shimnagha and Emily Kadzo",,,https://www.kenyanews.go.ke/more-tributes-for-the-late-gideon-konchellah/,2026-06-15T09:34:11+00:00,Normal,General public / patients,1,en
GOV_KENYA_NEWS_AGENCY_0306,Agriculture,Agricultural Training,"Tharaka Nithi gears up for Chuka Igambang’ombe cultural festival. Residents of Tharaka Nithi county have been urged to turn out in large numbers for the upcoming Chuka Igambang’ombe Cultural Festival, a two-day event aimed at celebrating the community’s rich cultural heritage, traditions and indigenous cuisine.‎ ‎Speaking in Chuka town, Chuka Igambang’ombe Cultural Festival Chairlady, Kellen Muthoni, thanked the Tharaka Nithi County Government for its continued support for annual cultural event, saying the partnership has been instrumental in preserving and promoting the community’s cultural identity.‎ ‎Muthoni announced that this year’s festival will be held on July 17 and 18 at Kaanwa Chief’s Camp and expressed confidence that it will attract participants from across the county and beyond.‎ ‎She appealed for continued support from the county government, noting that the festival provides an important platform for showcasing traditional music, dance, arts, cultural practices and local cuisine while fostering unity among residents.‎ ‎ Tharaka Nithi Chief Officer for Education, Vocational Training and Culture, Mwiti Munoo, reaffirmed the county government’s commitment to supporting cultural festivals across the county, saying they play a vital role in preserving heritage, strengthening cultural identity and promoting social cohesion.‎ ‎Munoo said the county government would continue working closely with organizers to ensure this year’s Chuka Igambang’ombe Cultural Festival is a success.‎ ‎He called on residents, cultural groups and visitors to attend the event in large numbers and experience the region’s rich cultural diversity through traditional music, dances, customs and indigenous foods. By Dickson Mwiti and Christine Ngitori",,,https://www.kenyanews.go.ke/tharaka-nithi-gears-up-for-chuka-igambangombe-cultural-festival/,2026-07-10T14:23:26+00:00,Normal,Farmers,2,en
GOV_KENYA_NEWS_AGENCY_0311,Agriculture,Crop Production,"‎Maara MP supports CBO, pledges Assistant Chief’s office construction. Maara Member of Parliament Kareke Mbiuki has donated tents with a combined capacity of 100 people and Sh100,000 to Muungano Welfare Miriingi Community-Based Organization (CBO) to support its income-generating activities.‎ Speaking during a ceremony held at Kirumi Location in Mwimbi Sub-county, Mbiuki said the donation was in response to the group’s request and would enable members to hire out the tents during social functions, generating income to improve their livelihoods and strengthen their welfare.‎ The MP commended the members for demonstrating self-reliance by purchasing chairs using their own resources, urging them to continue working together and investing in sustainable projects. “I will continue supporting this newly established CBO, but it is important that the group has a clear vision and development plan. Some welfare groups rely entirely on politicians for funding without well-defined objectives. Remain united, support your local leaders and avoid internal wrangles that could weaken the welfare,” said Mbiuki.‎ He also called on residents to shun divisive politics, saying unity among the three constituencies in Tharaka Nithi County was essential for equitable development.‎ “No part of the county should be sidelined because every constituency is important and deserves equal development,” he said.‎ Mbiuki further said that if elected Governor in the 2027 General Election, he would revive programmes that previously benefited farmers, including the distribution of free fertiliser and maize seeds, and complete stalled development projects to boost agricultural production.‎ The legislator also pledged to construct an office for Kirumi sub location Assistant Chief at Miriingi near the cattle dip on land identified by residents as the most central and accessible location for the community.‎ Residents welcomed the donations and the development commitments, expressing optimism that the support would strengthen the welfare group and improve service delivery in the area. By Dickson Mwiti and Beatrice Mwende",,,https://www.kenyanews.go.ke/%e2%80%8emaara-mp-supports-cbo-pledges-assistant-chiefs-office-construction/,2026-07-21T15:33:47+00:00,Normal,Farmers,2,en
GOV_KENYA_NEWS_AGENCY_0313,Health,Public Health Campaigns,"Embu Allocates Funds to Confirm and Promote Health Workers. The Embu County Government has allocated Sh140 million in the 2026/2027 financial year to confirm all Universal Health Coverage (UHC) healthcare workers into permanent and pensionable employment. County Chief Officer for Health Patrick Mukavi said the funds will also support the promotion of healthcare workers who have remained in the same job groups for several years without career progression. Mukavi said the move is aimed at improving staff morale, enhancing healthcare service delivery, and addressing recurring disputes and strikes by health workers over poor working conditions. “I can confirm that we have factored adequate funds in this financial year to take care of the Universal Health Coverage workers. At the same time, we have a budget to cater for healthcare workers who have stagnated in the same job groups for years,” he said. Speaking during a medical camp at Runyenjes Level Four Hospital on Friday, Mukavi said confirming and promoting health workers would help resolve labor-related challenges affecting the sector. He, however, clarified that the implementation of the confirmations and promotions will depend on approval of the county budget by the Embu County Assembly. The Chief Officer appealed to Members of the County Assembly (MCAs) to approve the budget once presented, saying the allocation would support efforts to streamline healthcare services across the county. “I urge MCAs to pass the budget as this will ensure our agenda of streamlining and running a seamless health sector is attained,” he said. During the medical camp, more than 700 patients received specialized medical services from a team of doctors drawn from various fields. The initiative was conducted under the Department of Health’s Madaktari Mashinani (doctors at the grassroots) programme, which seeks to take specialized healthcare services closer to residents. County Head of Primary Healthcare Dr. Mercy Wanjala said the programme, which has been running for two months, has helped reduce financial and geographical barriers that prevent patients from accessing specialized care. She said more than 2,000 patients have so far benefited from the initiative, with many receiving treatment for chronic conditions including various forms of cancer, hypertension, and diabetes. Dr. Wanjala said the county plans to transform the programme into a permanent initiative to institutionalize access to specialized healthcare services at the grassroots level. She noted that decentralizing specialized medical services would help improve early diagnosis, treatment, and management of health conditions among residents, particularly those in rural areas. Mukavi said strengthening healthcare staffing and expanding access to medical services remain key priorities for the county government as it works towards achieving universal health coverage. By Samuel Waititu",,,https://www.kenyanews.go.ke/embu-allocates-funds-to-confirm-and-promote-health-workers/#respond,2026-07-19T14:59:50+00:00,Normal,General public / patients,1,en
GOV_KENYA_NEWS_AGENCY_0321,Agriculture,Agricultural Training,"Tala Township teacher set for UNESCO AI training in China. Excitement was palpable at Tala Township Primary School in Matungulu Sub County of Machakos when the school fraternity held a sendoff party for their ICT teacher Mr. Augustine Nzuki ahead of his departure for a UNESCO-backed training program in Shenzhen, China. Mr. Nzuki is one of only four teachers selected from Africa to take part in the Asia-Africa Tour under the UNESCO-CODEMAO Youth Coding Initiative. He will also serve as team lead for the African delegation. The initiative seeks to build young people’s skills in artificial intelligence and programming, encourage international exchange, and support inclusive digital education across participating countries. The event was also attended by Ministry of Education officials, teachers, and students who gathered to send off the ICT expert in pomp and style. He will join educators and learners from Asia and Africa for a week-long conference focused on AI, coding, digital innovation, and cross-cultural collaboration. Planned activities for the training include innovation workshops, visits to technology institutions, joint project development, and dialogue sessions with fellow educators and young innovators. Speaking after the ceremony, Mr. Nzuki said he is proud and honored to represent Kenya, Machakos County, and Tala Township at the program set for July 19 to 26, 2026, in Shenzhen. “This is a highly competitive selection. I’m honored to lead the African team, which includes two teachers and four learners,” he said. “My goal is to learn from CODEMAO, a Chinese organization at the forefront of AI and digital literacy, and to bring back practical knowledge and new approaches we can use here.” He noted that participants will also visit sites where AI is actively applied in industry and education. Lilian Gitahi, Sub-County Director of Education, said the appointment was a proud moment for the school, the county, and the country. “This is a great honour and we expect it will benefit both students and teachers,” she said. Acting head teacher Phyllis Sila said the school was proud to have one of its own chosen for the tour. “Mr. Nzuki is innovative and has been integrating ICT skills for both learners and teachers. We look forward to the new ideas he will bring back,” she said. CODEMAO currently works with 20 schools in Kenya, including Tala Township Primary. By Anne Kangero",,,https://www.kenyanews.go.ke/tala-township-teacher-set-for-unesco-ai-training-in-china/#respond,2026-07-19T11:59:19+00:00,Normal,Farmers,1,en
GOV_KENYA_NEWS_AGENCY_0338,Governance,Elections and Voter Education,"Busia. A section of Members of Parliament has urged residents of Teso North Constituency to support President William Ruto’s re-election in the 2027 General Election, citing the Kenya Kwanza administration’s development",,,https://www.kenyanews.go.ke/category/county/bsa/,2026-07-20T13:30:38+00:00,Normal,Citizens / voters,1,en
GOV_KENYA_NEWS_AGENCY_0342,Health,Healthcare Access,"Koskei challenges professionals to step into governance. Head of Public Service Felix Koskei has challenged Kenyan professionals to reclaim their place in national discourse, accusing them of retreating from governance and leaving the country’s development agenda to politicians, propaganda and misinformation. Addressing a meeting of Bungoma County professionals at Kibabii University on Saturday, Koskei said the silence of professionals had allowed politics to overshadow development, making it difficult for Kenyans to objectively assess the government’s performance. He urged professionals to actively evaluate, explain and defend government programmes using facts and evidence, saying their involvement would help the country make informed decisions ahead of the 2027 General Election and enable President William Ruto to secure a second term to complete his development agenda. “For over 40 years, this country has been overrun by politics. The political class has dominated the national conversation to the extent that people can no longer distinguish truth from propaganda,” Koskei said. He argued that professionals possess the expertise, integrity and objectivity required to steer public discourse and restore confidence in governance. “Professionals are the true north of any society. Without them there is speculation, misinformation and guesswork. Expertise is not private property; it is a public asset that must be shared for the benefit of society,” he said. Koskei said history would judge the current generation harshly if professionals continued watching from the sidelines while critical national decisions were shaped solely by politicians. “Future generations will ask where professionals were when these decisions were being made. We must occupy our rightful space in governance and contribute to policy formulation and implementation,” he said. The Head of Public Service called on teachers, doctors, engineers, administrators, economists and other experts to engage more actively in public affairs, including county and national budget-making processes, policy discussions and development planning. He regretted that professionals rarely participated in public participation forums, leaving major decisions to individuals without the technical knowledge to interrogate government proposals. “Whenever county budgets or development plans are presented for public participation, professionals stay away because they believe politics is beneath them. Yet they are the very people who should be shaping those decisions,” he said. Koskei further urged professionals to independently assess the Kenya Kwanza administration’s manifesto and measure its implementation against the promises made during the 2022 election campaign. He noted that President Ruto was the first Kenyan leader to reduce campaign pledges into a structured manifesto complete with timelines and measurable targets. “I want professionals to go through every promise and determine what has been achieved, what remains pending and what needs improvement. Speak from evidence, not politics,” he said. He said professionals should guide their communities using factual assessments rather than relying on political rallies or social media narratives. “You should be able to tell your neighbour what has been done, what has not been done and what still requires improvement based on facts and your professional expertise,” he said. Koskei defended several flagship programmes being implemented by the Kenya Kwanza administration, describing them as bold reforms that previous governments had avoided because of their political sensitivity. He cited reforms in the sugar sector, saying the government’s decision to lease state-owned sugar factories had revived production in western Kenya after years of decline. According to Koskei, factories including Nzoia, Muhoroni, Chemelil and Sony Sugar were gradually returning to production, with investors expected to modernise ageing equipment over the next year. He also defended the Social Health Authority (SHA), saying the transition from the previous health insurance system had experienced initial challenges but had since stabilised and was reducing the financial burden on families seeking medical care. Rather than politicising the programme, he urged health professionals to objectively evaluate its effectiveness and recommend improvements where necessary. Koskei also highlighted the National Infrastructure Fund, which he said was designed to reduce reliance on public borrowing by attracting private investment into major infrastructure projects. He said the model would enable the government to finance strategic projects through public-private partnerships while easing pressure on the country’s growing debt burden. The Head of Public Service further pointed to the recently established Sovereign Wealth Fund, saying revenues from extractive industries such as mining and petroleum would be invested to benefit future generations instead of being entirely consumed by the present generation. He described the Affordable Housing Programme as another transformative initiative aimed at expanding home ownership while stimulating employment and economic growth. Koskei also cited the ongoing rollout of the national digital superhighway, saying the government’s plan to install 100,000 kilometres of fibre optic infrastructure would expand internet connectivity, improve digital services and create opportunities for businesses and young people. He maintained that such reforms represented long-term structural changes whose benefits would outlive the current administration. Koskei urged professionals to champion truthful conversations on the government’s achievements and shortcomings instead of allowing public debate to be dominated by political rhetoric. “This country requires transformation, not endless politics. We need professionals to provide direction, defend the truth and help Kenyans make informed decisions so that the work already started can be completed,” he said. He concluded by urging professionals to take leadership in governance, policy development and civic engagement, saying Kenya’s future depended not only on elected leaders but also on the willingness of experts to shape national development through informed participation. Among those present were Bungoma Governor Kenneth Lusaka, Public Service Principal Secretary Dr. Jane Imbunya, Industry Principal Secretary Dr. Juma Mukhwana, Tourism Principal Secretary Prof. Julius Bitok, Mining Principal Secretary Harry Kimtai and Higher Education Principal Secretary Dr. Beatrice Inyangala. Also in attendance were President’s Advisors Prof. Edward Kisiang’ani (Economy) and Harriette Chigai (Women’s Rights) , alongside other senior government officials and professionals from the county. By Chris Mahandara",,,https://www.kenyanews.go.ke/koskei-challenges-professionals-to-step-into-governance/,2026-07-19T13:49:18+00:00,Normal,General public / patients,4,en
GOV_KENYA_NEWS_AGENCY_0351,General,Uncategorized,"Coast police intercept drug haul, arrest 27 suspects in three months. Police in the coastal region have arrested 27 suspects and seized narcotics worth an estimated street value of Sh51.5 million in a three-month crackdown on drug trafficking. Coast Regional Police Commander (RPC) Ali Nuno said the sting operations, carried out between April and June 2026, led to the recovery of 10,700 kilograms of cannabis sativa, 7,000 grams of heroin, 1,330 grams of cocaine and 205 grams of Methamphetamine. Nuno was speaking at the Coast Regional Police Headquarters in Mombasa, where he said the crackdown had also netted five suspected drug barons and ten carriers among those arrested. “We have made very robust operations, we are on top of things,” said Nuno, adding that the operations were carried out based on actionable intelligence reports. The police chief disclosed that the law enforcement agencies will continue with their aggressive crackdowns on illicit drug networks. In one of the most significant recent busts, Nuno said officers last week arrested a 67-year-old man at Moi International Airport in Mombasa as he attempted to board a flight to Dubai. He said a thorough search led to the recovery of 44 pellets of cocaine that the suspect had swallowed and was carrying in his stomach with an estimated street value of Sh1.5 million. Nuno said the operations will continue in a bid to dismantle drug kingpins involved in trafficking narcotics such as cannabis, heroin and cocaine and curb youth substance abuse. The regional police boss said the suspect was arrested and taken to a place of isolation, where the pellets were recovered, adding that a subsequent search of the suspect’s home turned up a further 16 pellets, bringing the total haul to 60 pellets. He revealed that the elderly suspect remains in custody as the case awaits determination in court. Nuno identified Ethiopia, through the Moyale border point in the country’s north, as a key entry route for narcotics trafficked into Kenya, alongside supply lines from the western region, saying the two routes remained a major focus of ongoing security operations. He said the crackdown targeted people suspected of involvement in the illicit drug trade regardless of their station in life, warning that the vice threatened the future of young people in the region. “We cannot allow to lose generations just because of somebody making profit out of it and so we will not relent in the war against drug trafficking,” he said. Despite the scale of the seizures, the police commander sought to reassure residents and visitors that security along the coastal region remained tight, emphasizing that the crackdown was, in part, aimed at protecting Mombasa’s standing as a leading tourist and investment hub. “Rest assured, the people of the coastal region, that the security situation is under control. Please leave it to me,” he said. Nuno noted that the region had not recorded a single insecurity incident involving a tourist in the past two years and had registered its highest bed occupancy last year, figures he attributed to sustained security operations, including the fight against drug trafficking. “As you know, the coastal region remains the preferred tourist destination and for the past two years, we have not had any single incident involving a tourist, not even one,” he said He appealed to both local and international tourists to continue visiting the coast, and called on investors to consider the region for investment opportunities. “I want to appeal to tourists, both local and international, please come to your preferred tourist destination. Everything is under control, safe and secure,” said Nuno. He went on “I also want to appeal to investors that they should come and invest in the coastal region. It is safe and secure for investment.” By Joan Kinuthia",,,https://www.kenyanews.go.ke/coast-police-intercept-drug-haul-arrest-27-suspects-in-three-months/,2026-07-21T16:27:48+00:00,High,General public,3,en
GOV_KENYA_NEWS_AGENCY_0358,Agriculture,Crop Production,"Nandi upscales coffee processing to maximize profits. The Nandi Coffee Farmers’ Cooperative Union milling plant at Chebonet in Songhor-Soba Ward has emerged as the centerpiece of the coffee revival programme in Nandi County. It is transforming the fortunes of thousands of smallholder farmers through value addition, improved marketing and cooperative development. Standing strategically in Tinderet Sub County, the modern milling facility has ended decades of dependence on distant processors, enabling farmers to process their coffee closer to home while retaining more value within the county’s economy. The Sh 60 million investment has strengthened the entire coffee value chain, from production and aggregation to milling, grading and marketing. The establishment of the mill is part of the county government’s broader strategy to build a farmer-owned coffee industry anchored on strong cooperative societies rather than individual marketing. The facility serves as the processing hub for the Nandi Coffee Cooperative Union, bringing together coffee from dozens of primary cooperative societies spread across the county. County Executive Committee Member (CECM) for Agriculture and Livestock Development Dr Benard Lagat says the milling plant has fundamentally changed the structure of the coffee industry in Nandi. “The Chebonet Coffee Mill is more than a processing facility. It is an economic empowerment project owned by farmers through their cooperative union. By processing our coffee locally, we retain value within Nandi, improve traceability, strengthen quality assurance and connect farmers directly to better-paying markets,” said Dr Lagat. He said the facility receives coffee from primary cooperative societies spread across Tinderet, Aldai, Chesumei, Mosop, Nandi Hills and other coffee-growing parts of the county, making it the principal processing centre for Nandi coffee. According to Dr Lagat, the mill was designed to support the rapid expansion of coffee farming that has seen thousands of farmers rehabilitate old plantations while many others establish new coffee fields following improved prices at the Nairobi Coffee Exchange. The catchment area has continued expanding as more cooperative societies join the Nandi Coffee Cooperative Union, whose membership has grown from only 18 primary societies a few years ago to well over 100 organized societies today. The CECM stated that the growth has been accompanied by a massive increase in coffee production. During the current marketing season, Nandi marketed more than 2.2 million kilogrammes of clean coffee valued at approximately Sh1.9 billion, placing the county among Kenya’s leading coffee-producing regions. The Chebonet mill has played a critical role in this remarkable turnaround by ensuring that coffee is processed within the county before being marketed at the Nairobi Coffee Exchange. Previously, farmers incurred significant transport costs while taking parchment coffee to processors outside the county, reducing their earnings and delaying payments. The local milling facility has greatly reduced these costs while improving efficiency and transparency. The plant is equipped to undertake cleaning, grading, milling and preparation of export-quality coffee. Recent investments, including the installation of a modern weighbridge, have further enhanced accountability in coffee handling by ensuring accurate weighing and improved logistics for large deliveries from cooperative societies. Dr Lagat noted that the county government continues to invest in additional infrastructure and equipment to increase the plant’s operational capacity as coffee production rises. “We are preparing for the future because coffee acreage continues to expand every season. The milling plant has adequate room for expansion, and we are progressively investing in equipment that will ensure farmers continue receiving efficient services as volumes increase,” he said. The county government has complemented the investment with aggressive distribution of certified coffee seedlings, extension services, farmer training and support for cooperative governance. More than eight million coffee seedlings have been distributed across the county in recent years as part of an ambitious programme to restore Nandi’s position among Kenya’s premier coffee-growing counties. The benefits have extended beyond the farmers. Transporters now deliver coffee to a nearby processing facility instead of travelling long distances, creating savings on fuel and logistics costs. Local youth have secured employment opportunities in coffee aggregation, transportation, milling operations, quality control and warehouse management. Businesses around Chebonet trading centre have equally benefited from increased commercial activity generated by farmers, cooperative officials, transporters and buyers visiting the milling plant. The revival has encouraged many young people to embrace coffee farming after years of regarding the crop as unprofitable. Many farmers who had uprooted coffee bushes or abandoned plantations have since returned to the crop following improved prices and the availability of local processing services. Dr Lagat attributed the transformation to deliberate policy decisions focusing on cooperative development and value addition rather than merely increasing production. He said farmers are increasingly appreciating the importance of belonging to cooperative societies because collective marketing guarantees stronger bargaining power, lower operational costs and better access to extension services and farm inputs. The county has also promoted improved agronomic practices aimed at increasing both productivity and bean quality. This has seen Nandi County consistently produce premium grades, with nearly 80 per cent of its coffee classified as AA and AB grades, enabling farmers to earn attractive returns at the Nairobi Coffee Exchange. The county government is now working with national agencies and development partners to further strengthen the coffee value chain through research, mechanisation and farmer capacity building. He said plans are also underway to establish additional support infrastructure, including improved coffee pulping facilities and transport systems to complement the operations of the Chebonet milling plant. Coffee industry stakeholders believe the success of the Chebonet mill demonstrates the importance of investing in farmer-owned value addition facilities. Instead of exporting raw produce for processing elsewhere, the cooperative model ensures that a greater share of income remains with producers while stimulating rural economic growth. For many farmers in Songhor-Soba ward and the wider Nandi County, the milling plant represents renewed hope after years of uncertainty in the coffee sector. As more farmers plant coffee and existing growers expand acreage, the Chebonet Coffee Farmers’ Cooperative Union milling plant is expected to become an even more important pillar of the county’s agricultural economy, supporting higher production, improved quality, stronger cooperatives and increased household incomes. Dr Lagat expressed confidence that continued investments in value addition, cooperative strengthening and market access will sustain the impressive growth witnessed in the sector. “Our vision is to make Nandi one of Kenya’s leading coffee-producing counties through a fully integrated, farmer-owned value chain. The Coffee Mill is the foundation of that vision because it allows our farmers to capture more value from every kilogramme of coffee they produce. As production continues to rise, the benefits will spread across households, businesses and the entire county economy,” he said. By Sammy Mwibanda Share on FacebookShareShare on TwitterTweetSend emailMail",,,https://www.kenyanews.go.ke/nandi-upscales-coffee-processing-to-maximize-profits/#respond,2026-07-20T11:45:25+00:00,Normal,Farmers,3,en
GOV_KENYA_NEWS_AGENCY_0364,General,Uncategorized,"Kericho. The Africa Inland Church (AIC) Deputy Presiding Bishop Paul Kirui has warned against the growing culture of political violence and ethnic politics, saying failure to hold leaders accountable for sponsoring",,,https://www.kenyanews.go.ke/category/county/ker/,2026-07-21T10:21:12+00:00,Normal,General public,2,en
GOV_KENYA_NEWS_AGENCY_0365,Agriculture,Crop Production,"North Rift leaders seek urgent action against drought. National and county government leaders have called for urgent interventions to cushion farmers from the devastating effects of climate change after prolonged dry spells caused widespread crop failure across Kenya’s North Rift grain basket, raising fears over national food security. Speaking during the national launch of the Integrated Natural Resources Management Programme (INReMP) at the University of Eldoret, Uasin Gishu Governor Jonathan Bii and Principal Secretary for the State Department for Agriculture Dr. Kiprono Ronoh said erratic weather patterns had severely affected maize production in the country’s key food-producing region. Governor Bii said the prolonged drought had disrupted the traditional farming calendar, leaving thousands of acres of maize fields green but without grain after rainfall stopped abruptly before the crops matured. “The last time you visited, we experienced early rains, giving farmers hope of a good season. We expected the rains to continue until May, but they suddenly disappeared. Today, the maize is green, yet there is nothing inside the cobs. The crops have dried up and the losses we are witnessing are devastating,” he said. According to the governor, the drought has affected Uasin Gishu, Trans Nzoia, Bungoma and parts of Kakamega counties, all of which are among Kenya’s major maize-producing regions. He warned that the widespread crop losses would significantly reduce this year’s harvest and threaten the country’s food supply. Bii thanked the Ministry of Agriculture for deploying technical experts to assess the extent of crop damage, saying the findings would guide appropriate government interventions and inform support measures for affected farmers. “For the first time, Uasin Gishu may find itself among the counties requiring relief food. We are accustomed to supporting other regions during times of hardship, but this year the situation is different,” he said. He observed that Uasin Gishu has historically been one of Kenya’s leading food-producing counties, often supplying grain to deficit regions during droughts. However, the current dry spell has reversed that position, leaving thousands of local farmers facing severe financial losses and uncertainty. The governor appealed to the national government to compensate affected farmers and consider writing off agricultural loans, noting that about 60 per cent of crops in Uasin Gishu had been destroyed by drought. “I urge the Ministry of Agriculture to consider writing off loans for maize farmers affected by the drought because the losses are enormous. Compensation will also be necessary to help them recover,” he added. Bii further called for increased investment in irrigation, climate-resilient farming technologies and sustainable water conservation programmes to reduce the vulnerability of farmers to increasingly unpredictable weather patterns. Speaking at the same event, Principal Secretary Dr. Kiprono Ronoh said the Ministry of Agriculture had already dispatched technical teams to assess crop losses across the North Rift to facilitate timely government intervention and determine the level of assistance required. “Normally, at this time of the year, our farmers would be busy in their fields. Unfortunately, we are witnessing the effects of climate change, with many farms experiencing crop failure despite farmers doing everything required of them,” he said. Dr. Ronoh attributed the losses to changing weather patterns rather than poor farming practices, saying the government had fulfilled its responsibility by ensuring farmers received subsidised fertiliser, certified seeds and other essential farm inputs in good time before the planting season. He revealed that the government distributed about 11.6 million bags of subsidised fertiliser this year, the highest number ever supplied under the programme, creating expectations of one of the country’s biggest maize harvests before the drought struck. “Everything that was required was done on time. Farmers prepared their land early, collected fertiliser and quality seeds, and we expected one of the highest harvests in the country’s history. Unfortunately, the weather has dealt us a different outcome,” he said. The PS encouraged farmers not to lose hope despite the losses and urged them to prepare for the upcoming short rains, noting that subsidised fertiliser and other farm inputs had already been distributed beginning July 1 to support the next planting season. “I urge our farmers not to lose hope. Return to your farms during the short rains because the government has already distributed fertiliser and other inputs to support the next planting season,” he said. Dr. Ronoh acknowledged that unpredictable rainfall patterns had made farming decisions increasingly difficult, recalling that many farmers initially hesitated to plant because of uncertainty over weather forecasts. “We advised farmers to plant based on the available forecasts, expecting the rains to continue, but the season changed unexpectedly,” he said. The Principal Secretary said the newly launched Integrated Natural Resources Management Programme would play a critical role in helping communities adapt to climate change over the next eight years. He explained that the programme will focus on restoring degraded landscapes, promoting climate-smart agriculture, improving water resource management, expanding market opportunities for farmers and strengthening institutions that support agricultural production. Ronoh affirmed the Ministry’s commitment to ensuring the programme delivers lasting benefits to farming communities while enhancing environmental conservation and national food security. The leaders noted that climate change continues to pose one of the greatest threats to Kenya’s agricultural sector, with increasingly erratic rainfall and prolonged droughts affecting productivity across many regions. They called for stronger collaboration between the national and county governments, development partners, research institutions and farming communities to accelerate the adoption of climate-resilient agricultural practices capable of withstanding changing weather conditions. The appeal comes as prolonged dry spells continue to devastate maize farms across Kenya’s North Rift grain basket, where thousands of acres of crops have withered before maturity despite farmers investing heavily in quality seeds, fertiliser and recommended farming practices. Agriculture remains the backbone of the North Rift economy, and leaders warned that unless immediate support is provided to affected farmers and long-term climate adaptation measures implemented, the region’s declining harvest could have far-reaching consequences for household incomes, food availability and the country’s overall food security. By Fredrick Maritim",,,https://www.kenyanews.go.ke/north-rift-leaders-seek-urgent-action-against-drought/#respond,2026-07-19T13:37:13+00:00,High,Farmers,6,en
GOV_KENYA_NEWS_AGENCY_0381,General,Uncategorized,"Nandi. Political leaders, school managers, teachers, parents and communities have been urged to strengthen collaboration to improve education standards and ensure learners are equipped with the knowledge and skills required to",,,https://www.kenyanews.go.ke/category/county/ndi/,2026-07-21T15:22:41+00:00,Normal,General public,2,en
GOV_KENYA_NEWS_AGENCY_0384,Health,Mental Health Awareness,"Nandi elders urged to preserve cultural heritage amid modernization challenges. Leaders have urged the Nandi community to safeguard its cultural heritage and strengthen traditional institutions amid rapid modernization, saying indigenous values remain critical in promoting peace, unity and social cohesion. The call was made during the installation of Augustine Kisorio as the new National Chairman of the Nandi Kaburwo Council of Elders at the University of East Africa Baraton. The colourful ceremony attracted elders from across the country, national and county government leaders, religious leaders and residents, underscoring the enduring influence of the Kaburwo Council as the custodian of Nandi traditions, cultural identity and community leadership. For generations, the Nandi Kaburwo Council of Elders has served as the traditional institution responsible for promoting peace, resolving disputes, preserving cultural practices and advising leaders on issues affecting the welfare of the community. Although formal government institutions now perform many administrative functions, the council continues to complement them by promoting reconciliation, family unity, responsible leadership and respect for cultural values. Speaking after taking over from outgoing chairman Benjamin Kitur, Kisorio pledged to strengthen the council and deepen its engagement with government institutions, religious organisations and the wider community. “Today is not about an individual but about our collective responsibility to preserve the heritage of the Nandi people. We shall work together to promote peace, mentor our young people, protect our cultural identity and offer objective counsel to leaders whenever called upon. The Kaburwo Council will remain non-partisan and committed to serving the interests of our people,” he said. Kisorio said the council would continue promoting dialogue and reconciliation while mentoring the younger generation to appreciate the importance of culture, integrity and responsible citizenship. Head of Public Service Felix Koskei praised the elders for their continued contribution to national unity and stability, saying traditional institutions remain important partners in governance and development. He urged the council to continue guiding young people by instilling values of discipline, integrity, patriotism and respect for cultural heritage. “Our traditional institutions are an important pillar of our national identity. As government, we recognize the invaluable contribution that councils of elders make in conflict resolution, peace building and preserving our cultural heritage. I urge the Kaburwo Council to continue working closely with government in promoting unity, supporting development initiatives and mentoring the younger generation so that our rich traditions remain alive for generations to come,” Koskei said. Nandi Governor Stephen Sang congratulated Kisorio on his installation, describing the Kaburwo Council as one of the county’s most respected traditional institutions that has continued to unite communities despite rapid social transformation. He said the county government would continue partnering with the council in promoting peace, environmental conservation, youth empowerment and community development programmes. “Our elders are the custodians of our identity and our history. Their wisdom has guided our community through many generations and continues to provide solutions even in today’s changing world. We shall continue supporting cultural programmes that preserve our heritage while working with the council to promote peaceful coexistence, youth empowerment and sustainable development across Nandi County,” Sang said. The installation ceremony blended traditional customs with modern leadership practices as elders dressed in traditional regalia conducted symbolic rites to mark the peaceful transfer of authority before Kisorio officially assumed office. Traditional songs, dances and blessings accompanied the ceremony, highlighting the cultural significance of the leadership transition and the responsibility entrusted to the new chairman. Over the years, the Kaburwo Council has remained instrumental in resolving land disputes, mediating family conflicts and promoting reconciliation through customary dispute resolution mechanisms rooted in dialogue and consensus. Many residents continue to seek the elders’ intervention because of their emphasis on fairness, restorative justice and preserving relationships instead of deepening divisions. The council has also expanded its role in addressing emerging social challenges, including drug and substance abuse, gender-based violence, family breakdown and declining respect for cultural values among young people. Through mentorship forums and community outreach programmes, the elders encourage youth to embrace education, entrepreneurship, hard work and responsible citizenship while remaining proud of their cultural identity. Participants observed that as globalization and urbanization continue to reshape society, traditional institutions such as the Kaburwo Council remain vital in preserving indigenous knowledge, language and governance systems while complementing modern state institutions. Residents who attended the ceremony expressed confidence that Kisorio’s leadership would strengthen unity within the council and enhance collaboration with government, religious organisations and development partners in promoting peace, cultural preservation and sustainable development. By Sammy Mwibanda",,,https://www.kenyanews.go.ke/nandi-elders-urged-to-preserve-cultural-heritage-amid-modernization-challenges/#respond,2026-07-19T13:43:08+00:00,Normal,General public / patients,2,en
GOV_KENYA_NEWS_AGENCY_0385,Governance,Devolution and Local Governance,"‎‎Governor Njuki calls for preservation of indigenous languages and cultural heritage ‎. Tharaka Nithi Governor Muthomi Njuki has raised concern over the declining use of indigenous languages among younger generations, warning that communities risk losing their identity and heritage if deliberate efforts are not taken to preserve their cultures. Speaking during the burial of his uncle at Rubate in magumoni ward, Njuki urged residents to embrace their cultural heritage and ensure that indigenous languages are passed on to future generations. The Governor observed that many young people are increasingly detached from their native languages and traditions, a trend he said threatens the survival of cultural values that have been handed down through generations. He noted that it was important for parents and guardians to teach children their indigenous languages from an early age, saying it was unfortunate when elders are compelled to teach adults how to speak their own native languages. “Culture defines who we are as a people. When we lose our language, we risk losing a significant part of our identity and history,” he said. Njuki emphasized that preserving culture goes beyond language and includes safeguarding traditional knowledge, customs, values, music, dance and other practices that unite communities and strengthen social cohesion. To support cultural preservation efforts, the Governor said the county government has continued to organize cultural festivals that provide a platform for communities to celebrate and showcase their unique heritage. He noted that the Mwimbi and Muthambi cultural festivals were successfully held last month and announced that the Tharaka Cultural Festival will take place onJune 25at Nkondi, while the Chuka Cultural Festival is scheduled for July. Njuki called on residents to attend the festivals in large numbers, saying the events offer an opportunity for young people to learn about their roots and for communities to pass down cultural knowledge to future generations. He added that cultural festivals also promote unity, appreciation of diversity and community pride while contributing to the preservation of Kenya’s rich cultural heritage. The Governor said protecting indigenous languages and cultural practices was a shared responsibility that required the involvement of families, community leaders, educational institutions and government agencies.‎‎by Dickson Mwiti/Christine Ngitori",,,https://www.kenyanews.go.ke/%e2%80%8e%e2%80%8egovernor-njuki-calls-for-preservation-of-indigenous-languages-and-cultural-heritage-%e2%80%8e/,2026-06-19T12:16:40+00:00,High,Citizens / voters,4,en
GOV_KENYA_NEWS_AGENCY_0388,General,Uncategorized,Technology. Youth in Turkana have been urged to make use of Information and Communication Technology (ICT) hubs in Lodwar to enhance their skills and tap into opportunities in the digital economy. Deputy,,,https://www.kenyanews.go.ke/category/tech/,2026-07-19T15:05:49+00:00,Normal,General public,1,en
