PSA_ID,Domain,English,Kiswahili,Target Languages,Source,Date,Metadata
psa_2026_003803,Governance,Voting Procedure for the 5 Days to the 14th May Byelections9th May 2026. Voting Procedure for the #14thmaybyelections Please Note: The secrecy and sanctity of the vote must be preserved as all times. View: https://youtu.be/2XJWn_AE4ys #14thMayByelections #16thJulyByelections #YourVoteYourFuture #TalkWithIEBC #StopFakeNews,,"[""Dholuo"", ""Ekegusii"", ""Somali""]",https://www.iebc.or.ke/news/?Voting_Procedure_for_the_5_Days_to_the_14th_May_Byelections,,"{""contributor"": ""Iranzi Innocent / data/governance"", ""origin_file"": ""all_psa_export.csv"", ""origin_psa_id"": ""psa_2026_000031"", ""organization"": ""Independent Electoral and Boundaries Commission"", ""urgency"": ""medium"", ""language"": ""en"", ""source_schema"": ""all_psa_export"", ""src_adapter"": ""generic_html"", ""lang_detected"": ""en"", ""token_count"": 40, ""sentence_count"": 3, ""content_hash"": ""8065fd7b8ce27794495c09b9baf3f9a451490deada6a35cebd0b2d7250929533"", ""original_psa_id"": ""qpsa_2026_003516"", ""quarantine_reason"": ""low_psa_score:0.32"", ""recovered_from"": ""qpsa_2026_003515"", ""recovery"": ""psa_core_extract"", ""strict_psa_pass"": true}"
psa_2026_003804,Governance,Voting Procedure for the 26th February By-elections25th Feb 2026. Voting Procedure for the #26thFebByelections Please Note: The secrecy and sanctity of the vote must be preserved as all times. https://youtu.be/2XJWn_AE4ys #26thFebByelections | #YourVoteYourFuture | #TalkwithIEBC | #StopFakeNews,,"[""Dholuo"", ""Ekegusii"", ""Somali""]",https://www.iebc.or.ke/news/?Voting_Procedure_for_the_26th_February_By-elections,,"{""contributor"": ""Iranzi Innocent / data/governance"", ""origin_file"": ""all_psa_export.csv"", ""origin_psa_id"": ""psa_2026_000106"", ""organization"": ""Independent Electoral and Boundaries Commission"", ""urgency"": ""medium"", ""language"": ""en"", ""source_schema"": ""all_psa_export"", ""src_adapter"": ""generic_html"", ""lang_detected"": ""en"", ""token_count"": 37, ""sentence_count"": 3, ""content_hash"": ""b57c58726c63e86550da6306927396a7fa3dc2241733734476c8a44bb8861db6"", ""original_psa_id"": ""qpsa_2026_003520"", ""quarantine_reason"": ""low_psa_score:0.32"", ""recovered_from"": ""qpsa_2026_003519"", ""recovery"": ""psa_core_extract"", ""strict_psa_pass"": true}"
psa_2026_003805,Governance,"Commission commits to accurate and timely access to electoral information during annual Editors Summit in Kilifi6th Dec 2025. The Commission commits to accurate and timely access to electoral information during annual Editors Summit in Kikambala. The Commission Chairperson Erastus Ethekon, HSC alongside Commissioner Dr. Alutalala Mukhwana graced the 8th Annual Editors Summit held in Kikambala, Kilifi County. In his address, the Chairperson highlighted the vital role of an independent media in strengthening Kenya’s democratic space. He applauded the media for the role they played in informing Kenyans about the recent by-elections and exposing misconduct during the campaigns and polling day. The Chairperson also assured the media fraternity of the Commission’s commitment to sharing accurate and timely electoral information and partnering with stakeholders to ensure elections in Kenya are peaceful, free, fair and credible",,"[""Dholuo"", ""Ekegusii"", ""Somali""]",https://www.iebc.or.ke/news/?Commission_commits_to_accurate_and_timely_access_to_electoral_information_during_annual_Editors_Summit_in_Kilifi,,"{""contributor"": ""Iranzi Innocent / data/governance"", ""origin_file"": ""all_psa_export.csv"", ""origin_psa_id"": ""psa_2026_000146"", ""organization"": ""Independent Electoral and Boundaries Commission"", ""urgency"": ""medium"", ""language"": ""en"", ""source_schema"": ""all_psa_export"", ""src_adapter"": ""generic_html"", ""lang_detected"": ""en"", ""token_count"": 133, ""sentence_count"": 7, ""content_hash"": ""e4f65e7d26f61723f70b6a75408411e7181780fd422bbefa4aa7b8b30e0b969e"", ""original_psa_id"": ""qpsa_2026_003521"", ""quarantine_reason"": ""low_psa_score:0.32"", ""recovered_from"": ""qpsa_2026_003520"", ""recovery"": ""psa_core_extract"", ""strict_psa_pass"": true}"
psa_2026_003806,Governance,"Commission engages State Department for Diaspora Affairs, explores ways to enhance voting for citizens living outside Kenya11th Nov 2025. The Commission’s Technical Working Group (TWG) on Diaspora Voter Registration and Elections on Monday 3rd November, 2025 held its inaugural session in collaboration with the State Department for Diaspora Affairs (SDDA). The meeting marked the official launch of the TWG’s engagements and outlined its mandate aimed at enhancing the participation of Kenyans living abroad in the electoral processes. The meeting, which was chaired by Commissioner Ann Nderitu, CBS Chairperson of Electoral Operations Committee, discussed the Terms of Reference (TORs) guiding the TWG. She noted that the TWG will review the legal and policy framework governing diaspora voting, assess existing participation measures, develop mechanisms to improve electoral inclusion, and address logistical, legal, and administrative challenges associated with diaspora voter registration and elections. Commissioner Nderitu emphasized that the TWG will operate autonomously, with minimal involvement from Commissioners. “The role of Commissioners and the Chair will remain minimal. The TWG will carry out the technical work and present its recommendations to the Commission for policy consideration,” she clarified. Reflecting on past diaspora voter registration initiatives, Commissioner Ann noted that despite significant financial investment, the outcomes remained limited. She challenged the team to focus on innovation, efficiency, and value for money. “We need to find better, smarter ways to ensure that Kenyans abroad are effectively registered and able to vote, without incurring unsustainable costs,” she said. The State Department for Diaspora Affairs team was led by Mr. Edwin Limo, Director of Liaison and Partnerships. He reaffirmed the Department’s commitment to working with the Commission to ensure eligible Kenyans abroad are registered and able to vote as required by the Constitution",,"[""Dholuo"", ""Ekegusii"", ""Somali""]","https://www.iebc.or.ke/news/?Commission_engages_State_Department_for_Diaspora_Affairs,_explores_ways_to_enhance_voting_for_citizens_living_outside_Kenya",,"{""contributor"": ""Iranzi Innocent / data/governance"", ""origin_file"": ""all_psa_export.csv"", ""origin_psa_id"": ""psa_2026_000156"", ""organization"": ""Independent Electoral and Boundaries Commission"", ""urgency"": ""medium"", ""language"": ""en"", ""source_schema"": ""all_psa_export"", ""src_adapter"": ""generic_html"", ""lang_detected"": ""en"", ""token_count"": 285, ""sentence_count"": 14, ""content_hash"": ""8815b440c6a4170ab28dbbd0448540aea631ced9f1bae38fc5b913e00046df1f"", ""original_psa_id"": ""qpsa_2026_003522"", ""quarantine_reason"": ""low_psa_score:0.32"", ""recovered_from"": ""qpsa_2026_003521"", ""recovery"": ""psa_core_extract"", ""strict_psa_pass"": true}"
psa_2026_003807,Governance,"Commission meets Constitutional Implementation Oversight Committee to apprise it on pending by-elections19th Oct 2025. The Commission held a meeting with the Constitutional Implementation Oversight Committee. The purpose of the engagement was to foster collaboration and assess the Commission’s readiness for the upcoming by-elections and the General Election scheduled for 10th August 2027. Chairperson Erastus Edung Ethekon, HSC, noted that the Commission’s core conducting or supervising referenda and elections for any elective body or office established under the Constitution, as well as any other elections as prescribed by an Act of Parliament. Additionally, he noted that the Commission is mandated under Article 89 to delimit electoral boundaries, including constituencies and wards. The Chairperson assured the Committee that the Commission is well-prepared to conduct both the upcoming by-elections and the 2027 General Election. He emphasized that the Commission has already put in place robust administrative structures to ensure the delivery of free, fair and credible elections. He further informed the Committee that preparations are already underway, with Continuous Voter Registration scheduled to begin on 29th September 2025, and by-elections set for 27th November 2025. The Committee led by its Chairperson Hon. Omondi Caroli expressed its full support to the Commission as it works towards delivering transparent and accountable electoral processes for the people of Kenya",,"[""Dholuo"", ""Ekegusii"", ""Somali""]",https://www.iebc.or.ke/news/?Commission_meets_Constitutional_Implementation_Oversight_Committee_to_apprise_it_on_pending_by-elections,,"{""contributor"": ""Iranzi Innocent / data/governance"", ""origin_file"": ""all_psa_export.csv"", ""origin_psa_id"": ""psa_2026_000169"", ""organization"": ""Independent Electoral and Boundaries Commission"", ""urgency"": ""medium"", ""language"": ""en"", ""source_schema"": ""all_psa_export"", ""src_adapter"": ""generic_html"", ""lang_detected"": ""en"", ""token_count"": 213, ""sentence_count"": 10, ""content_hash"": ""d6171959fd0aae0b4febd0f35fd50f4f4bb2f0746fbaad47824c96d4bc6a67ca"", ""original_psa_id"": ""qpsa_2026_003523"", ""quarantine_reason"": ""low_psa_score:0.32"", ""recovered_from"": ""qpsa_2026_003522"", ""recovery"": ""psa_core_extract"", ""strict_psa_pass"": true}"
psa_2026_003808,Security,"Commission hosts Office of Controler of Budget to benchmark on IPSAS accounting26th Feb 2025. The Commission hosted a delegation from the Office of the Controller of Budget (OCOB) for a benchmarking exercise on the implementation of the International Public Sector Accounting Standards (IPSAS) Accrual basis of accounting. The OCOB delegation, led by CPA Pamela Okatch, Chief Manager Finance and Accounts, was welcomed by the Deputy Commission Secretary - Support Services, CPA Obadiah Keitany. Keitany assured the delegation that the Commission will provide any technical support needed in their transition journey. Director Finance CPA Osman Ibrahim said the Commission adopted the International Public Sector Accounting Standards (IPSAS) accrual basis in the 2011/2012 financial year and is among the few state agencies that have fully implemented this standard of accounting. This makes IEBC a reference point for best practices in IPSAS accrual accounting. Accountants CPA Patrick Nyakira and CPA Clifford Rono were at hand to showcase the Commission’s IPSAS accrual journey, benefits gained, milestones achieved, key lessons learnt, challenges and made recommendations of how best an organization can implement the standard to ensure smooth transition from IPSAS Cash to IPSAS Accrual basis. The discussions also covered key areas including reporting on current assets and liabilities, inventories, applicable accounting policies, accrual of revenues and expenditure, contingent assets and liabilities and gratuities. CPA Pamela Okatch lauded the Commission’s commitment to financial integrity. “This has been an enlightening experience. Your team’s dedication is commendable and we look forward to further collaboration,” said Okatch. The benchmarking session reinforced the Commission’s leadership in public sector financial reporting and strengthened the mutual collaboration with OCOB in advancing best practices in accounting",,"[""Dholuo"", ""Ekegusii"", ""Somali""]",https://www.iebc.or.ke/news/?Commission_hosts_Office_of_Controler_of_Budget_to_benchmark_on_IPSAS_accounting,,"{""contributor"": ""Iranzi Innocent / data/governance"", ""origin_file"": ""all_psa_export.csv"", ""origin_psa_id"": ""psa_2026_000519"", ""organization"": ""Independent Electoral and Boundaries Commission"", ""urgency"": ""medium"", ""language"": ""en"", ""source_schema"": ""all_psa_export"", ""src_adapter"": ""generic_html"", ""lang_detected"": ""en"", ""token_count"": 273, ""sentence_count"": 12, ""content_hash"": ""c1e982d06dbeb8ea35e62d2fee2535b360999d4e4f81fb51c16e5daa707fb5f2"", ""original_psa_id"": ""qpsa_2026_003525"", ""quarantine_reason"": ""low_psa_score:0.34"", ""recovered_from"": ""qpsa_2026_003524"", ""recovery"": ""psa_core_extract"", ""strict_psa_pass"": true}"
psa_2026_003809,Governance,"Commission joins other EMBs in continental workshop on strategic, crisis communication2nd Apr 2024. The Commission Secretary and CEO, Marjan Hussein Marjan led the IEBC team and made remarks during the opening ceremony of the Continental Workshop on Strategic and Crisis Communication for African Election Management Bodies (EMBs). The continental workshop, organized by the United Nations Development Programme (UNDP), in conjunction with African Union Commission (AUC), is being held in Nairobi bringing together representatives from over 40 African countries. The workshop will enable EMBs to explore innovative pathways in the digital age for confronting an increasingly complex election management environment in Africa and ultimately build trust and inclusive electoral processes and outcomes in line with international and continental regional standards of democratic elections. In his remarks, Marjan observed that most of the negative perceptions about EMBs are brought about by lack of continuous stakeholder engagements. He emphasized on the need for EMBs to ensure stakeholders have access to information about each phase of the electoral process to create and reinforce public confidence in elections",,"[""Dholuo"", ""Ekegusii"", ""Somali""]","https://www.iebc.or.ke/news/?Commission_joins_other_EMBs_in_continental_workshop_on_strategic,_crisis_communication",,"{""contributor"": ""Iranzi Innocent / data/governance"", ""origin_file"": ""all_psa_export.csv"", ""origin_psa_id"": ""psa_2026_000587"", ""organization"": ""Independent Electoral and Boundaries Commission"", ""urgency"": ""emergency"", ""language"": ""en"", ""source_schema"": ""all_psa_export"", ""src_adapter"": ""generic_html"", ""lang_detected"": ""en"", ""token_count"": 173, ""sentence_count"": 6, ""content_hash"": ""c8719d9069eef50e9b4e28edc795002501259802034522880d7c67e9ffad2014"", ""original_psa_id"": ""qpsa_2026_003526"", ""quarantine_reason"": ""low_psa_score:0.32"", ""recovered_from"": ""qpsa_2026_003525"", ""recovery"": ""psa_core_extract"", ""strict_psa_pass"": true}"
psa_2026_003810,Governance,"Commission Joins Other EMBs in Continental Workshop on Strategic and Crisis Communication21st Nov 2023. The Commission Secretary/CEO, Marjan Hussein Marjan, led the IEBC team and made remarks during the opening and closing ceremony of the Continental Workshop on Strategic and Crisis Communication for African Election Management Bodies (EMBs). The continental workshop, organized by the United Nations Development Programme (UNDP), in conjunction with African Union Commission (AUC), was held in Nairobi on 23 rd to 26 th October 2023 bringing together representatives from over 40 African countries. The workshop enabled EMBs to explore innovative pathways in the digital age for confronting an increasingly complex election management environment in Africa and ultimately build trust and inclusive electoral processes and outcomes in line with international and continental regional standards of democratic elections. In his remarks, Marjan observed that most of the negative perceptions about EMBs are brought about by lack of continuous stakeholder engagements. He emphasized on the need for EMBs to ensure stakeholders have access to information about each phase of the electoral process to create and reinforce public confidence in elections",,"[""Dholuo"", ""Ekegusii"", ""Somali""]",https://www.iebc.or.ke/news/?Commission_Joins_Other_EMBs_in_Continental_Workshop_on_Strategic_and_Crisis_Communication,,"{""contributor"": ""Iranzi Innocent / data/governance"", ""origin_file"": ""all_psa_export.csv"", ""origin_psa_id"": ""psa_2026_000602"", ""organization"": ""Independent Electoral and Boundaries Commission"", ""urgency"": ""emergency"", ""language"": ""en"", ""source_schema"": ""all_psa_export"", ""src_adapter"": ""generic_html"", ""lang_detected"": ""en"", ""token_count"": 180, ""sentence_count"": 6, ""content_hash"": ""74376d966d7c5add72d0cf6f24eb4876817aa1b72372acb79093e946ae30d053"", ""original_psa_id"": ""qpsa_2026_003527"", ""quarantine_reason"": ""low_psa_score:0.32"", ""recovered_from"": ""qpsa_2026_003526"", ""recovery"": ""psa_core_extract"", ""strict_psa_pass"": true}"
psa_2026_003811,Agriculture,"KENYA’S EDUCATION REFORMS FOCUS ON SKILLS, INNOVATION AND TECHNOLOGY, PRESIDENT RUTO. Kenya is reforming the education system to ensure that learners keep pace with a fast-changing global labour market, especially in technology, President William Ruto has said. The President said the Competency-Based Education system is more practical and focused on the development of skills, knowledge and competencies. He was speaking during a forum with the youth [...]",,"[""Dholuo"", ""Ekegusii"", ""Somali""]",https://www.president.go.ke/kenyas-education-reforms-focus-on-skills-innovation-and-technology-president-ruto/,2026-05-11T17:57:29,"{""contributor"": ""Iranzi Innocent / data/governance"", ""origin_file"": ""all_psa_export.csv"", ""origin_psa_id"": ""psa_2026_000701"", ""organization"": ""Presidency of Kenya"", ""urgency"": ""medium"", ""language"": ""en"", ""source_schema"": ""all_psa_export"", ""src_adapter"": ""rss_feed"", ""lang_detected"": ""en"", ""token_count"": 67, ""sentence_count"": 4, ""content_hash"": ""2c3660ce07ab86202a88f01bce206b8f354ab2ce700140992d5afb5b9ad762fb"", ""original_psa_id"": ""qpsa_2026_003528"", ""quarantine_reason"": ""low_psa_score:0.32"", ""recovered_from"": ""qpsa_2026_003527"", ""recovery"": ""psa_core_extract"", ""strict_psa_pass"": true}"
psa_2026_003812,Security,"Tenders and Consultancies. Tenders and Consultancies Tenders and Consultancies Discover current tender and consultancy opportunities at the Kenya Meteorological Department Contact Us Work with Us Discover tender and consultancy opportunities with the Kenya Meteorological Department. We invite qualified firms and experts to contribute innovative solutions that advance weather forecasting, climate services, and related infrastructure. Partner with us in enhancing national resilience through cutting-edge meteorological expertise. Visit our website for current opportunities and application guidelines. Contact Us No tenders or consultancies available at the moment Currently, there are no open tenders or consultancy opportunities. Please check back later",,"[""Dholuo"", ""Ekegusii"", ""Somali""]",https://meteo.go.ke/organization/tenders-and-consultancies/,,"{""contributor"": ""Iranzi Innocent / data/governance"", ""origin_file"": ""all_psa_export.csv"", ""origin_psa_id"": ""psa_2026_001130"", ""organization"": ""Kenya Meteorological Department"", ""urgency"": ""medium"", ""language"": ""en"", ""source_schema"": ""all_psa_export"", ""src_adapter"": ""generic_html"", ""lang_detected"": ""en"", ""token_count"": 97, ""sentence_count"": 7, ""content_hash"": ""766e149e86e2ec175718a299ee78b68fe56616ca642e44aa37fc3cd5077a3eb2"", ""original_psa_id"": ""qpsa_2026_003531"", ""quarantine_reason"": ""low_psa_score:0.30"", ""recovered_from"": ""qpsa_2026_003530"", ""recovery"": ""psa_core_extract"", ""strict_psa_pass"": true}"
psa_2026_003813,Security,"Modi vows punishment for exam fraud fuelling India protests. Modi vows punishment for exam fraud fuelling India protests By AFP July 23, 2026 07:45 (EAT) Add as a Preferred Source on Google Follow us Follow on Whatsapp Follow on Google Follow on Twitter Indian Prime Minister Narendra Modi looks on after speaking to the press in New Delhi on January 31, 2024. Audio By Vocalize Indian Prime Minister Narendra Modi vowed on Thursday ""stringent punishment"" for those involved in exam fraud that has fuelled student anger, in his first direct comments tied to major protests challenging his government. The comments came after thousands of protesters, led by the social media-driven Cockroach Janta Party (CJP) movement, rallied in New Delhi on Wednesday, triggering fresh clashes with the police. ""Nothing is more important than the welfare and future of our youth,"" he said in a social media post, promising to set up fast-track courts to punish those involved in question paper leaks. ""Those who try to harm the future of our youth will not be spared,"" he added. The protesters, mostly young students, have been demanding the resignation of the education minister over exam paper leaks since last month. Protests snowballed on Monday after police fired tear gas and baton-charged tens of thousands of demonstrators as they tried to march to parliament on the opening day of the monsoon session. As tensions escalated, protesters responded by hurling stones, marking the largest street rally in the capital in about five years. At least 178 people, including security personnel, were injured in the violence, according to the police. The CJP, which has millions of followers on social media, emerged in May initially as a satirical response to Chief Justice Surya Kant reportedly likening young people to ""cockroaches"" and ""parasites"" during a court hearing. The movement has since broadened its agenda to include concerns over unemployment, opportunities for young people and what it describes as Modi's increasingly authoritarian style of governance. The protests have emerged as one of the biggest challenges to Hindu-nationalist Modi since",,"[""Dholuo"", ""Ekegusii"", ""Somali""]",https://www.citizen.digital/article/modi-vows-punishment-for-exam-fraud-fuelling-india-protests-n386947,,"{""contributor"": ""Iranzi Innocent / data/governance"", ""origin_file"": ""all_psa_export.csv"", ""origin_psa_id"": ""psa_2026_002554"", ""organization"": ""Citizen Digital"", ""urgency"": ""medium"", ""language"": ""en"", ""source_schema"": ""all_psa_export"", ""src_adapter"": ""generic_html"", ""lang_detected"": ""en"", ""token_count"": 340, ""sentence_count"": 20, ""content_hash"": ""917ddd4ad4492405fc3aa37f579a3c25162e2704b28222016d376d5a3ef80534"", ""original_psa_id"": ""qpsa_2026_003610"", ""quarantine_reason"": ""low_psa_score:0.33"", ""recovered_from"": ""qpsa_2026_003609"", ""recovery"": ""psa_core_extract"", ""strict_psa_pass"": true}"
psa_2026_003814,Governance,"Sharon Otieno murder: Ex-Governor Obado, two co-accused to know their fate today. Sharon Otieno murder: Ex-Governor Obado, two co-accused to know their fate today By Joseph Muia July 23, 2026 06:30 (EAT) Add as a Preferred Source on Google Follow us Follow on Whatsapp Follow on Google Follow on Twitter Former Migori Governor Okoth Obado during a past court appearance. PHOTO | FILE Audio By Vocalize Former Migori Governor Okoth Obado and his two co-accused will on Thursday know whether they will be convicted or acquitted in the high-profile murder case of university student Sharon Otieno and her unborn child. The High Court at the Milimani Law Courts is set to deliver judgment in the case against Obado, his former personal assistant Michael Oyamo and former Migori County clerk Caspal Obiero, nearly eight years after they were charged with murder in 2018. The three were previously placed on their defence after the court ruled that the prosecution had established a prima facie case requiring them to answer to the charges. Ahead of the judgment, the Federation of Women Lawyers in Kenya (FIDA-Kenya), which has been holding a watching brief for Sharon's family, said it remains hopeful that the court's decision will be guided by the evidence presented during the trial and the law. “FIDA-Kenya is watching brief for Sharon Otieno's family and has continued to stand with them throughout the judicial process as they seek justice for the tragic loss of their daughter and her unborn child,” stated FIDA. Sharon was abducted on September 3, 2018, before her body, alongside that of her unborn child, was discovered a day later in a thicket near Kodera Forest in Homa Bay County. The killings sparked national outrage and attracted widespread public attention. During the trial, the Office of the Director of Public Prosecutions (ODPP) called 42 prosecution witnesses, relying on witness testimony as well as electronic evidence, including SMS messages, WhatsApp conversations and mobile phone records. According to FIDA-Kenya, the prosecution's case included testimony from key witnesses who allegedly placed one of",,"[""Dholuo"", ""Ekegusii"", ""Somali""]",https://www.citizen.digital/article/sharon-otieno-murder-ex-governor-obado-two-others-to-know-their-fate-today-n386917,,"{""contributor"": ""Iranzi Innocent / data/governance"", ""origin_file"": ""all_psa_export.csv"", ""origin_psa_id"": ""psa_2026_002555"", ""organization"": ""Citizen Digital"", ""urgency"": ""medium"", ""language"": ""en"", ""source_schema"": ""all_psa_export"", ""src_adapter"": ""generic_html"", ""lang_detected"": ""en"", ""token_count"": 340, ""sentence_count"": 18, ""content_hash"": ""3c91369702770235caa9ee074c19a745b42ccdab6981f3f33651f9618410dc0c"", ""original_psa_id"": ""qpsa_2026_003611"", ""quarantine_reason"": ""low_psa_score:0.33"", ""recovered_from"": ""qpsa_2026_003610"", ""recovery"": ""psa_core_extract"", ""strict_psa_pass"": true}"
psa_2026_003815,Health,"Untitled. Nairobi — President William Ruto on Thursday hosted more than 5,000 artisans and mechanics at State House, Nairobi, where he reaffirmed his administration's commitment to empowering workers in the informal sector and announced a salary increase for civil servants effective this month. Speaking during the engagement with members of the Jua Kali sector, Ruto said the government recognises artisans and mechanics as key drivers of Kenya's economy and will continue implementing policies aimed at expanding economic opportunities, improving working conditions and strengthening technical skills. ""The people who work with their hands every day are building this country's economy. Our responsibility is to ensure they have the support they need to grow their businesses, create jobs and improve their livelihoods,"" the President said. Ruto noted that the informal sector employs millions of Kenyans and remains central to the country's economic transformation agenda. He pledged continued government investment in programmes designed to improve access to affordable credit, modern workspaces, markets and skills development. Keep up with the latest headlines on WhatsApp | LinkedIn In a major announcement for public servants, the President said civil servants will begin receiving a salary increase from this month, describing the adjustment as part of the government's efforts to improve workers' welfare and cushion them against the rising cost of living. The pay rise is expected to benefit thousands of employees across ministries, departments and state agencies. The meeting brought together artisans and mechanics from across the country, underscoring the government's renewed focus on strengthening the Jua Kali sector as a key source of employment, innovation and industrial growth. The government is expected to provide further details on the implementation of the salary increment as well as additional initiatives aimed at supporting workers in the informal sector. Read the original article on Capital FM",,"[""Dholuo"", ""Ekegusii"", ""Somali""]",https://allafrica.com/stories/202607230243.html,,"{""contributor"": ""Iranzi Innocent / data/governance"", ""origin_file"": ""all_psa_export.csv"", ""origin_psa_id"": ""psa_2026_003121"", ""organization"": ""AllAfrica Kenya"", ""urgency"": ""medium"", ""language"": ""en"", ""source_schema"": ""all_psa_export"", ""src_adapter"": ""generic_html"", ""lang_detected"": ""en"", ""token_count"": 298, ""sentence_count"": 11, ""content_hash"": ""d12d4bd963bf7999d00df1a0444ab2d3174407e589ab3ca8120acb99f1e6239c"", ""original_psa_id"": ""qpsa_2026_003640"", ""quarantine_reason"": ""low_psa_score:0.34"", ""recovered_from"": ""qpsa_2026_003639"", ""recovery"": ""psa_core_extract"", ""strict_psa_pass"": true}"
psa_2026_003816,Health,"Untitled. Nairobi — Saudi Arabia, the United Kingdom and Canada were the most sought-after destinations for Kenyan visa applicants in the first half of 2026 as demand for international travel continued to rise, according to VFS Global. The visa processing company said visa application volumes from Kenya increased by 20 percent in the first six months of 2026 compared to the same period in 2025, following a 44 percent year-on-year increase recorded in 2025. The growth was driven by rising demand for tourism, business travel, visits to friends and relatives, overseas education and early travel planning. Australia and China also recorded growing demand from Kenyan travellers. Keep up with the latest headlines on WhatsApp | LinkedIn VFS Global urged applicants to use only official application channels and avoid intermediaries who promise faster appointments or guaranteed visa approvals for a fee. ""Applicants are reminded that visa appointments are booked through official channels and that no agent, employee or third party can guarantee an earlier appointment, faster processing or a positive visa decision,"" the company said. The firm warned that fraudsters continue to misuse company names, logos and unofficial websites to deceive applicants, urging travellers to verify information through its official website. To strengthen security, VFS Global said it has introduced measures including one-time password (OTP)-based appointment booking, appointment verification, application reference validation and anti-fraud messaging. VFS Global, which has operated in Kenya since 2007, processes visa applications for 24 governments through 25 application centres across the country. It also operates UK Premium Application Centres in Eldoret and Mombasa, in addition to the UK Visa Application Centre in Nairobi. Read the original article on Capital FM",,"[""Dholuo"", ""Ekegusii"", ""Somali""]",https://allafrica.com/stories/202607210638.html,,"{""contributor"": ""Iranzi Innocent / data/governance"", ""origin_file"": ""all_psa_export.csv"", ""origin_psa_id"": ""psa_2026_003218"", ""organization"": ""AllAfrica Kenya"", ""urgency"": ""low"", ""language"": ""en"", ""source_schema"": ""all_psa_export"", ""src_adapter"": ""generic_html"", ""lang_detected"": ""en"", ""token_count"": 274, ""sentence_count"": 11, ""content_hash"": ""10b3ad846e9dd654f351dc23441ce8cf0a96ed4b47f8b932876d658d313b4cfe"", ""original_psa_id"": ""qpsa_2026_003641"", ""quarantine_reason"": ""low_psa_score:0.34"", ""recovered_from"": ""qpsa_2026_003640"", ""recovery"": ""psa_core_extract"", ""strict_psa_pass"": true}"
psa_2026_003817,Health,"Untitled. Nairobi — Motorists in Nairobi could soon pay Sh535 for daily parking, up from the current Sh300, under a new pricing policy proposed by the Nairobi County Government. The proposed increase is contained in the Nairobi City County Government Tariffs and Pricing Policy 2025-2030, which says the revised charge is based on recovering the cost of providing parking services over a 10-year period. ""The cost of providing a parking service is KSh. 535 in Nairobi. The parking cost is calculated considering the 10 years recovery period,"" the policy states. The county also proposes a zonal parking system that will guide parking charges across the city. Zone One covers the Central Business District (CBD), Westlands, Upper Hill, Community, Hurlingham, Eastleigh, Kijabe Street, Ngara, Highridge, Industrial Area, Gigiri, Kilimani, Yaya Centre, Milimani, Lavington, Karen, Muthaiga, South C, South B, Gikomba, Parklands and Nairobi West. Zone Two comprises areas outside Zone One. The policy further states that the county will develop a framework to designate parking areas across the city, including loading and offloading zones, reserved parking spaces and market parking areas. ""The county shall develop a framework to determine designated parking areas in the city, including designated loading and offloading zones, reserved parking, and market areas."" Read the original article on Capital FM",,"[""Dholuo"", ""Ekegusii"", ""Somali""]",https://allafrica.com/stories/202607200116.html,,"{""contributor"": ""Iranzi Innocent / data/governance"", ""origin_file"": ""all_psa_export.csv"", ""origin_psa_id"": ""psa_2026_003247"", ""organization"": ""AllAfrica Kenya"", ""urgency"": ""medium"", ""language"": ""en"", ""source_schema"": ""all_psa_export"", ""src_adapter"": ""generic_html"", ""lang_detected"": ""en"", ""token_count"": 212, ""sentence_count"": 10, ""content_hash"": ""cf1fbe1415d09eccff72010eed8bb68191b900e90451cfe16746838fc1a6edb2"", ""original_psa_id"": ""qpsa_2026_003642"", ""quarantine_reason"": ""low_psa_score:0.32"", ""recovered_from"": ""qpsa_2026_003641"", ""recovery"": ""psa_core_extract"", ""strict_psa_pass"": true}"
psa_2026_003818,Governance,"Untitled. Nairobi — The ruling United Democratic Alliance (UDA) remains the country's most popular political party, but the gap with the Orange Democratic Movement (ODM) has narrowed significantly, according to the latest Infotrak Research and Consulting survey. The poll shows that UDA commands 22 per cent support nationally, placing it marginally ahead of ODM, which garnered 21 per cent in the latest party popularity rankings. Former Deputy President Rigathi Gachagua-backed Democracy for Citizens Party (DCP) emerged as the third most popular political outfit with 9 per cent support, underlining its growing influence in Kenya's opposition politics. The survey further placed the Jubilee Party at 6 per cent, slightly ahead of the Wiper Democratic Movement, which registered 5 per cent support. Keep up with the latest headlines on WhatsApp | LinkedIn However, the findings also indicate a significant level of voter disengagement or indecision ahead of the 2027 General Election, with 29 per cent of respondents saying they do not identify with any political party or have no party preference. An additional 7 per cent declined to disclose their political affiliation, while 2 per cent supported other smaller political parties not among the leading five. The results suggest Kenya's political landscape remains highly fluid, with established parties facing increasing competition from emerging formations and a sizeable bloc of undecided voters likely to play a decisive role in the next presidential contest. The survey comes amid heightened political activity and early realignments as parties position themselves for the 2027 elections. Read the original article on Capital FM",,"[""Dholuo"", ""Ekegusii"", ""Somali""]",https://allafrica.com/stories/202607130455.html,,"{""contributor"": ""Iranzi Innocent / data/governance"", ""origin_file"": ""all_psa_export.csv"", ""origin_psa_id"": ""psa_2026_003427"", ""organization"": ""AllAfrica Kenya"", ""urgency"": ""low"", ""language"": ""en"", ""source_schema"": ""all_psa_export"", ""src_adapter"": ""generic_html"", ""lang_detected"": ""en"", ""token_count"": 255, ""sentence_count"": 9, ""content_hash"": ""60946f9e39ae99852d5f64dc011bab5fa280d29112246ba7b0b1e3fa713574bb"", ""original_psa_id"": ""qpsa_2026_003643"", ""quarantine_reason"": ""low_psa_score:0.34"", ""recovered_from"": ""qpsa_2026_003642"", ""recovery"": ""psa_core_extract"", ""strict_psa_pass"": true}"
psa_2026_003819,Health,"Untitled. Nairobi — The National Police Service has announced enhanced security measures across Nairobi, including the installation of police checkpoints on major roads, ahead of the annual Saba Saba commemoration. Nairobi Police Commander Issa Mohamud said the measures were informed by previous experiences where some participants engaged in acts that breached the peace and disrupted normal business operations during the July 7 demonstrations. ""There will be restricted areas like parliament definitely will be resoluted because we don't want intruders just to go there and and cause chaos for public transport. Yes, they can do their businesses but we let them uh in after our screening,"" the Police boss said. The annual Saba Saba commemoration, held every July 7, marks the historic pro-democracy movement that pushed for the reintroduction of multiparty democracy in Kenya. Various civil society groups have vowed to stage a peaceful procession to Parliament Buildings to present a petition on governance and economic issues. ""Kenyans from all walks of life will commemorate Saba Saba Day, a historical milestone in the struggle of democracy, constitutionalism and accountable governance,"" Elisha Ochieng said. ""We want to take a petition to parliament not just because of police brutality and extra judicial killing, but we want to take this course further so that we can have a nation that everyone can enjoy living in,"" Dancun Ndegwa added. Read the original article on Capital FM",,"[""Dholuo"", ""Ekegusii"", ""Somali""]",https://allafrica.com/stories/202607070086.html,,"{""contributor"": ""Iranzi Innocent / data/governance"", ""origin_file"": ""all_psa_export.csv"", ""origin_psa_id"": ""psa_2026_003907"", ""organization"": ""AllAfrica Kenya Latest"", ""urgency"": ""medium"", ""language"": ""en"", ""source_schema"": ""all_psa_export"", ""src_adapter"": ""generic_html"", ""lang_detected"": ""en"", ""token_count"": 231, ""sentence_count"": 9, ""content_hash"": ""e3d100882842081b8e24b934247486b9031202b857574ad11b717af5e598d239"", ""original_psa_id"": ""qpsa_2026_003661"", ""quarantine_reason"": ""low_psa_score:0.32"", ""recovered_from"": ""qpsa_2026_003660"", ""recovery"": ""psa_core_extract"", ""strict_psa_pass"": true}"
psa_2026_003820,Health,"Untitled. Nairobi — Equity Group has partnered with AfricaNenda Foundation and the Gates Foundation to accelerate the rollout of Digital Public Infrastructure (DPI) across Africa, in a move aimed at expanding financial inclusion and strengthening cross-border digital payments. The three organisations said the partnership will support the development of interoperable payment systems, government and merchant payment solutions, regulatory engagement and policy advocacy to speed up digital transformation across the continent. AfricaNenda estimates that nearly 400 million Africans remain excluded from formal financial services. As part of the initiative, Equity Group Managing Director and Chief Executive Officer James Mwangi was appointed Africa's first Continental Digital Public Infrastructure Champion. He said the initiative would help make digital financial services more accessible by fostering collaboration between governments, regulators, development partners and the private sector. AfricaNenda said the partnership aims to develop practical digital infrastructure models that can be scaled across 20 to 30 African markets. The Gates Foundation added that its support is intended to ensure digital infrastructure translates into improved financial inclusion and wider access to essential services across the continent. Read the original article on Capital FM",,"[""Dholuo"", ""Ekegusii"", ""Somali""]",https://allafrica.com/stories/202607070258.html,,"{""contributor"": ""Iranzi Innocent / data/governance"", ""origin_file"": ""all_psa_export.csv"", ""origin_psa_id"": ""psa_2026_003914"", ""organization"": ""AllAfrica Kenya Latest"", ""urgency"": ""medium"", ""language"": ""en"", ""source_schema"": ""all_psa_export"", ""src_adapter"": ""generic_html"", ""lang_detected"": ""en"", ""token_count"": 186, ""sentence_count"": 8, ""content_hash"": ""e2d091c750f6c32d3f8a17e64045f0244e5c9c7d4bff49327d06181b27eb38fe"", ""original_psa_id"": ""qpsa_2026_003662"", ""quarantine_reason"": ""low_psa_score:0.32"", ""recovered_from"": ""qpsa_2026_003661"", ""recovery"": ""psa_core_extract"", ""strict_psa_pass"": true}"
psa_2026_003821,Health,"Untitled. Nairobi — Students at Utumishi Girls Academy have resumed learning following the tragic dormitory fire that claimed the lives of 16 students, with school management and government agencies putting in place temporary boarding arrangements as plans for new dormitories begin. The reopening marks a significant step in the school's recovery process after the devastating arson incident that shocked the country and sparked renewed debate over student safety in Kenyan boarding schools. School administrators confirmed that learners have been accommodated in temporary boarding facilities to ensure academic activities continue uninterrupted while construction of permanent dormitories is being planned. Education officials, parents, and members of the school community have continued to support affected families and students as counseling and psychosocial support programs remain ongoing. Keep up with the latest headlines on WhatsApp | LinkedIn Authorities say the temporary structures have undergone safety assessments to guarantee the well-being of students returning to school after the tragedy. The government has also pledged to fast-track the reconstruction of the destroyed dormitories and strengthen fire safety measures in learning institutions across the country. Investigations into the fire incident are still ongoing, with several students previously arraigned in court in connection with the deadly blaze. Parents expressed mixed emotions as students reported back, with many welcoming the resumption of learning while still mourning the lives lost in the incident. The tragedy reignited concerns over student unrest, dormitory safety standards, emergency preparedness, and mental health support within schools. Education stakeholders are now calling for stronger preventive measures, improved counseling programs, and enhanced monitoring systems to prevent similar incidents in the future. Read the original article on Capital FM",,"[""Dholuo"", ""Ekegusii"", ""Somali""]",https://allafrica.com/stories/202607020389.html,,"{""contributor"": ""Iranzi Innocent / data/governance"", ""origin_file"": ""all_psa_export.csv"", ""origin_psa_id"": ""psa_2026_003979"", ""organization"": ""AllAfrica Kenya Latest"", ""urgency"": ""emergency"", ""language"": ""en"", ""source_schema"": ""all_psa_export"", ""src_adapter"": ""generic_html"", ""lang_detected"": ""en"", ""token_count"": 271, ""sentence_count"": 11, ""content_hash"": ""9a80c3cd0e50bbe7ed242f8143efd410e7c6ac110567a549e3f47b45390ff204"", ""original_psa_id"": ""qpsa_2026_003663"", ""quarantine_reason"": ""low_psa_score:0.34"", ""recovered_from"": ""qpsa_2026_003662"", ""recovery"": ""psa_core_extract"", ""strict_psa_pass"": true}"
psa_2026_003822,Governance,"Kiambu launches second phase of Maji Nyumbani Program. Kiambu County has launched the second phase of theMaji Nyumbani Program,a major water connectivity initiative that will see more than 120 kilometers of water supply pipelines laid across the county to improve access to clean and reliable water. On Thursday, July 16, Governor Kimani Wamatangi, flagged off trucks transporting water pipes to various project sites, marking the commencement of the countywide infrastructure program. The function was held at the county headquarters. The Governor said the second phase will be implemented through the county’s water service companies, with projects distributed equitably across all sub-counties to ensure every region benefits from the initiative. “The program targets the connection of 100,000 new households to the water supply network, significantly expanding access to safe and affordable water for residents,” Wamatangi noted. TheMaji Nyumbani Programwas launched as part of the county government’s plan to address water scarcity by expanding water infrastructure and extending piped water to households. Since its inception, the program has seen the installation of more than 150 kilometers of water distribution pipelines, procurement of over 60 water tanks and thousands of new household water connections across the county. The initiative has also included the drilling of boreholes and construction of water storage facilities to improve the reliability of supply in underserved areas. The county government has secured funding to expand the Karemenu Dam, a Sh5.7 billion project expected to increase water availability for Kiambu as well as neighboring towns including Ruiru, Juja and Thika. Kiambu County Executive Committee Member for Water, Environment and Natural Resources, David Kuria, lauded the commitment of the Governor for ensuring that the eight water companies in Kiambu county have an active board of directors, who are upholding quality work standards. By Collins Esike and Grace Naishoo",,"[""Dholuo"", ""Ekegusii"", ""Somali""]",https://www.kenyanews.go.ke/kiambu-launches-second-phase-of-maji-nyumbani-program/#respond,2026-07-17T18:21:33+00:00,"{""contributor"": ""Leona Kamau / data/education"", ""origin_file"": ""psa_dataset_final.csv"", ""origin_psa_id"": ""GOV_KENYA_NEWS_AGENCY_0009"", ""sub_category"": ""Devolution and Local Governance"", ""urgency"": ""Normal"", ""audience"": ""Citizens / voters"", ""psa_score"": ""1"", ""lang_detected_source"": ""en"", ""source_schema"": ""psa_dataset_final"", ""lang_detected"": ""en"", ""token_count"": 297, ""sentence_count"": 12, ""content_hash"": ""97dbef0f1e0e042d575d421c8ad67943520b22d419860e4554e7ad918859f64e"", ""original_psa_id"": ""qpsa_2026_003669"", ""quarantine_reason"": ""low_psa_score:0.34"", ""recovered_from"": ""qpsa_2026_003668"", ""recovery"": ""psa_core_extract"", ""strict_psa_pass"": true}"
psa_2026_003823,Health,Amref Health Africa – Creating Lasting Health Change in Africa Lasting Health Change In Africa Ebola Outbreak in Africa: Strengthening Africa’s Health Security Health threats do not respect borders.,,"[""Kikuyu"", ""Dholuo"", ""Ekegusii"", ""Somali""]",https://amref.org/,2026-07-26,"{""contributor"": ""Jessica Kimani / data/agriculture"", ""origin_file"": ""agriculture_psa_export.csv"", ""origin_psa_id"": ""PSA_00001"", ""organization"": ""Amref"", ""source_schema"": ""agriculture_psa_export"", ""source_metadata_raw"": ""{'target_language': 'Kikuyu', 'scrape_method': 'requests/bs4'}"", ""lang_detected"": ""en"", ""token_count"": 29, ""sentence_count"": 1, ""content_hash"": ""41eca4d1fc71a3eb4234a8645485be5d4fbb90ff43ee02b1c97d7e818bbb7829"", ""original_psa_id"": ""qpsa_2026_003672"", ""quarantine_reason"": ""low_psa_score:0.32"", ""recovered_from"": ""qpsa_2026_003671"", ""recovery"": ""psa_core_extract"", ""strict_psa_pass"": true}"
psa_2026_003824,Health,"Signaling about a system under strain, where children risk being pushed to the margins, she urges that governments, decision-makers, and donors ensure solidarity triumphs over indifference.",,"[""Kikuyu"", ""Dholuo"", ""Ekegusii"", ""Somali""]",https://www.wvi.org/our-work/disaster-management,2026-07-26,"{""contributor"": ""Jessica Kimani / data/agriculture"", ""origin_file"": ""agriculture_psa_export.csv"", ""origin_psa_id"": ""PSA_00046"", ""organization"": ""World Vision"", ""source_schema"": ""agriculture_psa_export"", ""source_metadata_raw"": ""{'target_language': 'Kikuyu', 'scrape_method': 'requests/bs4'}"", ""lang_detected"": ""en"", ""token_count"": 26, ""sentence_count"": 1, ""content_hash"": ""3bd88cda23790cdaf8264913ac7a64ae5bdd9e3ba0de49ca9161bf8fefd90b60"", ""original_psa_id"": ""qpsa_2026_003673"", ""quarantine_reason"": ""low_psa_score:0.32"", ""recovered_from"": ""qpsa_2026_003672"", ""recovery"": ""psa_core_extract"", ""strict_psa_pass"": true}"
psa_2026_003825,Education,"VSO is establishing learning centres in refugee communities and providing children with school materials, ensuring that thousands of children do not miss out on critical years of education during a crucial phase of their development.",,"[""Kikuyu"", ""Dholuo"", ""Ekegusii"", ""Somali""]",https://www.vsointernational.org/our-work/humanitarian-aid,2026-07-26,"{""contributor"": ""Jessica Kimani / data/agriculture"", ""origin_file"": ""agriculture_psa_export.csv"", ""origin_psa_id"": ""PSA_00081"", ""organization"": ""VSO International"", ""source_schema"": ""agriculture_psa_export"", ""source_metadata_raw"": ""{'target_language': 'Kikuyu', 'scrape_method': 'requests/bs4'}"", ""lang_detected"": ""en"", ""token_count"": 35, ""sentence_count"": 1, ""content_hash"": ""e485cf0caa43ce05c9eb712f474e39c8b39cfd1f4d5d24ed919d60155bf35550"", ""original_psa_id"": ""qpsa_2026_003674"", ""quarantine_reason"": ""low_psa_score:0.32"", ""recovered_from"": ""qpsa_2026_003673"", ""recovery"": ""psa_core_extract"", ""strict_psa_pass"": true}"
psa_2026_003826,Governance,"As I have said before, President Ruto must stop using armed militias against citizens.",,"[""Kikuyu"", ""Dholuo"", ""Ekegusii"", ""Somali""]",https://khrc.or.ke/attack-on-khrc/,2026-07-26,"{""contributor"": ""Jessica Kimani / data/agriculture"", ""origin_file"": ""agriculture_psa_export.csv"", ""origin_psa_id"": ""PSA_00164"", ""organization"": ""KHRC"", ""source_schema"": ""agriculture_psa_export"", ""source_metadata_raw"": ""{'target_language': 'Kikuyu', 'scrape_method': 'requests/bs4'}"", ""lang_detected"": ""en"", ""token_count"": 14, ""sentence_count"": 1, ""content_hash"": ""d47a8db191eb1323c29268298523d01e9b44c32d35ab806301d03f3ac79f1865"", ""original_psa_id"": ""qpsa_2026_003676"", ""quarantine_reason"": ""low_psa_score:0.34"", ""recovered_from"": ""qpsa_2026_003675"", ""recovery"": ""psa_core_extract"", ""strict_psa_pass"": true}"
psa_2026_003827,Governance,"Every report matters—it helps us protect lives, uphold justice, and ensure accountability.",,"[""Kikuyu"", ""Dholuo"", ""Ekegusii"", ""Somali""]",https://khrc.or.ke/,2026-07-26,"{""contributor"": ""Jessica Kimani / data/agriculture"", ""origin_file"": ""agriculture_psa_export.csv"", ""origin_psa_id"": ""PSA_00171"", ""organization"": ""KHRC"", ""source_schema"": ""agriculture_psa_export"", ""source_metadata_raw"": ""{'target_language': 'Kikuyu', 'scrape_method': 'requests/bs4'}"", ""lang_detected"": ""en"", ""token_count"": 12, ""sentence_count"": 1, ""content_hash"": ""0482494606c4ad3fd45b02058fa9b2b7a63707b338ce0e74e7cbd44ea38d1d91"", ""original_psa_id"": ""qpsa_2026_003677"", ""quarantine_reason"": ""low_psa_score:0.34"", ""recovered_from"": ""qpsa_2026_003676"", ""recovery"": ""psa_core_extract"", ""strict_psa_pass"": true}"
psa_2026_003828,Governance,"Disclaimer: TI-Kenya does not charge any fee at any stage during recruitment and selection process, we do not require any documentation prior to the interview and we do not recruit through recruitment agents.",,"[""Kikuyu"", ""Dholuo"", ""Ekegusii"", ""Somali""]",https://tikenya.org/opportunities/,2026-07-26,"{""contributor"": ""Jessica Kimani / data/agriculture"", ""origin_file"": ""agriculture_psa_export.csv"", ""origin_psa_id"": ""PSA_00190"", ""organization"": ""Transparency Int'l Kenya"", ""source_schema"": ""agriculture_psa_export"", ""source_metadata_raw"": ""{'target_language': 'Kikuyu', 'scrape_method': 'requests/bs4'}"", ""lang_detected"": ""en"", ""token_count"": 33, ""sentence_count"": 1, ""content_hash"": ""9a11bf3c341c47c22ffd124c8299c1429780cd978d9bab91feca4a5721894780"", ""original_psa_id"": ""qpsa_2026_003678"", ""quarantine_reason"": ""low_psa_score:0.30"", ""recovered_from"": ""qpsa_2026_003677"", ""recovery"": ""psa_core_extract"", ""strict_psa_pass"": true}"
psa_2026_003829,Security,"If a country, or part of a country, meets famine criteria, then each member of the country’s IPC Technical Working Group must reach a consensus on these findings before famine is declared.",,"[""Kikuyu"", ""Dholuo"", ""Ekegusii"", ""Somali""]",https://www.actionagainsthunger.org/the-hunger-crisis/world-hunger-facts/what-is-famine/,2026-07-26,"{""contributor"": ""Jessica Kimani / data/agriculture"", ""origin_file"": ""agriculture_psa_export.csv"", ""origin_psa_id"": ""PSA_00391"", ""organization"": ""Action Against Hunger Kenya"", ""source_schema"": ""agriculture_psa_export"", ""source_metadata_raw"": ""{'target_language': 'Kikuyu', 'scrape_method': 'requests/bs4'}"", ""lang_detected"": ""en"", ""token_count"": 32, ""sentence_count"": 1, ""content_hash"": ""74125e41b353fa0c4721f18e59656ddb3e77e93a93b32079ae153240dd2e80c8"", ""original_psa_id"": ""qpsa_2026_003679"", ""quarantine_reason"": ""low_psa_score:0.32"", ""recovered_from"": ""qpsa_2026_003678"", ""recovery"": ""psa_core_extract"", ""strict_psa_pass"": true}"
psa_2026_003830,Education,KUCCPS announces the opening of the online portal for university and college application revisions.,,"[""Dholuo"", ""Ekegusii"", ""Somali""]",Official Press Release Archive,,"{""contributor"": ""michenitumaini-ux / main"", ""origin_file"": ""media_archives_psa_dataset.csv"", ""origin_psa_id"": ""PSA_EDU_b43f8f"", ""source_schema"": ""media_archives"", ""source_metadata_raw"": ""Language: en"", ""lang_detected"": ""en"", ""token_count"": 14, ""sentence_count"": 1, ""content_hash"": ""5ab6fc6524bc61a93eb435d13d3695d9cdcd0230043643ad0b0ff5a074f100b9"", ""original_psa_id"": ""qpsa_2026_003680"", ""quarantine_reason"": ""low_psa_score:0.32"", ""recovered_from"": ""qpsa_2026_003679"", ""recovery"": ""psa_core_extract"", ""strict_psa_pass"": true}"
psa_2026_003831,Education,"Oshwal Academy guide: Fees, curriculum, location, and what parents should know. Education Education Oshwal Academy guide: Fees, curriculum, location, and what parents should know Published 20 Jul 2026 by Gladys Mokeira reviewed by Masolo Mabonga 6 min read Oshwal Academy is one of the best private, co-educational international schools in the country. The school has two main branches, Nairobi and Mombasa, both offering the British Curriculum for learners aged 1.5 to 18 years. Oshwal Academy's fee structure is available from the school's admissions office. Oshwal Academy senior school administration block. Photo: @oshwalacademynairobi (modified by author) Source: UGC TABLE OF CONTENTS Key takeaways About Oshwal Academy Oshwal Academy's curriculum and education structure Oshwal Academy kindergarten Oshwal Academy Junior School Oshwal Academy Senior School Oshwal Academy facilities and co-curricular activities Oshwal Academy fee's structure Oshwal Academy location and contacts Nursery School, Nairobi Junior School, Nairobi Senior School, Nairobi Oshwal Academy Mombasa FAQs about Oshwal Academy Final word + View more Key takeaways Oshwal Academy is a leading international school in Kenya with two branches, one in Parklands, Nairobi, and another in Nyali, Mombasa. Oshwal Academy offers the British National Curriculum, with students sitting Cambridge Assessment International Education (CAIE) and Pearson Edexcel examinations. To obtain important information about Oshwal Academy, such as admissions, tuition, and fees, parents are advised to contact the school’s admissions office directly. About Oshwal Academy Who owns Oshwal Academy? The learning institute is owned and managed by the Oshwal Education and Relief Board (OERB). OERB is a charitable community organisation established by the Oshwal community, which is made up of Kenyan-Indians practising Jainism. Muthoni Wakirumba: Amount radio presenter pays in fees for son at Crawford International School The community organisation also owns four private schools and hostels in Nairobi, Kenya, including Oshwal College. While the academy was founded in 1950 , different campuses were opened at various times. Oshwal Academy Nairobi - It was founded as the Visa Oshwal School in 1950, but developed different campuses later on. Oshwal Academy Mombasa - It was established on Mombasa Island in",,"[""Dholuo"", ""Ekegusii"", ""Somali""]",https://www.tuko.co.ke/education/633116-oshwal-academy-guide-fees-curriculum-location-what-parents-know/,2026-07-20T10:41:39+03:00,"{""contributor"": ""Iranzi Innocent / data/governance"", ""origin_file"": ""all_psa_export.csv"", ""origin_psa_id"": ""psa_2026_002361"", ""organization"": ""Tuko Education"", ""urgency"": ""low"", ""language"": ""en"", ""source_schema"": ""all_psa_export"", ""src_adapter"": ""generic_html"", ""lang_detected"": ""en"", ""token_count"": 340, ""sentence_count"": 70, ""content_hash"": ""8014d589dbb2f635fb868bb6c3291313292085df7329c4533a60a7b24dcde3a8"", ""quarantine_reason"": ""low_psa_score:0.33"", ""original_psa_id"": ""qpsa_2026_003684"", ""recovered_from"": ""qpsa_2026_003683"", ""recovery"": ""psa_core_extract"", ""strict_psa_pass"": true}"
psa_2026_003832,Agriculture,"Pwani University courses offered in 2026 and contact details. Education Education Pwani University courses offered in 2026 and contact details Published 14 Feb 2022 Updated 14 Jul 2026 by Simon Ayub , Glenn Omondi reviewed by Masolo Mabonga 10 min read Dreaming of pursuing a diploma, undergraduate, or postgraduate degree while enjoying the refreshing coastal breeze? Look no further than Pwani University, located along the scenic Mombasa-Malindi highway. Renowned for its diverse array of accredited courses in fields like tropical agriculture, marine sciences, and education , the institution stands out as a leading center of higher learning along the Kenyan coast. Pwani University graduands and the entrance to Pwani University. Photo: @pwaniuni (modified by author) Source: UGC TABLE OF CONTENTS Key takeaways Pwani University courses offered in 2026 and fee structure Certificate courses offered at Pwani University Artisan Certificate Programmes Diploma courses offered at Pwani University Pwani University degree courses you can go for Master's courses at Pwani University PhD courses at Pwani University Pwani University fee structure Pwani University requirements Pwani University contacts Does Pwani University offer a diploma in nursing? Does Pwani University offer medical courses? + View more Key takeaways Pwani University is best known for offering programs in tropical agriculture, tropical medicine, education and marine sciences. To apply for admission to Pwani University in Kilifi, Kenya, undergraduate applicants need a minimum of a Mean Grade of C+ (plus) in KCSE (or equivalent). For first-year, government-sponsored students, the first-semester fee is typically around KES 27,525 . Subsequent semesters for continuing students drop to approximately KES 19,525 . Pwani University courses offered in 2026 and fee structure Pwani University offers a list of courses ranging from certificates to PhDs. The university caters for all types of students who may want to enrol with them. However, not all courses are offered at different levels of study. Kenyan top universities where students can access financial aid after intake For instance, a course offered at the degree level may not be available at the certificate level. Knowing the detailed requirements for",,"[""Dholuo"", ""Ekegusii"", ""Somali""]",https://www.tuko.co.ke/261234-pwani-university-courses-offered.html,2022-02-14T19:41:27+03:00,"{""contributor"": ""Iranzi Innocent / data/governance"", ""origin_file"": ""all_psa_export.csv"", ""origin_psa_id"": ""psa_2026_002396"", ""organization"": ""Tuko Education"", ""urgency"": ""low"", ""language"": ""en"", ""source_schema"": ""all_psa_export"", ""src_adapter"": ""generic_html"", ""lang_detected"": ""en"", ""token_count"": 340, ""sentence_count"": 68, ""content_hash"": ""44a6c2e20fc626b4cfff132da0070b2175e623d6b27855f0cc3c277eaf4b75da"", ""quarantine_reason"": ""low_psa_score:0.33"", ""original_psa_id"": ""qpsa_2026_003685"", ""recovered_from"": ""qpsa_2026_003684"", ""recovery"": ""psa_core_extract"", ""strict_psa_pass"": true}"
psa_2026_003833,Governance,"George Ruto: How Schools Ruto’s Youngest Son Attended Shaped His Journey to Becoming Pilot. Education Education George Ruto: How Schools Ruto’s Youngest Son Attended Shaped His Journey to Becoming Pilot Published 22 May 2026 by DanVictor Munene 4 min read George Kimutai Ruto attended Mang'u High School in Kiambu County before joining Strathmore University, where he graduated in 2021 After university, he pursued aviation training in the United Kingdom and is now a licensed pilot registered under the Kenya Airline Pilots Association (KALPA) A video of George flying a helicopter recently went viral on social media, exciting Kenyans who had not seen this side of the president's son Search option is now available at TUKO! Feel free to search the content on topics/people you enjoy reading about in the top right corner ;) George Kimutai Ruto, the youngest son of President William Ruto and First Lady Rachel Ruto, has quietly built a life that sets him apart from Kenya’s political dynasties. George Ruto's passion for aviation was marked by the institutions he attended. Photo: George Ruto, Tropicairkenya. Source: Instagram While his father leads the country from State House, George has carved out his own identity, moving from the classrooms of some of Kenya’s most prestigious schools to the cockpit of a helicopter. For George, the political spotlight that often surrounds his family is not what he envisioned for himself, as he has worked to build a personal legacy beyond his father’s name. Kericho: Needy student gets second chance as well-wisher steps up to fund his education In this article, TUKO.co.ke takes a look at his education journey that eventually led him into aviation. Search option is now available at TUKO! Feel free to search the content on topics/people you enjoy reading about in the top right corner ;) George Ruto at Mang'u High School George began his secondary education at Mang’u High School, joining in 2013. The national school is known for its strong academic reputation and its aviation-related exposure, offering Aviation Technology as an examinable KCSE subject. The programme",,"[""Dholuo"", ""Ekegusii"", ""Somali""]",https://www.tuko.co.ke/education/627033-george-ruto-shares-arsenal-destined-win-premier-league/,2026-05-22T12:40:42+03:00,"{""contributor"": ""Iranzi Innocent / data/governance"", ""origin_file"": ""all_psa_export.csv"", ""origin_psa_id"": ""psa_2026_004246"", ""organization"": ""Tuko Education Deep"", ""urgency"": ""medium"", ""language"": ""en"", ""source_schema"": ""all_psa_export"", ""src_adapter"": ""generic_html"", ""lang_detected"": ""en"", ""token_count"": 340, ""sentence_count"": 40, ""content_hash"": ""762314e6cb0a610eb7216466d33ac23961b89b2ebb002ab3b21b39df6d01fab4"", ""quarantine_reason"": ""low_psa_score:0.33"", ""original_psa_id"": ""qpsa_2026_003689"", ""recovered_from"": ""qpsa_2026_003688"", ""recovery"": ""psa_core_extract"", ""strict_psa_pass"": true}"
psa_2026_003834,Education,"Kenyan Newspapers, May 17: 56k Students Who Qualify for Degree Courses Yet to Apply via KUCCPS. Education Education Kenyan Newspapers, May 17: 56k Students Who Qualify for Degree Courses Yet to Apply via KUCCPS Published 16 May 2026 by Kai Eli 5 min read The newspapers on Sunday, May 17, reported on a range of politics, includuing the Kenya Universities and Colleges Central Placement Service (KUCCPS) report that thousands of sudents who qualify for degree courses are yet to apply for the programmes. PAY ATTENTION: TUKO is in WhatsApp Channels now! Subscribe and read news in favourite messenger. Front pages for Taifa Jumapili and Sunday Nation. Photos: Screengrabs from Taifa Jumapili, Sunday Nation. Source: UGC 1. Sunday Nation KUCCPS revealed that thousands of 2025 KCSE candidates eligible for degree programmes are yet to apply for university placement. Of the 268,714 students who scored C+ and above, 212,510 (79.1%) have submitted their choices, leaving 56,204 qualified candidates unregistered despite the government’s revised student‐centred funding model. The placement portal, which closed on May 6, has been reopened from May 16 to 22 for Form Four leavers to revise or submit new applications. Provisional placements have been communicated via SMS and the KUCCPS portal, while unsuccessful applicants have been asked to reapply. Search option is now available at TUKO! Feel free to search the content on topics/people you enjoy reading about in the top right corner ;) KUCCPS CEO Agnes Mercy Wahome urged all qualified students yet to apply, as well as those without a course, to log in and make fresh selections. KUCCPS reopens portal for new university and colleges applications She noted that high‐demand programmes such as Medicine, Nursing, Pharmacy, and Engineering were filled in the first round and have now been removed from the portal. Students who missed out are encouraged to choose from available alternatives. Education experts point to subject requirements, costs, course relevance, and alternative pathways as reasons for low uptake, with many students opting for TVET institutions, KMTC, or Utalii College for practical skills and quicker job",,"[""Dholuo"", ""Ekegusii"", ""Somali""]",https://www.tuko.co.ke/education/626472-kuccps-outlines-courses-application/,2026-05-16T23:59:30+03:00,"{""contributor"": ""Iranzi Innocent / data/governance"", ""origin_file"": ""all_psa_export.csv"", ""origin_psa_id"": ""psa_2026_004255"", ""organization"": ""Tuko Education Deep"", ""urgency"": ""medium"", ""language"": ""en"", ""source_schema"": ""all_psa_export"", ""src_adapter"": ""generic_html"", ""lang_detected"": ""en"", ""token_count"": 340, ""sentence_count"": 56, ""content_hash"": ""991c42ef13ad202b97f8465c46285e0d23db30cd4e1bda73c1ba18e5df9a4a0e"", ""quarantine_reason"": ""low_psa_score:0.33"", ""original_psa_id"": ""qpsa_2026_003690"", ""recovered_from"": ""qpsa_2026_003689"", ""recovery"": ""psa_core_extract"", ""strict_psa_pass"": true}"
psa_2026_003835,Governance,"Temporary Importation of Foreign Motor Vehicle Permits. Temporary Importation of Foreign Motor Vehicle Permits Temporary Importation of Foreign Motor Vehicle Permits Pursuant to the East African Community Customs Management Regulation (EACCMR) 2010 , ( Regulation 136 and 137) and the Traffic Act, Rule 7A ( 3). The following are required for application of Temporary Importation of a Foreign Registered Motor Vehicle. Applications can be done online/manually. To obtain a Temporary Importation of Road Vehicles Form (Form C32) / International Circulation Permit from Country of Origin (Carnet de Passage en Douane) , an individual MUST:- Be a foreigner with foreign identification Have a valid work permit or proof of residency in a Partner State, if Kenyan. Have the foreign Motor Vehicle Registration Book in his/her name. Have a valid Power of Attorney from the Motor Vehicle Owner, in case the operator, is an agent of the owner. To make an application for a foreign permit, an individual will require:- A valid Form C32 or an endorsed valid International Circulation Permit from Country of Origin (Carnet de Passage en Douane) Certificate of COMESA Insurance or Valid Insurance Cover. Make an online account on eCitizen which will be used to make the application. Note that the initial application of the Foreign Permit will be done upon entry into the country and will be issued based on the following categories: - A paid up foreign permit will be issued to vehicles on tour in Kenya and with an International Circulation Permit from Country of Origin (Carnet de passage en douane). A free fourteen-day temporary permit will be issued at entry points to vehicles entering Kenya only with a Form C32. On expiry of fourteen days or granted period, the applicant, may seek an extension of a period not exceeding ninety (90) days of their Form C32 and Foreign Permits from the Customs and Border Control Department, Border Control and Enforcement offices . For any further clarification call our contact centre on Tel: 020 4999 999 / 0711 099999 or Email: enforcementhq@kra.go.ke 💬 Address Times",,"[""Dholuo"", ""Ekegusii"", ""Somali""]",https://www.kra.go.ke/news-center/public-notices/1870-foreign-motor-vehicle-notice,,"{""contributor"": ""Iranzi Innocent / data/governance"", ""origin_file"": ""all_psa_export.csv"", ""origin_psa_id"": ""psa_2026_000316"", ""organization"": ""Kenya Revenue Authority"", ""urgency"": ""low"", ""language"": ""en"", ""source_schema"": ""all_psa_export"", ""src_adapter"": ""generic_html"", ""lang_detected"": ""en"", ""token_count"": 340, ""sentence_count"": 14, ""content_hash"": ""814db33831b8227b86a3c29c5b25b73446a01e6b1d4e4858fd0cc1b8918f16b6"", ""original_psa_id"": ""qpsa_2026_003695"", ""quarantine_reason"": ""low_psa_score:0.31"", ""recovered_from"": ""qpsa_2026_003694"", ""recovery"": ""psa_core_extract"", ""strict_psa_pass"": true}"
psa_2026_003836,Education,"Africa’s healthcare worker shortage keeps focus on medical training as SGU graduates new doctors. Africa’s healthcare worker shortage keeps focus on medical training as SGU graduates new doctors By: PHIDEL KIZITO | 4th Jul 2026 | 2 min read Listen courtesy NAIROBI, Kenya, July 4- The growing shortage of healthcare professionals across Africa is placing renewed focus on medical education, as governments seek to build a workforce capable of meeting rising demand for healthcare services driven by population growth, urbanization and an increasing burden of disease. Against this backdrop, St. George’s University (SGU) School of Medicine has graduated a new cohort of medical students from across the continent during a commencement ceremony held in Gaborone, Botswana. The graduation comes as many African countries continue to grapple with low doctor-to-patient ratios, with policymakers increasingly looking to expand medical training and retain skilled professionals to strengthen healthcare systems. Botswana’s Minister of Health and SGU alumnus, Dr. Stephen Modise, said medical professionals have an important role to play in improving healthcare services. “Healthcare is, above all, a profession of service. Every graduate we celebrate today represents years of dedication, sacrifice and perseverance, and each has the potential to make a meaningful difference in the lives of patients and communities.” You might also like St. Andrew’s Turi Partners SGU to Expand Medical Education Pathways Bus crash kills 20 pupils returning from school trip UN: Over 48mn in East Africa require urgent food aid in 2026 “Botswana has benefited greatly from healthcare professionals who have pursued medical education internationally and returned home with the knowledge, skills and commitment to strengthen our health system. I congratulate today’s graduates and encourage them to continue serving with excellence, integrity and compassion as they help shape the future of healthcare in Botswana and across Africa.” The ceremony brought together graduates, government officials, healthcare professionals and representatives from the University of Botswana for degree conferrals, hooding ceremonies and the administration of the academic oath. The event comes as countries across the continent continue to invest in expanding the healthcare workforce",,"[""Dholuo"", ""Ekegusii"", ""Somali""]",https://capitalfm.africa/africas-healthcare-worker-shortage-keeps-focus-on-medical-training-as-sgu-graduates-new-doctors/,2026-07-04T09:36:29+03:00,"{""contributor"": ""Iranzi Innocent / data/governance"", ""origin_file"": ""all_psa_export.csv"", ""origin_psa_id"": ""psa_2026_001650"", ""organization"": ""Capital FM Kenya"", ""urgency"": ""high"", ""language"": ""en"", ""source_schema"": ""all_psa_export"", ""src_adapter"": ""generic_html"", ""lang_detected"": ""en"", ""token_count"": 340, ""sentence_count"": 15, ""content_hash"": ""d841f62965b150f0783c73151629ca444c36bed31f57f66122d3ae224c59954f"", ""original_psa_id"": ""qpsa_2026_003759"", ""quarantine_reason"": ""low_psa_score:0.33"", ""recovered_from"": ""qpsa_2026_003757"", ""recovery"": ""psa_core_extract"", ""strict_psa_pass"": true}"
psa_2026_003837,Health,"Untitled. Nairobi — The Court of Appeal has ordered a fresh review of a disputed Kenya Electricity Generating Company (KenGen) carbon credits tender, ruling that procurement entities cannot introduce new evaluation criteria during the due diligence stage of a tender process. In a judgment delivered on July 10, the appellate court allowed an appeal by Sintmond Group Limited, overturned a decision by the Public Procurement Administrative Review Board (PPARB) and directed that the dispute be heard afresh by a differently constituted review panel. The case concerns Tender No. KGN-SALE-005-2025 for the sale of Certified Emission Reductions (CERs), commonly known as carbon credits, which have become an increasingly valuable asset in global climate finance markets. Sintmond Group challenged the evaluation of its bid, arguing that although it had initially met one of the mandatory tender requirements, KenGen later introduced additional evaluation standards during the due diligence process. Follow us on WhatsApp | LinkedIn for the latest headlines The company maintained that the new requirements effectively altered the rules of the competition after bids had already been submitted. The Court of Appeal agreed, holding that while procuring entities have the right to conduct due diligence, the exercise must be confined to verifying information already provided by bidders and cannot be used to impose fresh conditions. ""Such due diligence must remain anchored to the disclosed tender criteria."" ""It may not be used to introduce fresh evaluative criteria, impose new benchmarks, or require compliance through a different category of evidence."" The judges said allowing procuring entities to change evaluation standards after bid submission would undermine the principles of fairness, transparency and equal treatment enshrined in Kenya's public procurement framework. Rather than determine the successful bidder, the court directed the PPARB to reconsider the dispute before a new panel while applying the legal principles set out in the judgment, particularly on the limits of due diligence under Section 83 of the Public Procurement and Asset Disposal Act. The ruling is expected to shape future public procurement processes, especially for complex transactions involving carbon markets, climate",,"[""Dholuo"", ""Ekegusii"", ""Somali""]",https://allafrica.com/stories/202607130727.html,,"{""contributor"": ""Iranzi Innocent / data/governance"", ""origin_file"": ""all_psa_export.csv"", ""origin_psa_id"": ""psa_2026_003400"", ""organization"": ""AllAfrica Kenya"", ""urgency"": ""low"", ""language"": ""en"", ""source_schema"": ""all_psa_export"", ""src_adapter"": ""generic_html"", ""lang_detected"": ""en"", ""token_count"": 340, ""sentence_count"": 17, ""content_hash"": ""c701eac2812a94dc6623fe16e024e1c77d7ba08ec68f7845d47ab36148d70641"", ""original_psa_id"": ""qpsa_2026_003883"", ""quarantine_reason"": ""low_psa_score:0.31"", ""recovered_from"": ""qpsa_2026_003881"", ""recovery"": ""psa_core_extract"", ""strict_psa_pass"": true}"
psa_2026_003838,Security,"Untitled. The Committee to Protect Journalists (CPJ) has called for an investigation into the attempted kidnapping of a senior journalist in Kenya, which followed angry criticism of his newspaper by President William Ruto. The CPJ called late on Monday on Kenyan authorities to investigate this attempt by heavily armed men to snatch The Standard Group associate editor Alex Kiprotich from his car, and to ensure that those behind the incident are brought to justice. The incident happened days after the president criticised the media house. ""The attempt to forcibly disappear Alex Kiprotich, three days after President William Ruto railed against The Standard Group, reflects the growing dangers that journalists face in Kenya , despite the president's earlier promise to allow the press to work freely,"" said CPJ Africa director Angela Quintal. Follow us on WhatsApp | LinkedIn for the latest headlines ""Kenyan authorities must respect the democratic role of the media in commenting on the government's achievements and shortcomings ahead of next year's elections and bring an end to this horrific trend of enforced disappearances,"" she added. Uganda army chief shuts down media group amid widespread curb on free speech Criticism and threats On 27 June, Kiprotich was driving to work in the central city of Nakuru when a car intercepted him and three men in plain clothes, armed with AK-47 assault rifles, stepped out, the journalist told CPJ. Kiprotich said his assailants were in a Toyota Probox, a car that has been used to seize numerous activists in Kenya, which investigations by The Standard Group found was owned by the police's Crime Research and Intelligence Bureau (CRIB). One assailant opened the passenger door to check that Kiprotich was alone and then walked towards the driver's side. Kiprotich said he locked all the doors and sped away. ""As the editor responsible for The Standard's content, I knew I had become a target,"" said Kiprotich, adding that he and a witness gave statements at the local police station. Press freedom at lowest level in 25 years, warns Reporters Without Borders On",,"[""Dholuo"", ""Ekegusii"", ""Somali""]",https://allafrica.com/stories/202607080474.html,,"{""contributor"": ""Iranzi Innocent / data/governance"", ""origin_file"": ""all_psa_export.csv"", ""origin_psa_id"": ""psa_2026_003854"", ""organization"": ""AllAfrica Kenya Latest"", ""urgency"": ""emergency"", ""language"": ""en"", ""source_schema"": ""all_psa_export"", ""src_adapter"": ""generic_html"", ""lang_detected"": ""en"", ""token_count"": 340, ""sentence_count"": 23, ""content_hash"": ""7731db738b1db6ea1bb5fcdb161451fcd30419fa12b23847ac4bd58c7cf61c48"", ""original_psa_id"": ""qpsa_2026_003938"", ""quarantine_reason"": ""low_psa_score:0.31"", ""recovered_from"": ""qpsa_2026_003936"", ""recovery"": ""psa_core_extract"", ""strict_psa_pass"": true}"
psa_2026_003839,Health,"Untitled. Nairobi — The High Court has quashed the Salaries and Remuneration Commission's (SRC) decision setting the remuneration and benefits of Kenya's ambassadors, high commissioners and diplomatic representatives, ruling that the process violated the Constitution. Justice Bahati Mwamuye found that the SRC failed to conduct meaningful public participation before approving the remuneration package and unlawfully failed to properly determine the Foreign Service Allowance. The court declared unconstitutional the SRC's decision made on March 29, 2024 and communicated to the Ministry of Foreign and Diaspora Affairs through a letter dated May 24, 2024. The petition was filed by Eliud Karanja Matindi, who argued that the commission set the remuneration and benefits without public participation and improperly referred to ""current rates"" for the Foreign Service Allowance without disclosing how those rates had been determined. Keep up with the latest headlines on WhatsApp | LinkedIn In its judgment, the court held that the public participation exercise relied upon by SRC was conducted before the job evaluation for the diplomatic positions and therefore could not satisfy the constitutional requirement for meaningful public participation on the specific remuneration package eventually approved. The judge also found that while there was no evidence of formal delegation of SRC's constitutional mandate, the commission failed to properly discharge its responsibility by referring to unspecified ""current rates"" for the Foreign Service Allowance without demonstrating that it had itself determined those rates. The court, however, rejected the petitioner's argument that the remuneration package was invalid simply because it had not been published in the Kenya Gazette, holding that neither the Constitution nor the Salaries and Remuneration Commission Act makes gazettement a mandatory requirement for such decisions. Although it quashed the remuneration decision, the court suspended the effect of its orders for 190 days to allow the SRC to conduct fresh public participation and lawfully determine the remuneration and benefits. During the transition period, the existing remuneration and benefits will continue to be paid to avoid disruption of Kenya's foreign missions, but the SRC must specifically determine the Foreign Service Allowance instead",,"[""Dholuo"", ""Ekegusii"", ""Somali""]",https://allafrica.com/stories/202607070259.html,,"{""contributor"": ""Iranzi Innocent / data/governance"", ""origin_file"": ""all_psa_export.csv"", ""origin_psa_id"": ""psa_2026_003913"", ""organization"": ""AllAfrica Kenya Latest"", ""urgency"": ""medium"", ""language"": ""en"", ""source_schema"": ""all_psa_export"", ""src_adapter"": ""generic_html"", ""lang_detected"": ""en"", ""token_count"": 340, ""sentence_count"": 10, ""content_hash"": ""ecb0a4a1e0be8fae93e67ec451ae76bed9d2d4adbf4aab2ba1030eb1765a463a"", ""original_psa_id"": ""qpsa_2026_003939"", ""quarantine_reason"": ""low_psa_score:0.31"", ""recovered_from"": ""qpsa_2026_003937"", ""recovery"": ""psa_core_extract"", ""strict_psa_pass"": true}"
psa_2026_003840,Education,"Untitled. Nairobi — Lawmakers, civil society organisations and media leaders have launched a coordinated campaign to push for the full implementation of Kenya's constitutional two-thirds gender rule ahead of the 2027 General Election. Speaking during a high-level forum convened by Mzalendo Trust, the Kenya Women Parliamentary Association (KEWOPA) and the National Democratic Institute (NDI), participants said the country can no longer afford delays in implementing Article 81(b) of the Constitution. KEWOPA Vice Chairperson Senator Catherine Mumma urged legislators to put aside political rivalries and unite behind the proposed constitutional amendment, warning that failure by the 13th Parliament to pass the reforms would amount to a historic missed opportunity. The Nominated Senator said important Bills are often opposed not because of their content, but because of the individuals sponsoring them. Keep up with the latest headlines on WhatsApp | LinkedIn She warned that the current Parliament would be judged harshly if it failed to enact constitutional reforms guaranteeing greater representation of women before the 2027 General Election. ""Honourable Mudavadi is reminding me it will be very shameful of us in the 13th Parliament if we do not manage to push through the two-thirds gender principle."" ""People will fight because it came through, say, Veronica or Daisy and say, 'Let's defeat that motion so that those two women do not walk away with this victory.' Did you know it gets that petty?"" Mumma added. Mzalendo Trust presented data showing that while women legislators continue to champion key legislation on gender-based violence, public health, disability rights and civil registration, they remain underrepresented in parliamentary leadership. According to the report, women lawmakers have sponsored some of the most impactful legislation in the 12th and 13th Parliaments. However, the Senate Speaker's Panel is the only parliamentary leadership category that meets the constitutional one-third gender threshold, with women accounting for 33 percent of its membership. The report further found that key decision-making organs remain below the constitutional minimum, with women occupying 28 percent of positions on the National Assembly Speaker's Panel and 25 percent of the",,"[""Dholuo"", ""Ekegusii"", ""Somali""]",https://allafrica.com/stories/202607070033.html,,"{""contributor"": ""Iranzi Innocent / data/governance"", ""origin_file"": ""all_psa_export.csv"", ""origin_psa_id"": ""psa_2026_003924"", ""organization"": ""AllAfrica Kenya Latest"", ""urgency"": ""high"", ""language"": ""en"", ""source_schema"": ""all_psa_export"", ""src_adapter"": ""generic_html"", ""lang_detected"": ""en"", ""token_count"": 340, ""sentence_count"": 20, ""content_hash"": ""d537bc42af09b763786204ccf800d055a0af7cdeffb615194b68974ac257665c"", ""original_psa_id"": ""qpsa_2026_003940"", ""quarantine_reason"": ""low_psa_score:0.31"", ""recovered_from"": ""qpsa_2026_003938"", ""recovery"": ""psa_core_extract"", ""strict_psa_pass"": true}"
psa_2026_003841,Health,"Untitled. Nairobi — Narok Senator Ledama Olekina has called for the nationwide removal of billboards erected on road reserves, arguing that the ongoing crackdown in Nairobi should be expanded to all counties to improve road safety and restore order in urban centres. The senator said many towns across the country have become increasingly congested with advertising structures that obstruct visibility, undermine urban planning, and endanger both motorists and pedestrians. ""The recent directive by the President to remove billboards from road reserves in Nairobi was a step in the right direction. However, this action should not be limited to the capital. It must be extended to Narok and all other counties facing similar challenges,"" Olekina said. He singled out Narok Town as an example of poor urban planning, claiming that billboards mounted along its main street now outnumber road signs. Keep up with the latest headlines on WhatsApp | LinkedIn ""Along its main street, the number of billboards mounted on road reserves now exceeds the number of road signs. These billboards are placed barely 50 metres apart, obstructing visibility and posing a serious risk to motorists and pedestrians alike,"" he said. According to the senator, the problem becomes more severe during peak traffic hours when the advertising structures contribute to congestion and make movement through the town difficult and unsafe. Olekina argued that the issue extends beyond aesthetics, describing it as one of public safety, urban planning, and responsible governance. He also linked the state of many urban centres to broader governance challenges, saying county headquarters across Kenya have suffered from inadequate planning and neglect. ""We must confront an uncomfortable truth: as leaders, we have not done enough for our society,"" he said. ""The widening gap between the rich and the poor is becoming more evident each day, and its impact is especially visible among Generation Alpha, who are growing up in increasingly unequal conditions."" The senator said restoring order in towns should be a national priority, urging both the national and county governments to enforce planning regulations consistently across the",,"[""Dholuo"", ""Ekegusii"", ""Somali""]",https://allafrica.com/stories/202606290131.html,,"{""contributor"": ""Iranzi Innocent / data/governance"", ""origin_file"": ""all_psa_export.csv"", ""origin_psa_id"": ""psa_2026_004069"", ""organization"": ""AllAfrica Kenya Latest"", ""urgency"": ""emergency"", ""language"": ""en"", ""source_schema"": ""all_psa_export"", ""src_adapter"": ""generic_html"", ""lang_detected"": ""en"", ""token_count"": 340, ""sentence_count"": 21, ""content_hash"": ""e5d3b6d6a416e8e0e7fc541f0c5e028f04541ef422b3402324d43bc5bf56a409"", ""original_psa_id"": ""qpsa_2026_003944"", ""quarantine_reason"": ""low_psa_score:0.31"", ""recovered_from"": ""qpsa_2026_003942"", ""recovery"": ""psa_core_extract"", ""strict_psa_pass"": true}"
psa_2026_003842,Health,"Untitled. Nairobi — The Office of the Director of Public Prosecutions (DPP) has closed its case against six Iranian nationals accused of trafficking more than one tonne of methamphetamine worth Sh8.2 billion, paving the way for the court to determine whether they have a case to answer. The prosecution formally concluded its case before the Shanzu Chief Magistrate's Court after calling 12 witnesses, including lead investigating officer Inspector Shadrack Kemei, who detailed how Kenyan security agencies intercepted a vessel carrying the massive narcotics haul on the high seas. Inspector Kemei testified that the Anti-Narcotics Unit received intelligence on October 19, 2025, indicating that the Kenya Navy had launched an operation to intercept a suspicious vessel believed to be transporting narcotic drugs. ""The following day, the Navy confirmed the interception of the vessel, identified as a 'dark vessel' for allegedly operating without an Automatic Identification System (AIS), before escorting it to Kenyan waters,"" the DPP said. Follow us on WhatsApp | LinkedIn for the latest headlines The court heard that investigators obtained search warrants from the Mombasa Law Courts on October 24, 2025, authorising detectives to board, search, seize and detain the vessel. The search was conducted jointly by officers from the Anti-Narcotics Unit, the Kenya Navy and the Kenya Coast Guard Service. Upon boarding the vessel, detectives recovered two packets containing a white crystalline substance. Preliminary field tests confirmed the substance was methamphetamine with an estimated purity of about 98 per cent, prompting a comprehensive search after the vessel docked at the Kenya Navy's Mtongwe Jetty. Investigators later discovered 769 packets of methamphetamine concealed in six of the vessel's seven compartments. Authorities seized both the narcotics and the vessel before arresting the six crew members. They are; Jaseem Darzadeh Nia, Nadeem Jadgal, Hassan Baloch, Raheem Baksh, Imran Baloch and Imtiyaz Daryay. Further investigations led to the recovery of five mobile phones and four SIM cards, which were subjected to forensic examination at the Anti-Terrorism Police Unit (ATPU) Cyber Forensics Laboratory. A government-supervised weighing exercise established that the seized drugs weighed",,"[""Dholuo"", ""Ekegusii"", ""Somali""]",https://allafrica.com/stories/202606260496.html,,"{""contributor"": ""Iranzi Innocent / data/governance"", ""origin_file"": ""all_psa_export.csv"", ""origin_psa_id"": ""psa_2026_004098"", ""organization"": ""AllAfrica Kenya Latest"", ""urgency"": ""medium"", ""language"": ""en"", ""source_schema"": ""all_psa_export"", ""src_adapter"": ""generic_html"", ""lang_detected"": ""en"", ""token_count"": 340, ""sentence_count"": 26, ""content_hash"": ""3143d054374f4d5f258935055915fa566fbec29674b0b2c12fd5a95b5545299b"", ""original_psa_id"": ""qpsa_2026_003946"", ""quarantine_reason"": ""low_psa_score:0.33"", ""recovered_from"": ""qpsa_2026_003944"", ""recovery"": ""psa_core_extract"", ""strict_psa_pass"": true}"
psa_2026_003843,Agriculture,"‎Maara MP supports CBO, pledges Assistant Chief’s office construction. Maara Member of Parliament Kareke Mbiuki has donated tents with a combined capacity of 100 people and Sh100,000 to Muungano Welfare Miriingi Community-Based Organization (CBO) to support its income-generating activities.‎ Speaking during a ceremony held at Kirumi Location in Mwimbi Sub-county, Mbiuki said the donation was in response to the group’s request and would enable members to hire out the tents during social functions, generating income to improve their livelihoods and strengthen their welfare.‎ The MP commended the members for demonstrating self-reliance by purchasing chairs using their own resources, urging them to continue working together and investing in sustainable projects. “I will continue supporting this newly established CBO, but it is important that the group has a clear vision and development plan. Some welfare groups rely entirely on politicians for funding without well-defined objectives. Remain united, support your local leaders and avoid internal wrangles that could weaken the welfare,” said Mbiuki.‎ He also called on residents to shun divisive politics, saying unity among the three constituencies in Tharaka Nithi County was essential for equitable development.‎ “No part of the county should be sidelined because every constituency is important and deserves equal development,” he said.‎ Mbiuki further said that if elected Governor in the 2027 General Election, he would revive programmes that previously benefited farmers, including the distribution of free fertiliser and maize seeds, and complete stalled development projects to boost agricultural production.‎ The legislator also pledged to construct an office for Kirumi sub location Assistant Chief at Miriingi near the cattle dip on land identified by residents as the most central and accessible location for the community.‎ Residents welcomed the donations and the development commitments, expressing optimism that the support would strengthen the welfare group and improve service delivery in the area. By Dickson Mwiti and Beatrice Mwende",,"[""Dholuo"", ""Ekegusii"", ""Somali""]",https://www.kenyanews.go.ke/%e2%80%8emaara-mp-supports-cbo-pledges-assistant-chiefs-office-construction/,2026-07-21T15:33:47+00:00,"{""contributor"": ""Leona Kamau / data/education"", ""origin_file"": ""psa_dataset_final.csv"", ""origin_psa_id"": ""GOV_KENYA_NEWS_AGENCY_0311"", ""sub_category"": ""Crop Production"", ""urgency"": ""Normal"", ""audience"": ""Farmers"", ""psa_score"": ""2"", ""lang_detected_source"": ""en"", ""source_schema"": ""psa_dataset_final"", ""lang_detected"": ""en"", ""token_count"": 307, ""sentence_count"": 6, ""content_hash"": ""5bb6fcefa3bcf688eaa3cb4afcd3ecc4fdd7252f802e65d648da3899c6e2d9ba"", ""original_psa_id"": ""qpsa_2026_003955"", ""quarantine_reason"": ""low_psa_score:0.34"", ""recovered_from"": ""qpsa_2026_003953"", ""recovery"": ""psa_core_extract"", ""strict_psa_pass"": true}"
psa_2026_003844,Governance,"Commission appeals for Faith Based Organization (FBOs) support in voter registration24th Sep 2021. The Commission has reached out to Faith Based Organizations (FBOs) to use the sanctity of the pulpit and direct reach to the congregants to rally support for planned Enhanced Continuous Voter Registration (ECVR), which kicks off from October 4 to November 2. With a target of 6 million new registrations, the Commission Chairman Wafula Chebukati has called on the religious organizations to adopt a collective responsibility and ensure Kenya has a peaceful free and fair General Election on August 9, 2022. “As a Commission, our fidelity is to the law and not to an individual or authority. I want to appeal to you FBOs as our major stakeholders, to extend your support to the Commission for us to extensively undertake a successful General Election slated for 9th August, 2022,” said Chebukati. The Commission will conduct its planned ECVR from October 4 targeting unregistered voters especially youth 18 years and above, who were not registered in previous exercise and they are in possession of an identity card. “We must be clear that the only document known in law is the ID for purposes of registration and voting,” the Chairman told FBOs representatives in Nairobi. However, Mr. Chebukati noted that the management of elections in Kenya has always been a complex undertaking, which follows a five-year cycle of pre-electoral, electoral and post-electoral phases. These phases culminate into five years of planning, implementation, monitoring and evaluation of various electoral activities within strict legal and administrative timelines. Since its formation, IEBC has conducted two General Elections and three Presidential Elections. The 2022 General Election will be the third in the series. However, since the 2017 General Election, IEBC has also conducted: 42 By-elections – with 3 more upcoming ones on 15 th October and 16 th December, 26 for MCAs and 13 for National Assembly and 3 for Senate; all variously occasioned by deaths, resignations or election petitions. The Chairman underscored the need for collaboration to held the Commission execute its",,"[""Dholuo"", ""Ekegusii"", ""Somali""]",https://www.iebc.or.ke/news/?Commission_appeals_for_Faith_Based_Organization_(FBOs)_support_in_voter_registration,,"{""contributor"": ""Iranzi Innocent / data/governance"", ""origin_file"": ""all_psa_export.csv"", ""origin_psa_id"": ""psa_2026_000642"", ""organization"": ""Independent Electoral and Boundaries Commission"", ""urgency"": ""medium"", ""language"": ""en"", ""source_schema"": ""all_psa_export"", ""src_adapter"": ""generic_html"", ""lang_detected"": ""en"", ""token_count"": 340, ""sentence_count"": 37, ""content_hash"": ""7dbe3095ff0995943cef6ccdb080c1374510627c6bdb0c2efb5ee31bec81b9cb"", ""quarantine_reason"": ""low_psa_score:0.31"", ""original_psa_id"": ""qpsa_2026_003956"", ""recovered_from"": ""qpsa_2026_003954"", ""recovery"": ""psa_core_extract"", ""strict_psa_pass"": true}"
psa_2026_003845,Health,"How Kenya's health system is responding to devastating floods. WHO Africa / Countries / Kenya / How Kenya's health system is responding to devastating floods How Kenya's health system is responding to devastating floods 10 April 2026 | News Release | Reading time: 4 min How Kenya's health system is responding to devastating floods More pictures More images Catherine Kemuto had no warning when the floodwaters came. The 32-year-old mother of five from Gatwekera in Kibera sub-county, Nairobi County, returned home to find everything submerged, including her children's vaccination records. A week of displacement left her children ill, and access to safe water remained a struggle long after the floods receded. ""It was so abrupt and vicious this time. I lost most of my things, including all the vaccination documents,"" she said. Seasonal long rains have caused widespread flooding across Kenya, resulting in loss of life, destruction of critical infrastructure, mass displacement, and significant disruption to health services. As of 30 March 2026, flooding had claimed 112 lives across 27 counties. Impassable roads, damaged water systems, power outages, and school closures severely limited communities' access to essential services. Health facilities were also directly affected, with several inundated and forced to scale down or suspend services. In Kiambu County, for example, Gachororo Health Centre was identified during rapid assessments as one of the facilities impacted by flooding, illustrating the strain on primary healthcare delivery. Flooding creates immediate public health crises by contaminating water sources and destroying infrastructure. This particularly endangers vulnerable groups like children, seniors, and the chronically ill as displacement rapidly cuts off access to essential medications, vaccines, and routine medical care. ""The impact of the long rains underscores the importance of preparedness, early warning, and coordinated response. Strengthening disease surveillance, maintaining access to safe water and sanitation, and safeguarding continuity of essential health services are all critical during this period,"" said Dr. Neema Rusibamayila Kimambo, Acting WHO representative to Kenya A multiagency Vulnerability, Risk, Capacity Assessment identified critical gaps in county health departments' ability to manage displaced populations and",,"[""Dholuo"", ""Ekegusii"", ""Somali""]",https://www.afro.who.int/countries/kenya/news/how-kenyas-health-system-responding-devastating-floods,,"{""contributor"": ""Iranzi Innocent / data/governance"", ""origin_file"": ""all_psa_export.csv"", ""origin_psa_id"": ""psa_2026_001070"", ""organization"": ""WHO Kenya"", ""urgency"": ""emergency"", ""language"": ""en"", ""source_schema"": ""all_psa_export"", ""src_adapter"": ""generic_html"", ""lang_detected"": ""en"", ""token_count"": 340, ""sentence_count"": 38, ""content_hash"": ""e36c4681bb2c9de30f3b51b942619bb268d289594f6f6a09d247da6e7e0dc879"", ""quarantine_reason"": ""low_psa_score:0.33"", ""original_psa_id"": ""qpsa_2026_003961"", ""recovered_from"": ""qpsa_2026_003959"", ""recovery"": ""psa_core_extract"", ""strict_psa_pass"": true}"
psa_2026_003846,Governance,"Harnessing society resources, modern technology key in effective tax administration.. BACK TO NEWS Harnessing society resources, modern technology key in effective tax administration. There is a growing need to harness broader resources from the society to drive tax collection more effectively. Speaking during the close of the 4 th Annual Tax Summit at the Kenya School of Monetary Studies (KSMS), Nairobi, KRA Commissioner General Mr John Njiraini said that the success of the future of tax administration needs to go beyond the work tax administrators alone. He noted that partnerships between revenue administrators and various stakeholders such as innovators and academicians are a significant injection for effective tax administration. ?The future of tax administration environment will be quite different from the way we know it today. There is therefore a need for tax administrators to get into partnerships with various stakeholders because the knowledge needed to drive tax administration going forward will go beyond what tax administrators possess,? Mr Njiraini said. The Commissioner General (CG) observed that KRA is already leveraging on partnerships with scholars and innovators to enhance the efficacy of tax administration in Kenya . ?These partnerships are very significant especially at this time when we are talking about tax base expansion. Speaking of tax base expansion, most ideas on tax base expansion have come from the techsavvy members of our society and the analysis on the proposed ideas shows that they are viable ideas,? he noted. Mr Njirani indicated that as much as tax base expansion is a global challenge that most tax administrators are grappling with, the success of this programme requires bold approaches. He said that one of the approaches KRA is leveraging on is access to various data sources. As the government prepares to implement the presumptive tax regime for small scale enterprises, the CG observed that KRA shall explore ways to refine the regime so that it works even better for the country. Presumptive tax, which shall be based on single permit fees for the small scale traders, was proposed by the Cabinet",,"[""Dholuo"", ""Ekegusii"", ""Somali""]","https://www.kra.go.ke/news-center/news/409-harnessing-society-resources,-modern-technology-key-in-effective-tax-administration",,"{""contributor"": ""Iranzi Innocent / data/governance"", ""origin_file"": ""all_psa_export.csv"", ""origin_psa_id"": ""psa_2026_001869"", ""organization"": ""Kenya Revenue Authority"", ""urgency"": ""low"", ""language"": ""en"", ""source_schema"": ""all_psa_export"", ""src_adapter"": ""generic_html"", ""lang_detected"": ""en"", ""token_count"": 340, ""sentence_count"": 44, ""content_hash"": ""fd8b92bac3008e3813dd2052ce7940e04fe244201974fe016e5639985305ea82"", ""quarantine_reason"": ""low_psa_score:0.31"", ""original_psa_id"": ""qpsa_2026_003967"", ""recovered_from"": ""qpsa_2026_003965"", ""recovery"": ""psa_core_extract"", ""strict_psa_pass"": true}"
psa_2026_003847,Governance,"Alliance High School fee structure, entry marks, dormitories, and address. Education Education Alliance High School fee structure, entry marks, dormitories, and address Published 20 Apr 2022 Updated 9 May 2026 by Simon Ayub , Peris Walubengo 8 min read Alliance High School is a boys' secondary school in Kenya . Founded in 1926 by an alliance of Protestant missionaries, it was the first school to offer education to African boys during the colonial period. Over the years, the prestigious learning institution has proven to be one of the best by producing well-moulded alumni. Alliance High School was founded on 1 March 1926 by the Alliance of Protestant Missions. Photo: @visitunon, @Alliance High School (modified by author) Source: UGC TABLE OF CONTENTS Key takeaways Alliance High School history Admission requirements and enrolment procedure Alliance High School's fee structure in 2026 School activities Chess club The Alliance High School Band (Men In Brass) Golf club Research club Alliance High School uniform Alliance High School dormitories Notable school alumni Where is Alliance High School located near Nairobi? What does the Alliance High School logo look like? Who is the Alliance High School principal? What does Alliance High School offer? Is Alliance High School a private school? How old is Alliance School? + View more Key takeaways Alliance High School is widely considered the S.I. unit for education standards in Kenya. It ranks among the top national schools in Kenya with a remarkable track record. The prestigious high school, home to some of the brightest minds in the country, typically admits students who score 400 marks or above . Alliance High School history The Alliance High School (popularly known as Bush) was established on 1 March 1926 by the Alliance of Protestant Churches – The Church of Scotland Mission (now known as the Presbyterian Church of East Africa, or PCEA). Kenya University Students Organisation Patron Kagure Urges Students to Register as Voters Alliance was one of the first high schools in Kenya during a time when white settlers believed that Africans were best suited",,"[""Dholuo"", ""Ekegusii"", ""Somali""]",https://www.tuko.co.ke/260425-alliance-high-school-kenya-fee-structure.html,2022-04-20T14:07:00+03:00,"{""contributor"": ""Iranzi Innocent / data/governance"", ""origin_file"": ""all_psa_export.csv"", ""origin_psa_id"": ""psa_2026_004280"", ""organization"": ""Tuko Education Deep"", ""urgency"": ""low"", ""language"": ""en"", ""source_schema"": ""all_psa_export"", ""src_adapter"": ""generic_html"", ""lang_detected"": ""en"", ""token_count"": 340, ""sentence_count"": 112, ""content_hash"": ""e910f80450e5f82937256f10f3734f28fb3bd3db1eb85609c42e712c96b33440"", ""quarantine_reason"": ""low_psa_score:0.33"", ""original_psa_id"": ""qpsa_2026_004021"", ""recovered_from"": ""qpsa_2026_004018"", ""recovery"": ""psa_core_extract"", ""strict_psa_pass"": true}"
psa_2026_003848,Governance,"Ethiopian Civil Society Organisations for Elections tours IEBC, studies strategies to promote womens participation in polls6th Nov 2025. The Independent Electoral and Boundaries Commission (IEBC), led by Vice Chairperson Fahima Araphat Abdallah, OGW, hosted a delegation from the Coalition of Ethiopian Civil Society Organizations for Elections (CECOE) under the National Election Board of Ethiopia (NEBE) who are in the country for a study visit on strategies the Commission deploys to promote women’s participation in the electoral processes. The Vice Chairperson noted that even though Kenya has made progress in enhancing inclusion, participation of women in the electoral process is still a matter of concern, as they remain underrepresented. “There is need for targeted interventions to attain minimum requirements of gender equity to promote political representation,” she said. The Commission has put in place supportive legal and institutional structures, but women still face challenges in attaining equal participation and representation in Kenya due to societal contextual/cultural, religious factors, formal and informal rules and norms/gender roles. The Commission has made significant strides towards promoting the political participation of women, not only as voters, but also as candidates through development and implementation of a gender and social inclusion policy, cut down to half the nomination fees for women compared to other categories, rejected Party nomination lists that are not compliant with two-third gender rule. Further, the Commission has a Code of Conduct Enforcement Committee to hear, determine, and penalize candidates and political parties that perpetrate electoral malpractice: violence, intimidation, discrimination and destruction of campaign materials and gender rule. The Vice Chairperson said the Commission has also established Women Coordination Committees (WCC) that has national and grass-root levels which bring together women-led and women",,"[""Dholuo"",""Ekegusii"",""Somali""]","https://www.iebc.or.ke/news/?Ethiopian_Civil_Society_Organisations_for_Elections_tours_IEBC,_studies_strategies_to_promote_womens_participation_in_polls",,"{""origin"": ""scrape_export"", ""quarantine_reason"": ""low_psa_score:0.32"", ""original_psa_id"": ""qpsa_2026_004033"", ""recovered_from"": ""qpsa_2026_004030"", ""recovery"": ""psa_core_extract"", ""token_count"": 280, ""strict_psa_pass"": true}"
psa_2026_003849,Education,"Commission engages Diaspora Affairs to enhance participation of citizens residing outside Kenya in elections29th Sep 2025. The Commission, led by Vice Chairperson Fahima Araphat Abdallah, OGW, held a consultative meeting last week with Roseline Njogu, CBS, Principal Secretary, State Department for Diaspora Affairs (SSDA) on modalities to enhance Kenya’s participation in the Diaspora Election processes. Ms. Fahima, representing the Chairperson Erastus Edung Ethekon, acknowledged that Kenyans in diaspora are a valuable national asset, who must be involved in the nation’s democratic and governance process. “They contribute socially, economically and politically to the country. With over one million Kenyans living abroad, diaspora remittances now standing at Ksh 6.5 billions, rank among the top sources of foreign exchange. Therefore, engaging them in national processes, including elections, is both strategic and essential,” said the Vice Chairperson. The Constitution of Kenya and Elections Act of 2011 provide for the progressive realization of voting rights for citizens residing outside Kenya. Since 2013, The Commission has facilitated diaspora participation in Presidential elections in accordance with these legal provisions. The Vice Chairperson further highlighted that in 2022, the Commission facilitated voting in 12 countries including Burundi, Rwanda, Tanzania, Uganda, South Sudan, South Africa, the USA, Canada, the United Kingdom, Germany, the United Arab Emirates (UAE) and Qatar. In the run up to the 2022 General Election, the Commission had a total of 10,443 registered voters in Diaspora. “The Commission faces significant challenges despite these achievements in implementing the Diaspora Election process, including low voter registration numbers, operational and logistical limitations, legal and policy constraints, limited awareness and voter education, and the perception of tokenism,” said Ms Fahima. The Principal Secretary stated that the State Department for Diaspora",,"[""Dholuo"",""Ekegusii"",""Somali""]",https://www.iebc.or.ke/news/?Commission_engages_Diaspora_Affairs_to_enhance_participation_of_citizens_residing_outside_Kenya_in_elections,,"{""origin"": ""scrape_export"", ""quarantine_reason"": ""low_psa_score:0.34"", ""original_psa_id"": ""qpsa_2026_004034"", ""recovered_from"": ""qpsa_2026_004031"", ""recovery"": ""psa_core_extract"", ""token_count"": 280, ""strict_psa_pass"": true}"
psa_2026_003850,Governance,"Commision holds validation workshop to review, align Strategic Plan 2024-20299th Sep 2025. Independent Electoral and Boundaries Commission (IEBC) led by Chairperson Erastus Edung Ethekon, HSC on Friday 29th August, 2025 presided over an internal validation workshop of the Strategic Plan 2024-2029 at Sawela Lodges in Naivasha. The workshop provided a platform for the Commission field and headquarter staff to engage and reflect collectively on the IEBC Vision, Mission, Core Values and responsibility. “The Strategic Plan is a covenant between the Commission and fellow citizens. It binds us to discharge our mandate and functions not only to deliver free, fair and credible elections, but also to deliver boundaries reviews and delimitation,” said Ethekon. He encouraged the participants to reflect on the environment within which IEBC operates because what happened 10 or 5 years ago, may not resonate with the current status. The political, economic, social, technological, environment and legal factors should form the foundation of the plan, reviewed against the risks envisaged and possible mitigation to address them. Prof. Francis Aduol, Chairperson Research, Innovation and ICT Committee, urged the participants to capture issues that will aid in restoring public trust in the Commission electoral processes. “Let the Strategic Plan address the aspects of theme, motto, institutional culture, teamwork and organisational structure, he said. The Strategic Plan is a critical tool that will inform Kenyans on how the Commission will discharge its constitutional mandate, functions, duties and responsibilities. Once the draft Strategic Plan is validated internally, it will also be Commission Secretary/CEO Marjan Hussein Marjan, MBS said that the Secretariat developed the draft Strategic Plan to help the Commission set priorities and guide decision making and should be treated as a working",,"[""Dholuo"",""Ekegusii"",""Somali""]","https://www.iebc.or.ke/news/?Commision_holds_validation_workshop_to_review,_align_Strategic_Plan_2024-2029",,"{""origin"": ""scrape_export"", ""quarantine_reason"": ""low_psa_score:0.32"", ""original_psa_id"": ""qpsa_2026_004035"", ""recovered_from"": ""qpsa_2026_004032"", ""recovery"": ""psa_core_extract"", ""token_count"": 280, ""strict_psa_pass"": true}"
psa_2026_003851,Governance,"Commission engages Mombasa based stakeholders to receive feedback and pursue collaboration on election process28th Aug 2025. The Independent Electoral and Boundaries Commission (IEBC) led by Chairperson Erastus Edung Ethekon, who was accompanied by all Commissioners, on Wednesday 14th August, 2025 held a consultative meeting, on areas of mutual interest and collaboration, with Mombasa based civil society groups, community based organisations, special interest groups and social media influencers to enable the Commission deliver its mandate. The meeting provided a platform for dialogue, feedback and learning between the Commission and these important stakeholders. Ethokon said that the Commission will review the feedback received from the meeting to develop policy, improve strategy and enhance participation in the electoral processes. The Commission will also leverage on the stakeholders’ expertise and vital feedback to enhance participation of all citizens in the electoral activities throughout the three election phases – pre-election, election and post-election phases within the 5-year election cycle. “10th August 2027, may seem far — but election preparedness starts now. Let us promote elections that are peaceful, inclusive, and credible. “To influencers and bloggers: Use your platforms not just for products, but for nation-building....Let’s move from clickbait to truth-bait,” said the Chairperson. “To Gen Z champions: You are not just the future — you are the focus. “To civil society and media: We see you. We respect your watchdog role. Let’s keep engaging —constructively, boldly, and with purpose,” added Erastus Ethekon. The Chairperson thanked the stakeholders, describing them as the real heartbeat of public opinion in Kenya. He noted that their presence in today’s meeting spoke volumes. It showed that they care — not just about the next election — but about the future",,"[""Dholuo"",""Ekegusii"",""Somali""]",https://www.iebc.or.ke/news/?Commission_engages_Mombasa_based_stakeholders_to_receive_feedback_and_pursue_collaboration_on_election_process,,"{""origin"": ""scrape_export"", ""quarantine_reason"": ""low_psa_score:0.32"", ""original_psa_id"": ""qpsa_2026_004036"", ""recovered_from"": ""qpsa_2026_004033"", ""recovery"": ""psa_core_extract"", ""token_count"": 280, ""strict_psa_pass"": true}"
psa_2026_003852,Governance,"Common Reporting Standards: Publication of the List of Reportable Jurisdictions. BACK TO PUBLIC NOTICES Common Reporting Standards: Publication of the List of Reportable Jurisdictions The Kenya Revenue Authority (KRA) wishes to inform Reporting Financial Institutions that, pursuant to the provisions of Regulation 2 of the Tax Procedures (Common Reporting Standards) Regulations, 2023 and in accordance with the powers conferred upon the Commissioner under the Tax Procedures Act, Cap 469B, the list of Jurisdictions that will apply for the purposes of the Common Reporting Standard (CRS) has been published. The reportable jurisdictions are as follows: Albania, Argentina, Australia, Austria, Azerbaijan, Belgium, Brazil, Bulgaria, Chile, China, Colombia, Cook Islands, Costa Rica, Croatia, Curaçao, Czechia, Cyprus, Denmark, Ecuador, Estonia, Finland, France, Georgia, Germany, Ghana, Gibraltar, Greece, Guernsey, Hong Kong, Hungary, Iceland, India, Indonesia, Ireland, Isle of Man, Israel, Italy, Japan, Jersey, Kazakhstan, Korea, Liechtenstein, Lithuania, Luxembourg, Malaysia, Maldives, Malta, Mauritius, Mexico, Moldova, Monaco, Netherlands, New Zealand, Norway, Panama, Peru, Poland, Portugal, Russia, Rwanda, Saint Kitts and Nevis, Saint Lucia, San Marino, Saudi Arabia, Seychelles, Singapore, Slovak Republic, Slovenia, South Africa, Spain, Sweden, Switzerland, Thailand, Turkey, Uganda, Ukraine, United Kingdom, and Uruguay. This list is applicable for information returns related to periods beginning 1 st January 2025. For further information, please contact us on Tel: 0709017997 /0709017935 or email: crs@kra.go.ke Commissioner for Large and Medium Taxpayers PUBLIC NOTICES 19/12/2025 💬 Address Times Tower Building Haile Selassie Avenue P. O. Box 48240 - 00100 Helping Tax Payers iTax Tutorials Glossary FAQs Complaints Community Facts About KRA About KRA Who We Are KRA 9th Corporate Plan KRA Information Security Policy Data Privacy Statement Treaties & International Policy Exchange of Information KRA Quality Policy Statement Staff Mobile",,"[""Dholuo"",""Ekegusii"",""Somali""]",https://www.kra.go.ke/news-center/public-notices/2333-publication-of-the-list-of-reportable-jurisdictions,,"{""origin"": ""scrape_export"", ""quarantine_reason"": ""low_psa_score:0.32"", ""original_psa_id"": ""qpsa_2026_004039"", ""recovered_from"": ""qpsa_2026_004036"", ""recovery"": ""psa_core_extract"", ""token_count"": 280, ""strict_psa_pass"": true}"
psa_2026_003853,Governance,"Imposition of Excise Duty on Excisable Goods and Services Introduced by the Tax Laws (Amendment) Act, 2024. BACK TO PUBLIC NOTICES Imposition of Excise Duty on Excisable Goods and Services Introduced by the Tax Laws (Amendment) Act, 2024 The Kenya Revenue Authority notifies manufacturers and importers of the listed goods and suppliers of the listed services, that the Tax Laws (Amendment) Act, 2024 has introduced excise duty on the goods and services with effect from 27 th December 2024 as follows: - Excisable Goods Tariff Excise Duty Rate Imported Fully Assembled Electric transformers and parts 8504.10.00, 8504.21.00, 8504.22.00, 8504.23.00, 8504.31.00, 8504.32.00, 8504.34.00. 25% Imported printing ink of tariff 3215.11.00 and 3215.19.00 but excluding those originating from East African Community Partner States that meet the East African Community Rules of Origin 3215.11.00 3215.19.00 15% Imported Ceramic sinks, wash basins, wash basin pedestals, baths, bidets, water closet pans, flushing cisterns, urinals and similar sanitary fixtures of tariff heading 6910 6910 5% of custom value or Kshs. 50 per kg Imported Float glass and surface ground or polished glass, in sheets, whether or not having an absorbent, reflecting or non-reflecting layer, but not otherwise worked of tariff 7007 7007 35% of custom value or Kshs. 200 per kg Imported ceramic flags and paving, hearth or wall tiles; unglazed ceramic mosaic cubes and the like, whether or not on a backing; finishing ceramics of tariff 6907 6907 5% of custom value or Kshs. 200 per square meter Coal N/A 2.5% of the custom value 3907.99.00 Imported Saturated polyester 3907.99.00 20% 3905.21.00 Imported polymers of vinyl acetate/vinyl esters 3905.21.00 20% 3903.90.00 Imported emulsion-styrene acrylic 3903.90.00 20% Printed paper or paperboard of tariff heading 4811.41.90 or",,"[""Dholuo"",""Ekegusii"",""Somali""]","https://www.kra.go.ke/news-center/public-notices/2159-imposition-of-excise-duty-on-excisable-goods-and-services-introduced-by-the-tax-laws-amendment-act,-2024",,"{""origin"": ""scrape_export"", ""quarantine_reason"": ""low_psa_score:0.32"", ""original_psa_id"": ""qpsa_2026_004040"", ""recovered_from"": ""qpsa_2026_004037"", ""recovery"": ""psa_core_extract"", ""token_count"": 280, ""strict_psa_pass"": true}"
psa_2026_003854,Governance,"Commission engages stakeholders in regional conference on use of AI, social media in polls17th Feb 2025. The Commission took part in a two-day regional conference on the use of Artificial Intelligence (AI), digital and social media in elections in Kenya. The conference was organized by Electoral Law and Governance Institute for Africa (ELGIA) with support from United States Agency for International Development (USAID-Kenya) and UKAid brought together leaders, experts and practitioners to explore how technology is shaping the future of democracy and elections in Kenya and across Africa. Felix Odhiambo, Executive Director at ELGIA, noted that the recent decision by Africa Union (AU) to adopt guidance to harness artificial intelligence to meet Africa's development is the best step in the right direction. However, he pointed out that it brings with it opportunities and challenges in use of AI in election management and requested for a strong legal framework to ensure ethical use of AI tools. The resolutions and recommendations passed from the conference will provide important input in the conversation on use of AI, digital and social media in the electoral process. IEBC Commission Secretary/CEO Marjan Hussein Marjan, MBS noted that AI, digital and social media are three of the greatest innovations to have widely, rapidly and seamlessly influenced the globe. Africa and the world at large lives in a new era that demands new strategies, new thinking and new leadership. “The application of AI will define the future, and therefore Africa must develop new capabilities, new tools and new regulatory frameworks to ensure that AI works for it, for its partners, for its interests, and for its values, and not against it,” observed Marjan. Wiper Political Party Leader, Kalonzo",,"[""Dholuo"",""Ekegusii"",""Somali""]","https://www.iebc.or.ke/news/?Commission_engages_stakeholders_in_regional_conference_on_use_of_AI,_social_media_in_polls",,"{""origin"": ""scrape_export"", ""quarantine_reason"": ""low_psa_score:0.32"", ""original_psa_id"": ""qpsa_2026_004041"", ""recovered_from"": ""qpsa_2026_004038"", ""recovery"": ""psa_core_extract"", ""token_count"": 280, ""strict_psa_pass"": true}"
psa_2026_003855,Governance,"IRI and CMD seek to strengthen inclusivity of marginalised groups in the electoral process17th Feb 2025. The International Republican Institute (IRI) and the Centre for Multiparty Democracy (CMD) on 16th September, 2024 paid a courtesy call to the Commission in a meeting that sought to strengthen the inclusion of marginalised groups in Kenya's political process. The meeting also marked an important step towards building a more inclusive and equitable political future for all and emphasized the need for continued collaboration, identify and support Commission strategies to promote marginalised groups to make meaningful participation in Kenya's electoral processes. Specifically, the meeting highlighted the importance of addressing challenges in party nomination lists, which are left at the discretion of political parties, as well as the issue of underrepresentation of persons with disabilities (PWDs) in county governments. Other issues that were discussed include how to simplify the voting process, access to polling stations for PWDs and provision of braille ballot papers. IRI and CMD outlined strategies to enhance political participation and representation of marginalised groups and ensure there are adequately represented in party nomination processes. The two organisations committed to working closely with political parties and IEBC stakeholders to create frameworks that address the unique challenges faced by these groups. IRI and CMD have conducted series of strategic sessions focused on empowering members of marginalised groups, particularly women, youth, and persons with disabilities, within the country's major political parties. The political parties include the United Democratic Alliance (UDA), Orange Democratic Movement (ODM), Wiper, FORD Kenya, and Amani National Congress (ANC). During these multi-party strategy sessions, participants from the five political parties discussed the challenges faced by marginalised groups to have inclusion in party",,"[""Dholuo"",""Ekegusii"",""Somali""]",https://www.iebc.or.ke/news/?IRI_and_CMD_seek_to_strengthen_inclusivity_of_marginalised_groups_in_the_electoral_process,,"{""origin"": ""scrape_export"", ""quarantine_reason"": ""low_psa_score:0.34"", ""original_psa_id"": ""qpsa_2026_004042"", ""recovered_from"": ""qpsa_2026_004039"", ""recovery"": ""psa_core_extract"", ""token_count"": 280, ""strict_psa_pass"": true}"
psa_2026_003856,Governance,"Stakeholders push for early legal reforms to guide IEBC conduct credible General Election17th Feb 2025. Stakeholders are calling for timely reforms of electoral related laws to enable the Commission make adequate preparations to guide the conduct of free, fair and credible General Election. Electoral stakeholders said this during the National Conference on Finalizing of Electoral Reforms ahead of the 2027 General Election held from 17th-18th September, 2024 in Nairobi. The participants underscored the need to have an efficient electoral legal framework, independent electoral management body and political good to conduct credible, free and fair elections in Kenya. The two-day conference, organized by the Electoral Law and Governance Institute for Africa (ELGIA), brought together relevant stakeholders to discuss and finalize reforms and related matters ahead of the 2027 General Election. Commission Secretary and CEO Marjan Hussein Marjan, MBS noted that the Commission finalized a majority of the proposals and made suggestions for amendments to the election related laws. Further, the Commission has generated amendments to the attendant electoral regulations, which will be subjected to stakeholder engagements and public participation in due course. “The Commission has, over time, made deliberate efforts to put in place a robust electoral-legal framework for the conduct of elections by generating and reviewing legislation and submitting the same to Parliament for consideration. Unfortunately, these amendments are enacted late or too close to the General Election. In certain instances, the proposed laws stall and are not enacted,” noted Marjan. Marjan acknowledged the support different stakeholders have extended to IEBC to strengthen the legal framework including Office of the Attorney General, Office of the Registrar of Political Parties and the Kenya Law Reform Commission. Marjan said he is convinced",,"[""Dholuo"",""Ekegusii"",""Somali""]",https://www.iebc.or.ke/news/?Stakeholders_push_for_early_legal_reforms_to_guide_IEBC_conduct_credible_General_Election,,"{""origin"": ""scrape_export"", ""quarantine_reason"": ""low_psa_score:0.32"", ""original_psa_id"": ""qpsa_2026_004043"", ""recovered_from"": ""qpsa_2026_004040"", ""recovery"": ""psa_core_extract"", ""token_count"": 280, ""strict_psa_pass"": true}"
psa_2026_003857,Governance,"DP Gachagua launches consultative forum for CCIOs to develop framework for engagement29th Jul 2024. The Commission led by the Chief Executive Officer Marjan H. Marjan participated in a three-day consultative forum that brought together the Executive and the Constitutional Commissions and Independent Offices (CCIOs), which was officially opened on 28th April 2024 by the Deputy President Rigathi Gachagua, EGH. The forum developed a framework to guide the collaboration, coordination and engagement between the Executive and CCIOs besides creating a conclave for consultations and socialization. Further, the forum provided a platform through which CCIOs can contribute to the national development agenda and exchange views on the parameters of independence and interdependence in a public sector setting. The meeting also sought to identify and propose solutions to the challenges facing CCIOs in implementation of their mandate and sought to develop a legal mechanism of resolving the administrative issues between the Executive and CCIOs. The Deputy President underscored the role CCIOs play in helping the National Government fulfil its mandate and pledged that his office was ready to mediate on any issues between them to ensure that there is harmony in service delivery to the public. “I promise to support the CCIOs perform their duties without any hindrance,” said Gachagua. Speaking at the Forum, Judicial Service Commission (JSC) Chairperson, Chief Justice Martha Koome observed that the constitutional vision for our state institutions is one of a unified enterprise with each entity playing a distinct yet interconnected role in the broader schema of governance. The interactions between the Executive and the CCIOs should be characterized by a relationship of mutual support, including adequate resource allocation and restraint. However, she called for a clear oversight",,"[""Dholuo"",""Ekegusii"",""Somali""]",https://www.iebc.or.ke/news/?DP_Gachagua_launches_consultative_forum_for_CCIOs_to_develop_framework_for_engagement,,"{""origin"": ""scrape_export"", ""quarantine_reason"": ""low_psa_score:0.34"", ""original_psa_id"": ""qpsa_2026_004045"", ""recovered_from"": ""qpsa_2026_004042"", ""recovery"": ""psa_core_extract"", ""token_count"": 280, ""strict_psa_pass"": true}"
psa_2026_003858,Governance,"Commission Joins Multi-Sectoral Consultative Meeting to Discuss the Electoral Legal Reforms21st Nov 2023. The Commission participated in the multi-sectoral consultative engagement meeting for electoral legal reforms in Nakuru, which was organized by the Electoral Law Governance Institute for Africa (ELGIA) and was attended by Chairpersons and Members of the Justice and Legal Affairs Committees of National Assembly and Senate on 5th to 9th September, 2023. The Commission Secretary/CEO, Marjan Hussein Marjan, lauded the Kenya Law Reform Commission for aiding the Commission to draft bills and amendments on election laws and the Office of Registrar of Political parties (ORPP) for continuous collaboration and facilitation of political parties’ processes and election related activities. Further, he appreciated ELGIA for supporting the Commission in electoral legal reforms noting that the process upon conclusion will yield proposals that will inform the electoral legal framework and foster democracy moving forward. The Commission pointed out the Referendum Bill, Election Campaign Financing (Amendment) Bill and the IEBC (Amendment) Bill on Boundaries Delimitation, which were developed and presented to the 12th Parliament prior to 2022 General Election, had never been enacted into law. The Commission has since revised all these bills together with others and the Draft Regulations to have an enabling legislative framework as some of these statutory instruments are staring at the risk of lapsing pursuant to Section 21 of the Statutory Instruments Act, 2012. “We invite the participants to interrogate the electoral legal framework for the process of the review of boundaries, consider gaps in key electoral laws, discuss challenges encountered in implementation of the law, suggest proposals for review and build a collaborative roadmap with meaningful public participation plan to ensure timely enactment ahead of",,"[""Dholuo"",""Ekegusii"",""Somali""]",https://www.iebc.or.ke/news/?Commission_Joins_Multi-Sectoral_Consultative_Meeting_to_Discuss_the_Electoral_Legal_Reforms,,"{""origin"": ""scrape_export"", ""quarantine_reason"": ""low_psa_score:0.34"", ""original_psa_id"": ""qpsa_2026_004046"", ""recovered_from"": ""qpsa_2026_004043"", ""recovery"": ""psa_core_extract"", ""token_count"": 280, ""strict_psa_pass"": true}"
psa_2026_003859,Governance,"Information Security Management System for ISO Certification19th Jun 2023. The Commission is in the process of implementing an Information Security Management System (ISMS) geared towards gaining ISO 27001:2022 standard certification that will enhance confidentiality, integrity, and availability of its information assets. Chief Executive Officer (CEO) Marjan H. Marjan, MBS said the Commission is a custodian of sensitive information that must be protected to ensure the safety and security of citizens and the country. “The implementation of ISMS is a strategic initiative of the Commission and requires the support and participation of all staff members. As part of this initiative. the Commission engaged external providers to support the implementation alongside our own ISMS select team,” said Marjan. The ISMS implementation scope shall revolve around election technology and any other supporting processes, functions and technologies. “Our ISMS select team will work with key stakeholders to review and confirm the ISMS scope, including the information assets to be protected, the applicable regulations and standards, and the organizational structure and processes that will be covered by the ISMS,” said the CEO. The Commission has also taken a step to analyze the risk assessments to identify any gaps in our environment and prioritize information security risks and determine appropriate controls to remedy the gaps and mitigate the identified risks. Based on the results of the assessments, the Commission will implement appropriate controls to manage the identified gaps and risks. These controls may include technical measures, policies and procedures, awareness and training programs. There will also be a process for monitoring and reviewing the effectiveness of the ISMS, including regular audits and assessments. The Commission has developed, reviewed, updated and approved Information and Communication Technology (ICT)",,"[""Dholuo"",""Ekegusii"",""Somali""]",https://www.iebc.or.ke/news/?Information_Security_Management_System_for_ISO_Certification,,"{""origin"": ""scrape_export"", ""quarantine_reason"": ""low_psa_score:0.32"", ""original_psa_id"": ""qpsa_2026_004047"", ""recovered_from"": ""qpsa_2026_004044"", ""recovery"": ""psa_core_extract"", ""token_count"": 280, ""strict_psa_pass"": true}"
psa_2026_003860,Governance,"Commission Engages PWDs to Strengthen Inclusion in Electoral Process16th Jun 2023. In a bid to strengthen inclusivity in the electoral processes, the Commission held a meeting with the Disability Inclusion Coordinating Committee (DICC) of IEBC on 30 th May 2023, where the Committee presented the Disability Inclusion Audit (DIA) of the 2022 General Election. The audit was conducted by the DICC in conjunction with the United Disabled Persons of Kenya (UDPK) and the Caucus on Disability Rights Advocacy (CDRA). The team was led by DICC Chairman Dr. Samuel Kabue, who is also a member of the Caucus of Disability Rights Advocacy. Lawrence Mute, Lecturer at University of Nairobi and a member of Caucus on Disability Rights Advocacy, said the report will inform areas of improvement in the election cycle activities. “When you think about disability and inclusion, always have four factors in mind: attitude barriers, communication barriers, environmental barriers and institutional barriers,” he said. The report recommends that the Commission forms joint technical level teams with PWDs to review policies and strategies to guide implementation of electoral cycle activities that are friendly to them. The Commission’s Chief Executive Officer CPA Marjan H. Marjan, MBS lauded the DICC team and appreciated them for creating time to visit IEBC and present the report. The report will inform the policy and strategies of the Commission on disability inclusion. “Improvement is a continuous process and we pledge to engage you to ensure there is inclusion. We appreciate your comments and believe we can do more if we continue working with you. Each stakeholder has a unique role, and so are PWDs. We have learnt a lot from your presentation. Inclusion in the Commission goes",,"[""Dholuo"",""Ekegusii"",""Somali""]",https://www.iebc.or.ke/news/?Commission_Engages_PWDs_to_Strengthen_Inclusion_in_Electoral_Process__,,"{""origin"": ""scrape_export"", ""quarantine_reason"": ""low_psa_score:0.34"", ""original_psa_id"": ""qpsa_2026_004048"", ""recovered_from"": ""qpsa_2026_004045"", ""recovery"": ""psa_core_extract"", ""token_count"": 280, ""strict_psa_pass"": true}"
psa_2026_003861,Governance,"Commission engages Political Parties on roadmap to 2022 General Elections2nd Oct 2021. With only 10 months to the 2022 General Election, the Commission is fast rolling out its plans to deliver a free, fair and credible election. On Friday, the Commission met with Political Parties Liaison Committee (PPLC) and shared with them the roadmap to the 2022 General Election and set out targets for Enhanced Continuous Voter Registration exercise, which is planned for October. The meeting also discussed areas of collaboration and institutional commitments to support the Voter Registration exercise and the 2022 General Election planned activities. Chairman Wafula Chebukati, while addressing the PPLC warned that as an impartial referee IEBC has all the disciplinary cards available and will not hesitate to flash out yellow or red cards, according to the law of the game, to any player who fails to adhere to the regulations. “I wish to urge Political Parties, the Office of the Registrar of Political Parties and other stakeholders in the electoral process to work towards strengthening their collaboration with the Commission. I wish to assure political parties that the Commission runs an open door policy and is committed to serving all political parties in a fair and impartial manner,” said Chebukati. The Commission also gave a breather to the political parties by pushing forward by 95 days the party primaries. “The Commission has altered the date for gazettement of the General Election date from 14th March 2022 to 19th January 2022, and further changed the end date for conduct of party primaries, resolution of intra-party disputes submission of names of candidates after party primaries to 26th May 2022. “This shall in turn expand the timelines and",,"[""Dholuo"",""Ekegusii"",""Somali""]",https://www.iebc.or.ke/news/?Commission_engages_Political_Parties_on_roadmap_to_2022_General_Elections,,"{""origin"": ""scrape_export"", ""quarantine_reason"": ""low_psa_score:0.34"", ""original_psa_id"": ""qpsa_2026_004051"", ""recovered_from"": ""qpsa_2026_004048"", ""recovery"": ""psa_core_extract"", ""token_count"": 280, ""strict_psa_pass"": true}"
psa_2026_003862,Health,"Welcome to Nairobi - let’s build together at World Health Summit Regional Meeting 2026. WHO Africa / Countries / Kenya / Welcome to Nairobi - let’s build together at World Health Summit Regional Meeting 2026 Welcome to Nairobi - let’s build together at World Health Summit Regional Meeting 2026 24 April 2026 | News Release | Reading time: 3 min Welcome to Nairobi - let’s build together at World Health Summit Regional Meeting 2026 © Genna Print Credits + Nairobi - World Health Organization (WHO) is poised to be a significant presence at the upcoming World Health Summit (WHS) Regional Meeting 2026 in Nairobi, Kenya. For the first time at either a global or regional level, WHO is co-organizing a meeting with the World Health Summit. This initiative has been spearheaded by WHO in the African region and is the result of an innovative partnership with WHS and Aga Khan University, Kenya. The regional meeting, taking place from 27‒29 April 2026, will bring together global health leaders, policymakers, researchers and development partners to advance solutions for stronger and more resilient health systems. Hosted by WHS and Aga Khan University and held in partnership with WHO, the Ministry of Health in Kenya and the Africa Centres for Disease Control and Prevention, the meeting will bring together over 1000 delegates from around 50 countries, participating in 80 sessions focused on strengthening health systems resilience, advancing universal health coverage and accelerating innovation in global health. WHO has been actively engaged in the development of 80% of the meeting sessions, helping shape an agenda which focuses on strengthening health systems resilience, advancing universal health coverage and accelerating practical solutions to emerging health challenges. “The",,"[""Dholuo"",""Ekegusii"",""Somali""]",https://www.afro.who.int/countries/kenya/news/welcome-nairobi-lets-build-together-world-health-summit-regional-meeting-2026,,"{""origin"": ""scrape_export"", ""quarantine_reason"": ""low_psa_score:0.32"", ""original_psa_id"": ""qpsa_2026_004107"", ""recovered_from"": ""qpsa_2026_004104"", ""recovery"": ""psa_core_extract"", ""token_count"": 280, ""strict_psa_pass"": true}"
psa_2026_003863,Health,"Kenya builds capacity to produce its own vaccines. WHO Africa / Countries / Kenya / Kenya builds capacity to produce its own vaccines Kenya builds capacity to produce its own vaccines 23 February 2026 | News Release | Reading time: 3 min Kenya builds capacity to produce its own vaccines More pictures More images Nairobi— According to the World Health Organization, Africa produces less than 1% of the vaccines it consumes, yet it carries a disproportionate share of the world's infectious disease burden. Efforts to shift this reality are now under way in Kenya. Kenya has officially joined a global programme that will enable the country to manufacture its own vaccines locally, reducing its reliance on health products imported from abroad. The launch of the World Health Organization (WHO) and Medicines Patent Pool (MPP) mRNA Technology Transfer Project took place in Nairobi and was presided over by Dr. Ouma Oluga, Principal Secretary for Medical Services at the Ministry of Health. For many years, countries across Africa have depended on vaccines produced outside the continent. During the COVID-19 pandemic, this dependency had serious consequences; when global demand surged, lower-income countries were consistently last to receive vaccines, with some waiting years while wealthier nations secured multiple rounds of supply. The WHO-MPP mRNA Technology Transfer Programme was established in direct response to that experience, by teaching selected countries in Africa and other low- and middle-income regions how to produce messenger RNA (mRNA)-based vaccines themselves, using the same technology platform that proved effective during the pandemic. Kenya is one of six African countries selected to participate in the programme, which is supported by a South African manufacturing consortium and now spans 15 partner institutions",,"[""Dholuo"",""Ekegusii"",""Somali""]",https://www.afro.who.int/countries/kenya/news/kenya-builds-capacity-produce-its-own-vaccines,,"{""origin"": ""scrape_export"", ""quarantine_reason"": ""low_psa_score:0.32"", ""original_psa_id"": ""qpsa_2026_004108"", ""recovered_from"": ""qpsa_2026_004105"", ""recovery"": ""psa_core_extract"", ""token_count"": 280, ""strict_psa_pass"": true}"
psa_2026_003864,Health,"Kenya breaks new ground and pilots its first digital health campaign system. WHO Africa / Countries / Kenya / Kenya breaks new ground and pilots its first digital health campaign system Kenya breaks new ground and pilots its first digital health campaign system 30 January 2025 | Reading time: 5 min Kenya breaks new ground and pilots its first digital health campaign system More pictures More images Nairobi – After five days of walking door-to-door, visiting churches and attending community gatherings, Margaret Khasiala finally gets to rest in her home in Chekalani, Western Kenya. She is one of 4,250 community health promoters who worked to ensure up to 13 million children across Kenya received medicines to combat neglected tropical diseases. Margaret was also one of 110 community health promoters piloting a new digital system. Using her phone, she recorded the details of every child she gave medicines to. The data could be seen immediately at national level, making the data collecting process faster than traditional handwritten records. This marks the first time Kenya has used a digital system for a mass public health campaign, a bold step forward in a country where health initiatives of this scale have long relied on manual data collection. THE BURDEN OF NEGLECTED TROPICAL DISEASES While Kenya successfully eradicated Guinea Worm Disease in 2018 and is on track to eliminate Lymphatic Filariasis by 2027, at least 25 million Kenyans remain at risk from neglected tropical diseases. For children, these diseases often hinder school attendance and academic performance, while adults experience reduced work productivity and social stigma. To curb the prevalence of these diseases, on the 13th of December 2024, Kenya launched a 5-day mass drug",,"[""Dholuo"",""Ekegusii"",""Somali""]",https://www.afro.who.int/countries/kenya/news/kenya-breaks-new-ground-and-pilots-its-first-digital-health-campaign-system,,"{""origin"": ""scrape_export"", ""quarantine_reason"": ""low_psa_score:0.34"", ""original_psa_id"": ""qpsa_2026_004110"", ""recovered_from"": ""qpsa_2026_004107"", ""recovery"": ""psa_core_extract"", ""token_count"": 280, ""strict_psa_pass"": true}"
psa_2026_003865,Health,"Kenya celebrates immunization as more children are reached with RTS,S. WHO Africa / Countries / Kenya / Kenya celebrates immunization as more children are reached with RTS,S Kenya celebrates immunization as more children are reached with RTS,S 23 April 2023 | News Release | Reading time: 8 min Kenya celebrates immunization as more children are reached with RTS,S More pictures More images Kenya this week joins the world to commemorate the African Vaccination week (World Immunization Week) as well as the World Malaria Day on April 25, 2023. Commemoration of these important days is key in that it reinforces the need to pay attention to immunization and prevention of disease. AS WHO celebrates 75 years of existence and member states count milestones and lessons, Kenya can look back on its growth with determination to sustain the 90 per cent target of coverage across all 15 vaccine types it provides. Kenya since 1980, established the Kenya Expanded Programme for Immunization, KEPI, which set its pace to ensure all child diseases are prevented through immunization from birth. These include tuberculosis, pneumonia, diarrhea, polio, measles, diphtheria, whooping cough, tetanus, hepatitis, meningitis, yellow fever, malaria and cervical cancer. In February, Kenya launched the malaria vaccine expansion outreach to cover an additional 25 sub-counties, following successful pilot that has brought substantial reduction in severe malaria attacks, deaths and child hospital admissions. The three-year-old pilot implemented from September 2019, made the vaccine available to children in eight counties in Western and Nyanza region of Kenya targeting 1.2 million children. The RTS,S/AS01 (RTS,S) malaria vaccine is the first vaccine recommended to prevent malaria in children. If implemented broadly the vaccine could save tens of thousands of lives",,"[""Dholuo"",""Ekegusii"",""Somali""]",https://www.afro.who.int/countries/kenya/news/kenya-celebrates-immunization-more-children-are-reached-rtss,,"{""origin"": ""scrape_export"", ""quarantine_reason"": ""low_psa_score:0.34"", ""original_psa_id"": ""qpsa_2026_004112"", ""recovered_from"": ""qpsa_2026_004109"", ""recovery"": ""psa_core_extract"", ""token_count"": 280, ""strict_psa_pass"": true}"
psa_2026_003866,Health,"On the path to expanding cervical cancer screening in Kenya. WHO Africa / Countries / Kenya / On the path to expanding cervical cancer screening in Kenya On the path to expanding cervical cancer screening in Kenya 4 February 2023 | Feature Story | Reading time: 4 min On the path to expanding cervical cancer screening in Kenya Nairobi – Kenya piloted a community-based cervical cancer screening in 2021 using the human papillomavirus (HPV) DNA testing to explore ways of effectively scaling up this type of testing across the country. World Health Organization (WHO) recommends the HPV DNA testing as it detects the high-risk strains of the human papilloma virus unlike tests that rely on visual inspection. Seventeen per cent of the more than 10 000 women screened in the month-long pilot phase tested positive for HPV. Nearly 90% of those who tested positive received treatment. Dr Mary Nyangasi, who heads the National Cancer Control Programme Division at Kenya’s Ministry of Health, discusses the outcome of the pilot community-based screening programme and the feasibility of rolling out HPV testing in the public sector. Why is it important to decentralize cancer screening? Traditionally, low screening coverage has hampered uptake of screening programmes in Kenya where stigma, lack of awareness, sociocultural barriers and opportunistic screening are the norm. The policy shift towards integration of screening services in health facilities has changed this with requirement that cervical cancer screening be provided for in-facility service charters. There are slightly over 12 000 health facilities in Kenya, 5770 of which are public facilities. However, there has been no HPV testing in public facilities in Kenya. Over 90% of facilities use visual inspection methods with the",,"[""Dholuo"",""Ekegusii"",""Somali""]",https://www.afro.who.int/countries/kenya/news/path-expanding-cervical-cancer-screening-kenya,,"{""origin"": ""scrape_export"", ""quarantine_reason"": ""low_psa_score:0.32"", ""original_psa_id"": ""qpsa_2026_004113"", ""recovered_from"": ""qpsa_2026_004110"", ""recovery"": ""psa_core_extract"", ""token_count"": 280, ""strict_psa_pass"": true}"
psa_2026_003867,Governance,"The State applauds KRA’s revenue mobilisation efforts with a record number of Awards and Honours. BACK TO NEWS The State applauds KRA’s revenue mobilisation efforts with a record number of Awards and Honours The Kenya Revenue Authority (KRA) has welcomed the highest number of decorations ever accorded to its staff members; by the State at the recent 58th Jamhuri Day Celebrations. In recognition of the Tax Administration Authority's exemplary performance in revenue mobilisation, KRA officers received a total of 24 State commendations ranging from the Third Class: Moran of the Order of the Golden Heart (M.G.H.) to the Head of State’s Commendation (HSC-Civilian Division) awards and honours. In the last financial year, characterised by the Covid-19 pandemic, KRA defied all odds to surpass its revenue target after eight (8) years, with a new record collection of Kshs 1.669 Trillion. KRA surpassed its Kshs. 1.652 Trillion targets with a surplus of Kshs. 16.808 Billion representing a performance rate of 101% and revenue growth of 3.9% compared to the last Financial Year. During the last financial year, under Chairman Amb Francis Muthaura and Commissioner General Githii Mburu, KRA also recorded a milestone after revenue collection more than doubled in the last ten years from Kshs. 707 billion in F.Y. 2011/12 to Kshs 1.669 Trillion in F.Y. 2020/21, representing a growth of 136% in the last ten years. Speaking when he acknowledged the state recognitions, KRA Commissioner, Corporate Support Services Dr David Kinuu said the awards were accorded across the Authority's ranks. ""KRA officers wish to express their sincere gratitude to the Head of State for the high honours which will serve to motivate the hard-working tax administrators further',"" Dr Kinuu said. He",,"[""Dholuo"",""Ekegusii"",""Somali""]",https://www.kra.go.ke/news-center/news/1547-the-state-applauds-kra’s-revenue-mobilisation-efforts-with-a-record-number-of-awards-and-honours,,"{""origin"": ""scrape_export"", ""quarantine_reason"": ""low_psa_score:0.32"", ""original_psa_id"": ""qpsa_2026_004136"", ""recovered_from"": ""qpsa_2026_004133"", ""recovery"": ""psa_core_extract"", ""token_count"": 280, ""strict_psa_pass"": true}"
psa_2026_003868,Education,"TSC Denies Considering Exempting School Heads from Teaching to Manage Institutions. Education Education TSC Denies Considering Exempting School Heads from Teaching to Manage Institutions Published 10 Jun 2026 by Kai Eli 3 min read The Teachers Service Commission (TSC) has dismissed claims that headteachers want to abandon teaching duties, branding a viral poster as fake The commission urged the public to rely only on official channels, warning against fraudsters spreading misinformation Meanwhile, school heads continue to meet on CBE rollout, grappling with infrastructure gaps, uneven staffing, and unpredictable funding Search option is now available at TUKO! Feel free to search the content on topics/people you enjoy reading about in the top right corner ;) The Teachers Service Commission (TSC) had refuted their being any room for negotiation with school heads regarding their teaching roles. Acting CEO of the Teachers Service Commission (TSC) Evaleen Jesang Mitei. Photo: TSC Kenya. Source: Twitter A communique purpotedly from the teachers' employer had suggested that headteachers were seeking to be stripped of any teaching obligations to focus on managing both ttiers of institutions under the current curriculum. What fake poster on TSC indicated The poster suggested that the headteachers were being overwhelmed with running primary, junior and senior schools and at the same time being required to be in classrooms. Search option is now available at TUKO! Feel free to search the content on topics/people you enjoy reading about in the top right corner ;) They would therefore want to be assigned managerial roles and leave teaching to supervise the implimentation of the new curriculum. Insights into Kenya's school unrest: Education stakeholders share causes and solutions to the crisis In its clarification, the TSC explained",,"[""Dholuo"",""Ekegusii"",""Somali""]",https://www.tuko.co.ke/education/629129-tsc-denies-considering-exempting-school-heads-teaching-manage-institutions/,2026-06-10T15:22:39+03:00,"{""origin"": ""scrape_export"", ""quarantine_reason"": ""low_psa_score:0.34"", ""original_psa_id"": ""qpsa_2026_004192"", ""recovered_from"": ""qpsa_2026_004189"", ""recovery"": ""psa_core_extract"", ""token_count"": 280, ""strict_psa_pass"": true}"
psa_2026_003869,Health,"Untitled. Nairobi — The Senate Standing Committee on Roads, Transport and Housing has summoned Tourism and Wildlife Cabinet Secretary Rebecca Miano to appear before it on August 4, after she delined to appear in person. CS Miano had been scheduled to appear before the committee, chaired by Migori Senator Eddy Oketch, on Thursday to respond to questions on the status of the Bomas International Convention Complex (BICC) redevelopment project, including contract variations, approvals, reports and project planning. However, in a letter dated July 17, 2026, addressed to the committee through the Clerk of the Senate, Miano said the issues raised in the committee's April 16 letter had already been comprehensively addressed in the Ministry's response dated April 28. She also requested that the meeting be rescheduled. The committee rejected the request, arguing that it was Parliament--not the Cabinet Secretary--that determines whether responses submitted by witnesses are satisfactory. Follow us on WhatsApp | LinkedIn for the latest headlines ""It is not the duty of a witness to decide whether the information presented is adequate. That is what the CS is trying to imply--that she has provided enough information and therefore should not be called before the committee. That is inconsistent with Article 125 and the Parliamentary Powers and Privileges Act. Cabinet Secretaries must know that they serve the people,"" said Homa Bay Senator Moses Kajwang'. Committee Chairperson Eddy Oketch said Miano's response demonstrated what he described as a disregard for parliamentary courtesy, leaving the committee with no option but to issue a formal summons. ""The nature of the response and the disregard for the courtesy extended to her when she previously appeared before this committee warrants the issuance of a summons.",,"[""Dholuo"",""Ekegusii"",""Somali""]",https://allafrica.com/stories/202607240515.html,,"{""origin"": ""scrape_export"", ""quarantine_reason"": ""low_psa_score:0.34"", ""original_psa_id"": ""qpsa_2026_004300"", ""recovered_from"": ""qpsa_2026_004297"", ""recovery"": ""psa_core_extract"", ""token_count"": 280, ""strict_psa_pass"": true}"
psa_2026_003870,Health,"Untitled. Nairobi — President William Ruto on Thursday hosted more than 5,000 artisans and mechanics at State House, Nairobi, where he reaffirmed his administration's commitment to empowering workers in the informal sector and announced a salary increase for civil servants effective this month. Speaking during the engagement with members of the Jua Kali sector, Ruto said the government recognises artisans and mechanics as key drivers of Kenya's economy and will continue implementing policies aimed at expanding economic opportunities, improving working conditions and strengthening technical skills. ""The people who work with their hands every day are building this country's economy. Our responsibility is to ensure they have the support they need to grow their businesses, create jobs and improve their livelihoods,"" the President said. Ruto noted that the informal sector employs millions of Kenyans and remains central to the country's economic transformation agenda. He pledged continued government investment in programmes designed to improve access to affordable credit, modern workspaces, markets and skills development. Keep up with the latest headlines on WhatsApp | LinkedIn In a major announcement for public servants, the President said civil servants will begin receiving a salary increase from this month, describing the adjustment as part of the government's efforts to improve workers' welfare and cushion them against the rising cost of living. The pay rise is expected to benefit thousands of employees across ministries, departments and state agencies. The meeting brought together artisans and mechanics from across the country, underscoring the government's renewed focus on strengthening the Jua Kali sector as a key source of employment, innovation and industrial growth. The government is expected to provide further details on the implementation of the salary increment as well",,"[""Dholuo"",""Ekegusii"",""Somali""]",https://allafrica.com/stories/202607230243.html,,"{""origin"": ""scrape_export"", ""quarantine_reason"": ""low_psa_score:0.34"", ""original_psa_id"": ""qpsa_2026_004301"", ""recovered_from"": ""qpsa_2026_004298"", ""recovery"": ""psa_core_extract"", ""token_count"": 280, ""strict_psa_pass"": true}"
psa_2026_003871,Health,"Untitled. Nairobi — Regulatory bottlenecks, complex tax policies and high business costs are hindering the flow of new American investments into Kenya, senior U.S. officials have said. Speaking during the Mandela Washington Alumni Forum on U.S.-Africa Commercial Partnerships in Nairobi, U.S. Department of State Deputy Assistant Secretary for African Affairs Sarah Troutman said investor confidence is increasingly being tested by regulatory processes that make it difficult for businesses to establish and expand operations. She added that companies have consistently raised concerns over lengthy approval processes, regulatory uncertainty, complicated tax policies and high energy costs, which are yet to be addressed. ""There's not a lack of people, there's not a lack of talent, and there's not a lack of opportunity. It's about getting rid of some of the regulatory barriers so that American companies can partner with Kenyan companies and create jobs. That's a win-win for everybody,"" Troutman said, adding that sectors attracting growing interest from American investors to the country include agriculture, digital technology, healthcare, and others. Follow us on WhatsApp | LinkedIn for the latest headlines Her comments come as Washington seeks to deepen commercial engagement with Africa through trade and private sector investment while reviewing ways of strengthening programmes such as the African Growth and Opportunity Act (AGOA). Susan Burns, Charge d'Affaires at the U.S. Embassy in Kenya, said improving the business environment remains central to the U.S. commercial engagement strategy across Africa. ""When companies tell us regulations are not streamlined, tax systems are too complicated or customs processes are inconsistent, we don't simply urge governments to address those issues,we also offer technical expertise to help improve the business environment."" Burns said U.S. embassies are increasingly working with",,"[""Dholuo"",""Ekegusii"",""Somali""]",https://allafrica.com/stories/202607200563.html,,"{""origin"": ""scrape_export"", ""quarantine_reason"": ""low_psa_score:0.34"", ""original_psa_id"": ""qpsa_2026_004303"", ""recovered_from"": ""qpsa_2026_004300"", ""recovery"": ""psa_core_extract"", ""token_count"": 280, ""strict_psa_pass"": true}"
psa_2026_003872,Health,"Untitled. In some of Kenya's informal settlements, the floods that wreck homes several times a year aren't always about raging rivers and violent storms. It's also about drains that don't work. Sean Christie travelled to find out what a lifetime of sewage through the front door does to the mind — and why the same pattern is playing out in places like Cape Town and Beira. Your guide through Nairobi's informal settlement of Mukuru is a man everyone calls 'Future'. He walks you downhill, from paved streets and working toilets into villages where the stench of sewage overpowers the boiling tilapia and houses sit marooned in foul water. Years ago Kenyan authorities bulldozed tens of thousands of riverside homes and cleared a buffer to stop drownings. But the further you go, you realise the river was only part of the problem. After the community invited builders to dump their rubble along the bank to create a barrier, water and sewage became trapped, flowing into the homes below and pooling in communities. Researchers recently came to Mukuru to study river flooding and how it affected the mental health of those who lived there. ""Instead they have made a study of our drainage,"" says Future. When they went looking for a settlement that didn't flood, to compare against, they couldn't find one. Sean Christie travelled to find out what a lifetime of sewage through the front door does to the mind — and why the same pattern is playing out in places like Cape Town and Beira. If you visit Mukuru kwa Reuben (Mukuru for short) on the southern edge of Nairobi, the guide you want is Francis Mukiri Muthoni, aka ""Future"",",,"[""Dholuo"",""Ekegusii"",""Somali""]",https://allafrica.com/stories/202607160521.html,,"{""origin"": ""scrape_export"", ""quarantine_reason"": ""low_psa_score:0.34"", ""original_psa_id"": ""qpsa_2026_004304"", ""recovered_from"": ""qpsa_2026_004301"", ""recovery"": ""psa_core_extract"", ""token_count"": 280, ""strict_psa_pass"": true}"
psa_2026_003873,Health,"Untitled. A traffic snarl stretching nearly 35 kilometres into Kenya has crippled operations at the Malaba border crossing, with truck drivers, transporters and clearing agents blaming the Uganda Revenue Authority's (URA) reinstatement of metallic electronic cargo seals for the prolonged delays. The congestion, which has persisted for the past three days, has transformed one of East Africa's busiest border posts into a major bottleneck, leaving the Ugandan side unusually quiet as only a limited number of trucks manage to cross into the country each day. Truck drivers say the revised cargo clearance procedure has significantly slowed cross-border movement. Previously, cargo was fitted with an electronic tracking seal at the point of loading. Under the reinstated system, however, every truck is now required to receive an additional metallic electronic seal at the border, increasing processing time for each vehicle. Drivers say the delays have exposed them to insecurity and harsh living conditions, forcing many to spend days stranded along the highway without adequate access to food, sanitation facilities or safe places to rest. Keep up with the latest headlines on WhatsApp | LinkedIn ""We have nowhere to eat, nowhere to sleep, and nowhere to help ourselves. We are suffering,"" said truck driver Samuel Njoroke. Another driver, Yusuf Hadith, warned that prolonged waiting without adequate rest is increasing the risk of road accidents. ""We are not sleeping and that is becoming very dangerous on the road,"" he said. Transporters say the delays are also inflicting significant financial losses. They report consuming more fuel than planned while perishable goods worth millions of shillings risk spoiling before reaching their destinations. Abel Namenge of the Kenya Long Distance Truck Drivers Union said some truck drivers",,"[""Dholuo"",""Ekegusii"",""Somali""]",https://allafrica.com/stories/202607140527.html,,"{""origin"": ""scrape_export"", ""quarantine_reason"": ""low_psa_score:0.34"", ""original_psa_id"": ""qpsa_2026_004306"", ""recovered_from"": ""qpsa_2026_004303"", ""recovery"": ""psa_core_extract"", ""token_count"": 280, ""strict_psa_pass"": true}"
psa_2026_003874,Education,"Untitled. Nairobi — The Court of Appeal has dismissed an appeal by former Kenya Reinsurance Corporation Managing Director Jadiah Mwarania, ruling that he had no automatic right or legitimate expectation to a third five-year term after the expiry of his contract. In a judgment delivered on July 10, the appellate court upheld an earlier decision by the Employment and Labour Relations Court, finding that Mwarania voluntarily accepted two successive one-year contract extensions to facilitate leadership transition. As such, the court held that he could not later claim entitlement to a fresh five-year term. The dispute arose after the board of Kenya Reinsurance Corporation Limited sought approval to extend Mwarania's tenure beyond two five-year terms, citing the company's profitability, institutional memory, ongoing strategic initiatives and the need for leadership stability. However, the Cabinet Secretary for the National Treasury John Mbadi declined to approve a third full term, directing the board instead to recruit a substantive Chief Executive Officer through a competitive process while granting temporary one-year extensions to ensure a smooth transition. Keep up with the latest headlines on WhatsApp | LinkedIn Mwarania challenged the decision, arguing that the Cabinet Secretary had unlawfully interfered with the board's powers, violated his constitutional rights and frustrated his legitimate expectation of serving another five-year term after the board recommended his renewal. The Court of Appeal, however, found that while the Kenya Re board had the authority to appoint its chief executive, it was also entitled to seek guidance from the National Treasury and the Head of Public Service on matters of government policy. The judges observed that the board could have disregarded the Cabinet Secretary's advice and proceeded with a third five-year appointment but",,"[""Dholuo"",""Ekegusii"",""Somali""]",https://allafrica.com/stories/202607130377.html,,"{""origin"": ""scrape_export"", ""quarantine_reason"": ""low_psa_score:0.34"", ""original_psa_id"": ""qpsa_2026_004307"", ""recovered_from"": ""qpsa_2026_004304"", ""recovery"": ""psa_core_extract"", ""token_count"": 280, ""strict_psa_pass"": true}"
psa_2026_003875,Health,"Untitled. Nairobi — The Government has launched the ICT Integration in 10,000 Junior Schools Project, a nationwide initiative aimed at integrating technology into learning and transforming classroom experiences for learners under the Competency-Based Education (CBE) curriculum. Deputy President Kithure Kindiki presided over the launch of the programme at Kaptarkok Junior School in Keiyo South Constituency, Elgeyo Marakwet County, where he witnessed the delivery of an Integrated Science lesson by a teacher stationed at Kaptarkok Primary and Junior School to six schools spread across six counties. The schools participating in the national demonstration included institutions in Kakamega, Nairobi, Ol Kalou, Mombasa and Elgeyo Marakwet, showcasing the potential of technology to create shared learning experiences for learners across the country. ""Kenya's journey to the first world requires us to modernise our delivery of education to match first-world standards,"" said Kindiki. Follow us on WhatsApp | LinkedIn for the latest headlines The demonstration illustrated how digital connectivity can facilitate collaboration between learners and teachers across geographical boundaries, regardless of where schools are located. The launch at Kaptarkok forms part of broader efforts to modernise education delivery and align classroom learning with international standards through the integration of technology. Information and Communication Technology Authority (ICTA) Chief Executive Officer Jesse Maruti said the programme is intended to ensure inclusivity in access to digital services and opportunities across the country. ""What I mean is that when our Kenyans, whether in Turkana, Lamu, Mandera or Kakamega, they need to have the same experience when accessing services digitally,"" said Maruti. He said the fibre optic infrastructure that many Kenyans have noticed along roads and electricity lines across the country forms part of the Government's digital transformation agenda. ""The",,"[""Dholuo"",""Ekegusii"",""Somali""]",https://allafrica.com/stories/202607140012.html,,"{""origin"": ""scrape_export"", ""quarantine_reason"": ""low_psa_score:0.34"", ""original_psa_id"": ""qpsa_2026_004308"", ""recovered_from"": ""qpsa_2026_004305"", ""recovery"": ""psa_core_extract"", ""token_count"": 280, ""strict_psa_pass"": true}"
psa_2026_003876,Agriculture,"Untitled. Isiolo — The government has finalized preparations for the operationalization of the Isiolo Export Abattoir ahead of its official launch by President William Ruto later this month. The facility is expected to play a central role in Kenya's strategy to modernize the livestock sector by shifting from the traditional export of live animals to value-added products such as processed meat and leather for regional and international markets. Senior Presidential Advisor on Food Security and Animal Production Dr. Dominic Menjo said the abattoir represents a major investment aimed at unlocking economic opportunities for pastoral communities while strengthening food security and creating jobs. According to Dr. Menjo, the project is expected to enhance incomes across Kenya's Arid and Semi-Arid Lands (ASALs), where livestock remains a key source of livelihood for millions of households. Follow us on WhatsApp | LinkedIn for the latest headlines ""The Isiolo Export Abattoir is a strategic investment that will strengthen food security, create employment and increase earnings for livestock producers across the ASAL regions,"" he said. He emphasized the importance of collaboration between national and county governments, development partners and local communities to ensure the successful rollout and sustainability of the project. Dr. Menjo, together with Food Systems Resilience Project National Coordinator Mr. Ngeno, chaired a stakeholder meeting bringing together representatives from participating counties, government agencies and development partners to assess the facility's readiness ahead of the presidential launch. The discussions also focused on broader plans to strengthen Kenya's livestock value chain through the establishment of County Livestock Investment Companies in all 21 ASAL counties. The initiative aims to support more than 350,000 pastoralists through cooperative structures designed to improve access to markets, veterinary services, fodder reserves,",,"[""Dholuo"",""Ekegusii"",""Somali""]",https://allafrica.com/stories/202607100237.html,,"{""origin"": ""scrape_export"", ""quarantine_reason"": ""low_psa_score:0.34"", ""original_psa_id"": ""qpsa_2026_004309"", ""recovered_from"": ""qpsa_2026_004306"", ""recovery"": ""psa_core_extract"", ""token_count"": 280, ""strict_psa_pass"": true}"
psa_2026_003877,Health,"Untitled. Nairobi — Kenyatta National Hospital has successfully performed Kenya's first Minimally Invasive Esophagectomy (MIE), marking a major breakthrough in the country's specialized surgical care and cancer treatment capabilities. The historic procedure was carried out on a 43-year-old patient diagnosed with cancer of the esophagus, becoming the first operation of its kind to be conducted in Kenya. According to the hospital, the patient underwent chemotherapy and radiotherapy to shrink the tumour before doctors approved surgery following a comprehensive clinical assessment. Unlike conventional open surgery, which requires large incisions in the chest and abdomen, the minimally invasive procedure was conducted through several small incisions using high-definition imaging technology and specialized laparoscopic instruments. Follow us on WhatsApp | LinkedIn for the latest headlines During the operation, surgeons removed the diseased esophagus and reconstructed the digestive tract by reshaping the stomach into a tube before connecting it to the throat to create a new food passage. The complex seven-hour operation was led by Joseph Mutie and Obed Makori alongside a multidisciplinary team of surgeons, anaesthesiologists, nurses and critical care specialists. The procedure offered several advantages over conventional open surgery, including reduced blood loss, less postoperative pain, smaller scars, fewer respiratory complications and faster recovery times. Hospital officials said no blood transfusion was required during the surgery due to minimal blood loss experienced during the operation. The patient spent six days in the Critical Care Unit before being transferred to the general ward and is reportedly recovering well. Doctors said postoperative assessments, including a chest X-ray conducted on the third day after surgery, showed no evidence of infection or chest-related complications. The patient has since begun tolerating small amounts of soft food orally, an",,"[""Dholuo"",""Ekegusii"",""Somali""]",https://allafrica.com/stories/202607090095.html,,"{""origin"": ""scrape_export"", ""quarantine_reason"": ""low_psa_score:0.34"", ""original_psa_id"": ""qpsa_2026_004310"", ""recovered_from"": ""qpsa_2026_004307"", ""recovery"": ""psa_core_extract"", ""token_count"": 280, ""strict_psa_pass"": true}"
psa_2026_003878,Health,"South Sudan receives emergency medical supplies to strengthen cholera response. WHO Africa / Countries / South Sudan / South Sudan receives emergency medical supplies to strengthen cholera response South Sudan receives emergency medical supplies to strengthen cholera response 24 July 2026 | News Release | Reading time: 3 min South Sudan receives emergency medical supplies to strengthen cholera response More pictures More images Juba- In response to the emerging needs for the sustained Cholera outbreak in South Sudan, WHO has received 19 metric tons of emergency supplies to replenish the fast-depleting stockpile of medical countermeasures needed in the response. These medical supplies enhance operational readiness and surge capacity. The shipment includes cholera response kits to support early detection and treatment, Inter-Agency Emergency Health Kits, as well as tents to expand temporary isolation capacity. These supplies are expected to serve approximately 134,000 people in cholera-affected areas. The shipment, valued at US$120,000 and weighing approximately 19 metric tons. Procured with support from the United Kingdom’s Foreign, Commonwealth and Development Office and the European Civil Protection and Humanitarian Aid Operations, the supplies will enable rapid deployment to outbreak affected locations. They will also strengthen timely disease detection (as they have selected laboratory reagents and rapid diagnostic test kits), isolation for infectious diseases containment, and effective case management. Most importantly, these supplies will help ensure that affected and hard-to-reach communities receive timely access to lifesaving healthcare, contributing to the reduction of preventable illness and deaths. South Sudan continues to face a complex humanitarian and public health situation driven by protracted crises, population displacement, acute food insecurity, recurrent flooding, and limited access to essential health services. Beyond depleting the emergencies stockpiles, draining the energeias out",,"[""Dholuo"",""Ekegusii"",""Somali""]",https://www.afro.who.int/countries/south-sudan/news/south-sudan-receives-emergency-medical-supplies-strengthen-cholera-response,,"{""origin"": ""scrape_export"", ""quarantine_reason"": ""low_psa_score:0.34"", ""original_psa_id"": ""qpsa_2026_004311"", ""recovered_from"": ""qpsa_2026_004308"", ""recovery"": ""psa_core_extract"", ""token_count"": 280, ""strict_psa_pass"": true}"
psa_2026_003879,Security,"Untitled. The Committee to Protect Journalists called late Monday for an investigation into the attempted kidnapping of a senior journalist in Kenya that followed angry criticism of his newspaper by President William Ruto. Rights groups have reported dozens of abductions of government critics in Kenya in recent years. Alex Kiprotich, associate editor of The Standard newspaper group, says that heavily armed men attempted to seize him as he drove to work in the city of Nakuru on June 27. Follow us on WhatsApp | LinkedIn for the latest headlines Three men in plain clothes, armed with AK-47 assault rifles, intercepted his car, and tried to open his door, but Kiprotich was able to lock the doors in time and speed away. ""As the person responsible for The Standard's headlines, I knew I had become a target,"" Kiprotich told the New York-based Committee to Protect Journalists (CPJ), adding that he and a witness gave statements to police. A police spokesman told AFP he was not aware of any attempted abduction. ""The attempt to forcibly disappear Alex Kiprotich, three days after President William Ruto railed against The Standard Group, reflects the growing dangers that journalists face in Kenya,"" said CPJ Africa Director Angela Quintal, calling for police to investigate. ""Kenyan authorities must respect the democratic role of the media in commenting on the government's achievements and shortcomings ahead of next year's elections and bring an end to this horrific trend of enforced disappearances,"" she added. The incident came just three days after Ruto criticised The Standard on X. The posts were not in Ruto's usual statesman-like tone and appeared to be a crude attempt to copy the unhinged social media style of",,"[""Dholuo"",""Ekegusii"",""Somali""]",https://allafrica.com/stories/202607070264.html,,"{""origin"": ""scrape_export"", ""quarantine_reason"": ""low_psa_score:0.34"", ""original_psa_id"": ""qpsa_2026_004375"", ""recovered_from"": ""qpsa_2026_004372"", ""recovery"": ""psa_core_extract"", ""token_count"": 280, ""strict_psa_pass"": true}"
psa_2026_003880,Health,"Untitled. Nairobi — Interior Cabinet Secretary Kipchumba Murkomen sustained his attacks against former Deputy President Rigathi Gachagua on Monday, accusing him of promoting ethnic division and using dangerous political rhetoric that could fuel violence. Murkomen in a post on X claimed that every public speech by Gachagua reinforces what he described as a pattern of incitement and tribal politics. ""Every time Rigathi Gachagua opens his mouth to speak, he affirms to all and sundry that he is the Lord of Violence and Master of Ethnic Bigotry,"" Murkomen said. The Interior CS accused Gachagua of continuing to brand political leaders from the Mt Kenya region who do not support him as ""traitors"", saying such language is dangerous and has historically been used to isolate and target individuals. Follow us on WhatsApp | LinkedIn for the latest headlines According to Murkomen, describing leaders as traitors because of their political choices is not harmless political talk but a dangerous form of incitement. ""Terming others as traitors of the community is a dog whistle that has been historically used to profile, ostracize and direct attacks against a section of society or individuals,"" he said. Murkomen pointed to historical conflicts including the Rwandan genocide and the Kosovo war crimes, arguing that similar rhetoric had previously been used to fuel violence against targeted groups. The Interior CS also referenced the death of Rachel Wandeto, claiming it followed sustained attacks against pro-government figures from the Mt Kenya region. ""The attack on Rachel Wandeto is still fresh in our minds. Her painful and unfortunate death was a direct consequence of Gachagua's incitement against pro-government people from the region,"" Murkomen alleged. The Cabinet Secretary did not provide further evidence",,"[""Dholuo"",""Ekegusii"",""Somali""]",https://allafrica.com/stories/202607070034.html,,"{""origin"": ""scrape_export"", ""quarantine_reason"": ""low_psa_score:0.34"", ""original_psa_id"": ""qpsa_2026_004376"", ""recovered_from"": ""qpsa_2026_004373"", ""recovery"": ""psa_core_extract"", ""token_count"": 280, ""strict_psa_pass"": true}"
psa_2026_003881,Health,"Untitled. Kisii — Police have summoned Nyaribari Chache Member of Parliament Zaheer Jhanda to appear before detectives at the Directorate of Criminal Investigations (DCI) offices in Kisii County to assist with ongoing investigations into the violent attacks on a Linda Mwananchi convoy. The summons comes as security agencies intensify investigations into Friday's chaos at Keumbu along the Kisii-Keroka Road, an incident that has already led to the arrest of seven suspects. According to the National Police Service, detectives are pursuing additional leads to establish the full circumstances surrounding the attacks and determine whether more individuals were involved. Police confirmed that four additional suspects were arrested during a joint security operation conducted by officers from Keumbu Police Station and detectives from the Directorate of Criminal Investigations Kisii Central office. Keep up with the latest headlines on WhatsApp | LinkedIn The latest arrests bring the total number of suspects in custody to seven as investigators widen the probe into the violence. Authorities say the operation forms part of ongoing efforts to restore calm and ensure all those linked to the attacks are brought to justice. While police have not disclosed the specific reasons behind Jhanda's summons, investigators indicated that they are seeking information that could help piece together events leading to the violent confrontation. Security officials maintained that investigations remain active and warned that additional arrests could follow depending on the outcome of ongoing inquiries. ""The investigation is ongoing, and detectives are pursuing further leads to establish the full circumstances surrounding the incident and identify any additional suspects,"" the National Police Service said in a statement. The incident has sparked fresh concern over rising political tensions and security challenges in parts of",,"[""Dholuo"",""Ekegusii"",""Somali""]",https://allafrica.com/stories/202607060117.html,,"{""origin"": ""scrape_export"", ""quarantine_reason"": ""low_psa_score:0.34"", ""original_psa_id"": ""qpsa_2026_004377"", ""recovered_from"": ""qpsa_2026_004374"", ""recovery"": ""psa_core_extract"", ""token_count"": 280, ""strict_psa_pass"": true}"
psa_2026_003882,Governance,"Untitled. Nairobi — President William Ruto has launched a sharp attack on Manyatta MP Gitonga Mukunji, declaring that the first-term lawmaker cannot teach him politics as he accused allies of former Deputy President Rigathi Gachagua of promoting divisive politics instead of offering solutions to Kenyans. Speaking during a church service at Full Gospel Church Gatunduri in Embu County, Ruto appeared to take direct aim at Mukunji, a vocal critic of his administration and a close ally of Gachagua, amid an escalating political contest for influence in the Mt Kenya region ahead of the 2027 General Election. ""I have heard some people say they want to teach me politics,"" the President said. ""What can a one-term Member of Parliament teach someone who has spent decades in public service? I have been in politics for a long time, and I do not rely on anyone to seek votes for me. I earn the support of Kenyans through my record of development."" Follow us on WhatsApp | LinkedIn for the latest headlines The remarks were widely interpreted as a response to Mukunji, who has emerged as one of the most outspoken critics of the Kenya Kwanza administration despite being elected on the UDA party ticket. The President dismissed criticism from his political opponents as mere ""noise,"" insisting Kenyans would ultimately judge leaders by their performance rather than political rhetoric. ""We are used to the noise. Kenyans know the truth, and they know who is working for them,"" he said. Without naming Gachagua directly, Ruto also condemned what he described as attempts to divide Kenyans along ethnic and political lines. ""I will never accept politics of division that seeks to separate Kenyans on the",,"[""Dholuo"",""Ekegusii"",""Somali""]",https://allafrica.com/stories/202607060075.html,,"{""origin"": ""scrape_export"", ""quarantine_reason"": ""low_psa_score:0.34"", ""original_psa_id"": ""qpsa_2026_004378"", ""recovered_from"": ""qpsa_2026_004375"", ""recovery"": ""psa_core_extract"", ""token_count"": 280, ""strict_psa_pass"": true}"
psa_2026_003883,Governance,"Untitled. Nairobi — Former Law Society of Kenya (LSK) President Faith Odhiambo has urged the National Assembly to urgently fast-track the Basic Education (Amendment) Bill, 2025, warning that continued delays are denying thousands of children in informal settlements access to equitable and quality education. The proposed legislation seeks to formally recognize Alternative Provision of Basic Education and Training (APBET) schools as part of Kenya's basic education system. However, the Bill has remained at the committee stage for months without progress, leaving many low-cost, community-run schools operating without full legal recognition. Odhiambo made the call after visiting Waruku Primary and Excelite School in Waruku, Kileleshwa Ward, alongside Nairobi City County Assembly Education Committee Chairperson Perpetua Mponjiwa. Follow us on WhatsApp | LinkedIn for the latest headlines During the visit, the two donated textbooks to learners and interacted with pupils and teachers. She said the visit underscored the critical role APBET schools continue to play in educating children from underserved communities despite operating under severe resource constraints. ""From inadequate learning facilities and shortages of textbooks to persistent financial challenges, APBET schools work against all odds to ensure learners are not deprived of their constitutional right to education,"" Odhiambo said. She argued that the lack of formal recognition and government support has created a significant policy gap that continues to disadvantage children living in informal settlements. ""The Basic Education (Amendment) Bill, 2025, which proposes to legally recognize APBET schools as formal institutions providing basic education in Kenya, has been stuck at the committee stage for months without progress. We call upon the National Assembly to treat the Bill as priority legislation because it directly impacts the best interests of Kenyan children,"" she said.",,"[""Dholuo"",""Ekegusii"",""Somali""]",https://allafrica.com/stories/202607030061.html,,"{""origin"": ""scrape_export"", ""quarantine_reason"": ""low_psa_score:0.34"", ""original_psa_id"": ""qpsa_2026_004379"", ""recovered_from"": ""qpsa_2026_004376"", ""recovery"": ""psa_core_extract"", ""token_count"": 280, ""strict_psa_pass"": true}"
psa_2026_003884,Education,"Untitled. Nairobi — Women in Technology and Innovation Africa (WITIA) has expanded its digital education programme with the launch of its second Smart Library in Machakos County. The body says the move highlights the growing role of public-private partnerships in improving access to technology-enabled learning in underserved schools. The facility at Mbukoni Comprehensive School is equipped with computers, high-speed internet, digital learning platforms and curriculum-aligned educational resources aimed at supporting the Competency-Based Curriculum (CBC). The project also includes accessibility features for learners living with disabilities, more than 2,300 curriculum-aligned books, three renovated classrooms and a modern teachers' ablution block. Keep up with the latest headlines on WhatsApp | LinkedIn The launch comes as Kenya continues to invest in digital infrastructure and skills development to prepare learners for a technology-driven economy, with government increasingly relying on partnerships to bridge resource gaps in the education sector. Education Cabinet Secretary Julius Migos said initiatives such as WITIA's complement government efforts to improve learning outcomes through technology. ""The Government remains committed to ensuring that every Kenyan learner has access to quality education supported by modern technology. The WITIA Smart Library exemplifies the kind of collaboration that strengthens our education system."" ""Together, we are preparing our young people for the opportunities and challenges of the twenty-first century."" The Mbukoni facility is the second digital learning hub established under WITIA's Smart Libraries for a Smart Nation Initiative, following a similar project at Nkaimurunya Comprehensive School in Kajiado County. WITIA Founder and Chairperson Eunice Pohlmann said digital access is becoming an essential component of quality education, particularly for learners in marginalised communities. ""Education is the greatest equalizer, but in today's world it must be accompanied by digital",,"[""Dholuo"",""Ekegusii"",""Somali""]",https://allafrica.com/stories/202607030469.html,,"{""origin"": ""scrape_export"", ""quarantine_reason"": ""low_psa_score:0.34"", ""original_psa_id"": ""qpsa_2026_004380"", ""recovered_from"": ""qpsa_2026_004377"", ""recovery"": ""psa_core_extract"", ""token_count"": 280, ""strict_psa_pass"": true}"
psa_2026_003885,Health,"Untitled. Nairobi — Former Deputy President Rigathi Gachagua has intensified consultations ahead of the 2027 General Election after hosting businessman and Safina Party leader Jimi Wanjigi at his Wamunyoro residence. The meeting comes as opposition leaders continue efforts to build a united front aimed at challenging President William Ruto in the next election, with Gachagua describing the discussions as part of wider consultations on forming what he called the ""6th Administration."" Sharing details after the meeting, Gachagua said he had benefited from Wanjigi's political experience and insights on government formation. Follow us on WhatsApp | LinkedIn for the latest headlines ""Pleased to have held consultations with businessman Jimi Wanjigi who called on me at the Wamunyoro residence,"" Gachagua said. ""The liberation cause of our country and the formation of the 6th Administration is so critical that we must get views from all."" Gachagua said the talks are part of ongoing engagements with different leaders and stakeholders as he seeks to build a broad political movement ahead of the 2027 presidential race. According to the former Deputy President, no single individual can shape Kenya's future alone. ""I have greatly benefited from his insights and experience in formation of governments. Consultations continue. God bless Kenya,"" Gachagua said. Wanjigi, the leader of the Safina Party, has repeatedly criticised President Ruto's administration and has publicly backed efforts to build a united opposition capable of defeating the Kenya Kwanza government in 2027. Gachagua has also stepped up nationwide political consultations since leaving government, positioning himself as one of the key figures seeking to rally opposition leaders behind a single presidential bid. The Wamunyoro meeting adds to a series of consultations Gachagua has been holding with",,"[""Dholuo"",""Ekegusii"",""Somali""]",https://allafrica.com/stories/202607010472.html,,"{""origin"": ""scrape_export"", ""quarantine_reason"": ""low_psa_score:0.34"", ""original_psa_id"": ""qpsa_2026_004382"", ""recovered_from"": ""qpsa_2026_004379"", ""recovery"": ""psa_core_extract"", ""token_count"": 280, ""strict_psa_pass"": true}"
psa_2026_003886,Governance,"Untitled. Nairobi — Lawyers representing Kipipiri MP Wanjiku Muhia on Friday stormed out of an Independent Electoral and Boundaries Commission (IEBC) Electoral Code of Conduct Enforcement Committee hearing, accusing the panel of bias, procedural unfairness and pursuing a predetermined outcome against their client. The legal team, led by advocates Edward Muriu and Ndegwa Njiru, withdrew from the proceedings after the committee declined an application for adjournment and indicated it would proceed with a hearing into allegations that Muhia breached the Electoral Code of Conduct during a public rally in Ol Kalou on June 14. Following the walkout, the lawyers demanded an audience with IEBC Chairperson Erastus Edung Ethekon, insisting they would not participate in what they described as an improperly constituted and hostile process. Speaking outside the hearing venue, Muriu accused the committee presided over by Commissioner Alutalala Mukhwana of disregarding concerns over its composition and refusing to grant the defence time to seek interpretation of the relevant Gazette Notice in the High Court. Keep up with the latest headlines on WhatsApp | LinkedIn ""We applied for adjournment to go to the High Court for interpretation of the Gazette notice, but they insisted, irrespective of our protestations, they decided they want to proceed in the absence of the respondent, Hon. Wanjiku Muhia, and her counsel,"" Muriu said. The lawyers further claimed they arrived at the venue on time but were informed that the committee had already commenced proceedings in their absence. They also questioned the authority of the official presiding over the session, arguing that the panel was not chaired by the gazetted office holder. ""You can see the hostility of this committee. You can see how they are determined",,"[""Dholuo"",""Ekegusii"",""Somali""]",https://allafrica.com/stories/202606260396.html,,"{""origin"": ""scrape_export"", ""quarantine_reason"": ""low_psa_score:0.32"", ""original_psa_id"": ""qpsa_2026_004385"", ""recovered_from"": ""qpsa_2026_004382"", ""recovery"": ""psa_core_extract"", ""token_count"": 280, ""strict_psa_pass"": true}"
psa_2026_003887,Education,"Untitled. Nairobi — Interior Cabinet Secretary Kipchumba Murkomen has described the June 25 Gen Z anniversary demonstrations as a ""complete failure of political scavengers"", arguing that attempts by politicians to turn the commemorations into a nationwide anti-government mobilisation failed to gain traction. Speaking after largely peaceful demonstrations across the country, Murkomen said Kenyans had rejected political rhetoric and instead chosen to commemorate victims of the 2024 protests in an orderly manner. ""Today was a complete failure on the part of politicians and political scavengers, and it was a success for Kenyans who love peace and order,"" Murkomen said. Follow us on WhatsApp | LinkedIn for the latest headlines The Interior CS argued that while families, friends and supporters of victims of the June 2024 protests had a legitimate right to commemorate the anniversary, some political actors sought to exploit the occasion for their own ends. ""Politicians all over the country tried to take advantage of this day and went about saying all Kenyans must come to the streets. They saw for themselves that Kenyans are tired. They are tired of political rhetoric,"" he said. Murkomen said the largely calm demonstrations showed that constitutional protests can be conducted peacefully without disrupting the lives and livelihoods of other citizens. According to the government, no widespread incidents of looting, vandalism, skirmishes or injuries were reported during the commemorations, which took place in Nairobi, Mombasa and several other towns. He singled out Mombasa as an example of peaceful civic action, praising residents for conducting orderly demonstrations for a second consecutive year. ""I would like to hail Mombasa residents for holding peaceful protests two years in a row and showing that all is possible,"" he",,"[""Dholuo"",""Ekegusii"",""Somali""]",https://allafrica.com/stories/202606260053.html,,"{""origin"": ""scrape_export"", ""quarantine_reason"": ""low_psa_score:0.34"", ""original_psa_id"": ""qpsa_2026_004386"", ""recovered_from"": ""qpsa_2026_004383"", ""recovery"": ""psa_core_extract"", ""token_count"": 280, ""strict_psa_pass"": true}"
psa_2026_003888,Governance,"Untitled. IN SHORT: An image showing Kenyan politician and former health minister Susan Nakhumicha in a short dress while addressing a crowd is drawing criticism for the politician online. However, the image is fake. An image doing the rounds on social media appears to show Susan Nakhumicha, a Kenyan politician and former cabinet secretary for health, addressing a public gathering while wearing a short dress. Users who posted the image use it to undermine her reputation, accusing her of prostitution and questioning her leadership potential. Keep up with the latest headlines on WhatsApp | LinkedIn ""Susan nakhumicha endelea kutambea uchi ukifurahusha boy friend wako fake papa waroma. Tranzoia hatutaki Malaya George George Natembeya governor,"" one user captioned the image, in Kiswahili. This translates as: ""Susan Nakhumicha, continue walking naked while you entertain your fake boyfriend Papa wa Roma. In Trans Nzoia county we don't want a prostitute. George Natembeya for governor."" In November 2025, Nakhumicha announced plans to unseat Trans Nzoia county governor George Natembeya , who is expected to seek re-election in 2027. Nakhumicha has received the backing of Kenya's speaker of the national assembly, Moses Wetang'ula , who is nicknamed Papa wa Roma in the post. Trans Nzoia county is in western Kenya , about 400 kilometres from Nairobi. Nakhumicha came into the limelight in September 2022 when president William Ruto appointed her to lead the health ministry. She held that position until August 2024, when Ruto dissolved his cabinet following anti-government protests . In March 2025, Ruto nominated Nakhumicha to serve as the permanent representative to the United Nations Human Settlements Programme . The image has circulated widely on social media, but is it credible? We checked.",,"[""Dholuo"",""Ekegusii"",""Somali""]",https://allafrica.com/stories/202606250509.html,,"{""origin"": ""scrape_export"", ""quarantine_reason"": ""low_psa_score:0.34"", ""original_psa_id"": ""qpsa_2026_004387"", ""recovered_from"": ""qpsa_2026_004384"", ""recovery"": ""psa_core_extract"", ""token_count"": 280, ""strict_psa_pass"": true}"
psa_2026_003889,Education,"How to check your HELB loan balance: a detailed guide. Education Education How to check your HELB loan balance: a detailed guide Published 20 Aug 2018 Updated 21 Apr 2026 by Pauline Mwabishi , Cyprine Apindi , John Ouma 5 min read The Higher Education Loans Board (HELB) is a statutory body that grants loans, bursaries, and scholarships for training in universities and TVET institutions in Kenya . As a beneficiary, you might be caught in a situation where you need to check your HELB loan balance. This article explains how to check your HELB loan balance by dialing *642# and other alternatives. The HELB logo and a woman in a green top is smiling while using a laptop. Photo: @HELB, pexels.com, @Andrea Piacquadio (modified by author) Source: UGC TABLE OF CONTENTS Key takeaways How to check your HELB loan balance How to check your HELB loan balance via SMS How to check your HELB balance using the app How to check your HELB loan balance via USSD How to check your HELB loan balance online HELB contacts How do you check if your HELB loan is approved? How does HELB work? How do you check your HELB balance on your phone? Can you repay your HELB loan in a single instalment? What happens once you fully repay your loan? Is HELB interest charged for Muslims? How do you see your remaining student loan balance? + View more Key takeaways You can check your HELB loan balance through the online HELB portal , the HELB mobile app , USSD Code, sending an SMS , or by contacting HELB customer service . To access your loan balance online, you must log",,"[""Dholuo"",""Ekegusii"",""Somali""]",https://www.tuko.co.ke/281041-how-check-helb-loan-balance.html,2018-08-20T09:19:11+03:00,"{""origin"": ""scrape_export"", ""quarantine_reason"": ""low_psa_score:0.34"", ""original_psa_id"": ""qpsa_2026_004388"", ""recovered_from"": ""qpsa_2026_004385"", ""recovery"": ""psa_core_extract"", ""token_count"": 280, ""strict_psa_pass"": true}"
psa_2026_003890,Education,"How to check your KUCCPS placement results for university and college. Education Education How to check your KUCCPS placement results for university and college Published 16 Jun 2023 Updated 17 Apr 2026 by Simon Ayub , Cyprine Apindi , Jackline Wangare , Clinton Nyabuto 8 min read Did you apply for KUCCPS placement , and are you anxious to know the institution you were placed at? The good thing is that there is a way to check your placement. You must first learn how to check your KUCCPS placement results , and there are various ways to do it. TUKO.co.ke also spoke with Reynold Owuor, a career coach and Lead Talent Partner at TheBoardroom Africa, and he discussed how students can align their career choices with real-world passions and the realities of Kenya’s job market. The KUCCPS logo (L) and officials in front of the KUCCPS reception area (R). Photo: @KUCCPS (modified by author) Source: UGC TABLE OF CONTENTS Key takeaways How to check your KUCCPS placement results Requirements for checking your KUCCPS placement results How to check your KUCCPS placement results online How to get your placement results via SMS How to use the KUCCPS student portal to get your admission letter KUCCPS contacts Interview with a career coach Is the KUCCPS KMTC portal open? How do you get your KUCCPS admission letter? How can you check your KUCCPS placement results online? When will KUCCPS release the placement results in 2026? + View more Key takeaways KUCCPS stands for the Kenya Universities and Colleges Central Placement Service, which was formed under the Universities Act 2012 . Every student who wants to join a university, college, or tertiary institution and",,"[""Dholuo"",""Ekegusii"",""Somali""]",https://www.tuko.co.ke/279254-kuccps-admission-enquiry-how-check-course.html,2023-06-16T12:12:51+03:00,"{""origin"": ""scrape_export"", ""quarantine_reason"": ""low_psa_score:0.34"", ""original_psa_id"": ""qpsa_2026_004389"", ""recovered_from"": ""qpsa_2026_004386"", ""recovery"": ""psa_core_extract"", ""token_count"": 280, ""strict_psa_pass"": true}"
psa_2026_003891,Security,"Kisumu MP Oron Condemns Violent Robbery Attack on Uzima University Students. Kisumu MP Oron Condemns Violent Robbery Attack on Uzima University Students By: CORRESPONDENT | 13th Jul 2026 | 3 min read Listen KISUMU, Kenya Jul 13 – Kisumu Central Member of Parliament Joshua Oron has condemned the violent robbery attack targeting students living near Uzima University, describing the incident as a cowardly act that left several students injured and traumatised. The attack occurred on Sunday night when suspected criminals reportedly stormed student hostels near the university, robbing occupants of their valuables and assaulting some of them before fleeing the scene. The incident has reignited concerns over security around institutions of higher learning in Kisumu County. In a statement issued on Monday, Oron expressed sympathy with the affected students and wished those injured a quick recovery, assuring them that measures were being taken to improve security in the area. “I have received with profound sadness and outrage reports of the violent robbery attack against students of Uzima University. I unequivocally condemn this heinous act of criminality, which has caused trauma and suffering to innocent students,” the MP said. You might also like Kisumu Central MP Oron Donates Motorbikes to Chiefs to Boost Security Fight Kisumu MP Joshua Oron Brings Christmas Cheer to Street Children, Marginalised Families ODM lawmaker says party, Luo community must support Ruto unconditionally He called on the Inspector General of Police, regional and county security teams and investigative agencies to move swiftly to identify, arrest and prosecute those responsible for the attack. “I call upon the Inspector General of Police, the regional and county security teams and all relevant investigative agencies to act swiftly and decisively to ensure that those responsible for this cowardly attack are identified, apprehended and brought to justice without delay,” he said. The legislator also highlighted the ongoing construction of the Obunga Police Station, a project he said he had championed to address rising insecurity in the area. According to Oron, the police station, which is strategically located near Uzima University, is expected",,"[""Dholuo"", ""Ekegusii"", ""Somali""]",https://capitalfm.africa/kisumu-mp-oron-condemns-violent-robbery-attack-on-uzima-university-students/,2026-07-13T09:02:28+03:00,"{""contributor"": ""Iranzi Innocent / data/governance"", ""origin_file"": ""all_psa_export.csv"", ""origin_psa_id"": ""psa_2026_002546"", ""organization"": ""Capital FM Kenya"", ""urgency"": ""emergency"", ""language"": ""en"", ""source_schema"": ""all_psa_export"", ""src_adapter"": ""generic_html"", ""lang_detected"": ""en"", ""token_count"": 340, ""sentence_count"": 19, ""content_hash"": ""e5ba4bc2bba6f48785509afa78538d014f5ecef95f8e3ce044fced7d1adda40d"", ""original_psa_id"": ""qpsa_2026_004402"", ""quarantine_reason"": ""low_psa_score:0.31"", ""recovered_from"": ""qpsa_2026_004398"", ""recovery"": ""psa_core_extract"", ""strict_psa_pass"": true}"
psa_2026_003892,Governance,"Nairobi IEBC County Office Hosts Inclusive Stakeholder Forum on Elections8th Apr 2026. The Nairobi IEBC County Office today held a stakeholders’ meeting that brought together representatives from a wide range of groups, including women, youth, persons with disabilities (PWDs), faith-based organizations (FBOs), community-based organizations (CBOs), civil society organizations (CSOs), heads of government departments, and leaders drawn from all 17 constituencies across the county. The gathering created an inclusive space where different stakeholders engaged, shared perspectives, and contributed to discussions on electoral matters. Commissioner Ann Nderitu, CBS, Chairperson of the Election Operations Committee, while addressing the stakeholders, emphasized the vital role of stakeholders, civil society, and mobilizers in strengthening Kenya’s democracy. Every contribution whether from moderate voices, youth leaders, or persons with disabilities is recognized and valued. She called upon young people to stand up and lead, reminding them: “It is your time, your generation, your opportunity to make a difference for your country,” she said. Past engagements have shown that active participation can transform outcomes, and the Commissioner encouraged continued mobilization and advocacy. She concluded by noting that all Kenyans have a role to play during the election period and not just the IEBC. By working together, stakeholders in Nairobi and nationally can ensure the next General Election is transparent, inclusive and effective. Commissioner Dr. Alutalala Mukhwana, Chairperson Voter Education, Partnerships, Communication and Stakeholder Engagement Committee, emphasized that the Commission is committed to serving citizens, but success requires partnership. Feedback, dialogue, and constructive engagement are encouraged to deepen democracy and improve electoral processes. He emphasized that the Commission is committed to conducting free, fair, transparent, and inclusive elections. IEBC Nairobi County Election Manager, Mr. Albert Gogo, while opening the session, gave a detailed and insightful presentation on the electoral processes. He guided participants through the various phases of the election cycle, underscoring the critical role of public participation at every stage. Gogo encouraged stakeholders to actively engage in mobilizing their communities, raising awareness, and supporting the ongoing enhanced continuous voter registration to ensure that more eligible citizens take advantage of",,"[""Dholuo"",""Ekegusii"",""Somali""]",https://www.iebc.or.ke/news/?Nairobi_IEBC_County_Office_Hosts_Inclusive_Stakeholder_Forum_on_Elections,,"{""origin"": ""scrape_export"", ""quarantine_reason"": ""low_psa_score:0.31"", ""original_psa_id"": ""qpsa_2026_004430"", ""recovered_from"": ""qpsa_2026_004426"", ""recovery"": ""psa_core_extract"", ""token_count"": 340, ""strict_psa_pass"": true}"
psa_2026_003893,Governance,"IEBC Holds Validation and Close Out Workshop on Human Resource Instruments29th Jan 2026. The Commission led by the Chairperson Erastus Edung Ethekon, HSC is holding a validation and close-out workshop on IEBC HR instruments. The session brings together IEBC and the State Department of Public Service and Human Capital Development to review and validate key human resource tools that will guide the Commission’s operations going forward. The Chairperson emphasized that people are the true foundation of the Commission, noting that institutions are driven not by structures, offices, plans, or resources, but by the human beings who bring them to life. He observed that IEBC staff are a unique group of professionals who have undergone rigorous education, training, and professional development, acquiring specialized skills that enable the Commission to function effectively. It is these diverse competencies, he said, that inform the organizational structure and ensure that every role is filled by the right expertise. “People are the true foundation of IEBC. When we place the right people with the right skills, attitudes, and training in the right roles, and work together as one team, we strengthen the Commission’s capacity to deliver credible, free, fair, transparent, accountable, and peaceful elections for the people of Kenya.” He called on participants to take the session seriously, acknowledging the significant transformation the institution has undergone in strengthening its internal capacity and external engagement. He highlighted the value of institutional memory, experience and the legacy carried by both long-serving staff and newer members, stating that when this collective knowledge is harnessed effectively, the Commission can be elevated to the highest level of performance. In conclusion, the Chairperson urged participants to approach the proposed reforms with an open and ambitious mindset. He encouraged collaboration, mutual support, and effective communication among staff in order to unlock challenges and optimize individual and collective potential. He described the workshop as an opportunity to rethink, reimagine, reorganize, and act in the best interest of both the Commission and its staff, positioning IEBC strongly for future electoral cycles, including the next general",,"[""Dholuo"",""Ekegusii"",""Somali""]",https://www.iebc.or.ke/news/?IEBC_Holds_Validation_and_Close_Out_Workshop_on_Human_Resource_Instruments,,"{""origin"": ""scrape_export"", ""quarantine_reason"": ""low_psa_score:0.34"", ""original_psa_id"": ""qpsa_2026_004433"", ""recovered_from"": ""qpsa_2026_004429"", ""recovery"": ""psa_core_extract"", ""token_count"": 340, ""strict_psa_pass"": true}"
psa_2026_003894,Governance,"Commission clears 181 candidates to contest in 24 by-elections in November20th Oct 2025. The Commission finalised the registration of 181 candidates to contest in the 24 electoral areas with by-elections scheduled for 27th November 2025. Following this, a 10-day window, has been opened for resolving any disputes arising from the candidate registration process. “The commission deployed a monitoring and reporting tool for use during the registration exercise that was meant to solicit ground information for our future improvements,” said Gideon Balang, Manager Electoral Operations. Out of the 24 electoral area, Nairobi County’s Kariobandi North County Assembly Ward within Embakasi North Constituency and Chewani ward in Galole Constituency of Tana River County have the highest number of nominees cleared being 16. Tembelio ward in Moiben Constituency in Uashin Gishu County has only one candidate. “Candidates are commencing campaigns upon successful registration by the respective Returning Officers. The campaigns shall end on Monday 24th November 2025, being 48 hours before the by-election day. The campaign time shall run daily from 7.00a.m. to 6.00p.m. during the campaign period,” added Balang. The Commission urged all candidates and the public to maintain peace and order during the campaign period. “Candidates are urged to strictly adhere to the Code of Conduct during the electioneering period,” said Balang. Summary of number of candidates for electoral area County Code County Const. Code Constituency CAW Code CAW Elective Position Number 030 Baringo SENATE 6 003 Kilifi 17 Magarini MNA 10 009 Mandera 40 Banissa MNA 2 014 Embu 66 Mbeere North MNA 9 041 Siaya 233 Ugunja MNA 10 043 Homa Bay 245 Kasipul MNA 10 037 Kakamega 201 Malava MNA 9 004 Tana River 019 Galole 0094 Chewani MCA 16 007 Garissa 031 Fafi 0155 Fafi MCA 3 016 Machakos 081 Machakos Town 0402 Mumbuni North MCA 11 023 Turkana 123 Turkana North 0612 Lake Zone MCA 3 023 Turkana 124 Turkana West 0623 Nanaam MCA 4 025 Samburu 134 Samburu North 0670 Angata Nanyokie MCA 3 027 Uasin Gishu 148 Moiben 0714 Tembelio MCA 1 028 Elgeyo",,"[""Dholuo"",""Ekegusii"",""Somali""]",https://www.iebc.or.ke/news/?Commission_clears_181_candidates_to_contest_in_24_by-elections_in_November,,"{""origin"": ""scrape_export"", ""quarantine_reason"": ""low_psa_score:0.31"", ""original_psa_id"": ""qpsa_2026_004434"", ""recovered_from"": ""qpsa_2026_004430"", ""recovery"": ""psa_core_extract"", ""token_count"": 340, ""strict_psa_pass"": true}"
psa_2026_003895,Governance,"Commission call staff to action, to serve with sacrifice and patriotism as Continuous Voter Registration resumes29th Sep 2025. The Commission convened all its staff, from across the country, for a landmark training on Continuous Voter Registration (CVR), a mission that carries the weight of Kenya’s democratic destiny. Led by IEBC Chairperson Erastus Ethekon, the Commission reminded its staff that they are more than officers behind a desk—they are the living face of Kenya’s democracy, from the remotest polling station in Turkana to the headquarters in Nairobi. “You are the face of the Commission,” declared Ethekon with patriotic fervor. “How you serve, communicate and carry yourselves defines what Kenyans think of the IEBC.” The Chairperson saluted the Commission’s staff for their sacrifice, endurance and courage in delivering elections that the world recognized as credible and peaceful. “Many of you have worked long hours, in difficult conditions, sometimes hostile environments, yet you never wavered. Because of you, the Commission delivered for Kenya—and for democracy,” said Ethekon. With the 2027 General Election in sight, the Chairperson urged staff to rise to the challenge. “Communicate better, serve better, and work better—together. Speak clearly, engage openly, and share accurate information. Remember, every citizen matters. Treat Kenyans with dignity and professionalism.” The Commission projects to enroll an additional 6.3 million new voters, raising Kenya’s electoral voice to over 28 million strong. Commissioner Ann Nderitu, CBS, underscored that CVR is not a box-ticking exercise but the foundation of credible elections. “Without an accurate, inclusive and trusted register, everything else we do falls short,” she said. “These are not just statistics. They are voices shaping Kenya’s future. Each registration is more than data—it is an act of empowerment, a restoration of dignity, a reaffirmation of the constitutional right to choose one’s leaders.” Commission Secretary/CEO Marjan Hussein Marjan, MBS reminded the staff that their role transcends technical procedures. “Training is not just about skills. It is about inspiring trust and confidence in every Kenyan. You are not just doing a job—you are protecting the integrity of Kenya’s democracy,” said",,"[""Dholuo"",""Ekegusii"",""Somali""]","https://www.iebc.or.ke/news/?Commission_call_staff_to_action,_to_serve_with_sacrifice_and_patriotism_as_Continuous_Voter_Registration_resumes",,"{""origin"": ""scrape_export"", ""quarantine_reason"": ""low_psa_score:0.33"", ""original_psa_id"": ""qpsa_2026_004435"", ""recovered_from"": ""qpsa_2026_004431"", ""recovery"": ""psa_core_extract"", ""token_count"": 340, ""strict_psa_pass"": true}"
psa_2026_003896,Governance,"Integration of the Export Process in iCMS with the VAT Return in iTax. BACK TO PUBLIC NOTICES Integration of the Export Process in iCMS with the VAT Return in iTax Kenya Revenue Authority notifies taxpayers and the public that, effective May 2026, the VAT return export data in ICMS will be integrated with the declaration of zero-rated supplies in the VAT return in iTax. This means that validated export values will be automatically prefilled in the VAT return upon issuance of the relevant export documents by Customs. The change applies to exports to the Single Customs Territory, other foreign countries, Export Processing Zones (EPZs) and Special Economic Zones (SEZs). To support accurate prefilling, exporters and their clearing and forwarding agents must capture the exporter’s PIN and valid TIMS/eTIMS zero-rated invoice number when lodging export documents in iCMS. Only export values validated in iCMS and linked to the exporter’s PIN and invoice will be allowed in the VAT return. Exports of taxable services will also be prefilled in iTax based on generated and transmitted TIMS/eTIMS invoices for the relevant tax period. For further information, contact the KRA Contact Centre on (020) 4 999 999 or 0711 099 999, or email callcentre@kra.go.ke . Commissioner for Micro and Small Taxpayers PUBLIC NOTICES 23/04/2026 💬 Address Times Tower Building Haile Selassie Avenue P. O. Box 48240 - 00100 Helping Tax Payers iTax Tutorials Glossary FAQs Complaints Community Facts About KRA About KRA Who We Are KRA 9th Corporate Plan KRA Information Security Policy Data Privacy Statement Treaties & International Policy Exchange of Information KRA Quality Policy Statement Staff Mobile Application (iOS) Staff Mobile Application (Android) International Capacity Development Program (ICDP) KRA Service Charter Annual Tax Summit The National Treasury KenInvest Public Financial Mgt Reforms Never miss a thing about KRA © Kenya Revenue Authority 2026 | Privacy Policy | Terms and Conditions Enable JavaScript to ensure website accessibility",,"[""Dholuo"",""Ekegusii"",""Somali""]",https://www.kra.go.ke/news-center/public-notices/2368-integration-of-the-export-process-in-icms-with-the-vat-return-in-itax,,"{""origin"": ""scrape_export"", ""quarantine_reason"": ""low_psa_score:0.34"", ""original_psa_id"": ""qpsa_2026_004437"", ""recovered_from"": ""qpsa_2026_004433"", ""recovery"": ""psa_core_extract"", ""token_count"": 314, ""strict_psa_pass"": true}"
psa_2026_003897,Governance,"Validation of Income and Expenses in the Income Tax Returns. BACK TO PUBLIC NOTICES Validation of Income and Expenses in the Income Tax Returns Kenya Revenue Authority (KRA) wishes to inform taxpayers, stakeholders and the public that, effective 1 st January 2026 , it will begin validating income and expenses declared in both individual and non-individual income tax returns against the following data sources: TIMS/eTIMS Withholding Income Tax gross Import records from Customs This validation will take place upon submission of the 2025 year of income/ accounting period return via the iTax platform. All declared income and expenses must be supported by a valid electronic tax invoice, correctly transmitted with the buyer’s PIN, where applicable, subject to exceptions provided under Section 23A of the Tax Procedures Act, Cap 469B and the Tax Procedures (Electronic Tax Invoice) Regulations, 2024. Taxpayers are encouraged to request TIMS/eTIMS schedules of their current annual income and expenses from their designated account managers. KRA invites feedback and insights from taxpayers and stakeholders to facilitate a smooth and effective implementation of this validation process. For any additional information, please contact the Contact Centre at Tel: 020 4 999 999, 0711 099 999, or Email: callcentre@kra.go.ke, or get in touch with your account or relationship manager at the Tax Service Office. Commissioner, Micro & Small Taxpayers PUBLIC NOTICES 10/11/2025 💬 Address Times Tower Building Haile Selassie Avenue P. O. Box 48240 - 00100 Helping Tax Payers iTax Tutorials Glossary FAQs Complaints Community Facts About KRA About KRA Who We Are KRA 9th Corporate Plan KRA Information Security Policy Data Privacy Statement Treaties & International Policy Exchange of Information KRA Quality Policy Statement Staff Mobile Application (iOS) Staff Mobile Application (Android) International Capacity Development Program (ICDP) KRA Service Charter Annual Tax Summit The National Treasury KenInvest Public Financial Mgt Reforms Never miss a thing about KRA © Kenya Revenue Authority 2026 | Privacy Policy | Terms and Conditions Enable JavaScript to ensure website accessibility",,"[""Dholuo"",""Ekegusii"",""Somali""]",https://www.kra.go.ke/news-center/public-notices/2323-validation-of-income-and-expenses-in-the-income-tax-returns,,"{""origin"": ""scrape_export"", ""quarantine_reason"": ""low_psa_score:0.34"", ""original_psa_id"": ""qpsa_2026_004438"", ""recovered_from"": ""qpsa_2026_004434"", ""recovery"": ""psa_core_extract"", ""token_count"": 325, ""strict_psa_pass"": true}"
psa_2026_003898,Governance,"Guidance on Tax Exemption on Payment of Gratuity. BACK TO PUBLIC NOTICES Guidance on Tax Exemption on Payment of Gratuity Kenya Revenue Authority informs the public that the Finance Act, 2025 amended the Income Tax Act to exempt payment of gratuity from income tax. This exemption applies to gratuity earned after 1st July, 2025. The following guidance seeks to provide further clarification on the tax treatment of gratuity earned prior to 1st July, 2025 in light of the exemption - 1. Gratuity earned or relating to periods prior to 1st July, 2025, even where payment is made after this date, is chargeable to tax. The gratuity is taxed as part of employment income and is taxable in the year it was earned. This means that where gratuity is paid to an employee, it should be spread to the period to which it relates, up to four (4) years back, and any remaining amounts relating to periods beyond four (4) years shall be deemed income of the fifth year. The gratuity will then be taxed at the applicable tax rates in the respective years. 2. In computing the taxable income for the periods outlined above, the employer shall consolidate the gratuity payable for each year with other employment income earned by the employee during the respective period and subject the consolidated income to tax at the prevailing tax rate for that year. Tax payable shall be the difference between the tax arrived at on the consolidated amount and what was paid earlier on the emoluments already received. 3. Where an employer pays gratuity relating to periods prior to 1st July, 2025 to a registered pension scheme, the gratuity amounts paid into the scheme shall not be chargeable to tax, subject to prescribed limits in the respective years of income. This shall apply to the extent that the employee had not enjoyed deduction for pension contribution in the respective years of income. 4. An employer making payment of gratuity upon retirement of an employee is still required to account for applicable taxes",,"[""Dholuo"",""Ekegusii"",""Somali""]",https://www.kra.go.ke/news-center/public-notices/2246-guidance-on-tax-exemption-on-payment-of-gratuity,,"{""origin"": ""scrape_export"", ""quarantine_reason"": ""low_psa_score:0.32"", ""original_psa_id"": ""qpsa_2026_004439"", ""recovered_from"": ""qpsa_2026_004435"", ""recovery"": ""psa_core_extract"", ""token_count"": 340, ""strict_psa_pass"": true}"
psa_2026_003899,Governance,"Invitation to a Stakeholder Engagement on the Rollout of Excise Stamps for Cosmetics and Beauty Products. Invitation to a Stakeholder Engagement on the Rollout of Excise Stamps for Cosmetics and Beauty Products Invitation to a Stakeholder Engagement on the Rollout of Excise Stamps for Cosmetics and Beauty Products Kenya Revenue Authority (KRA) would like to notify taxpayers and the public of its intention to rollout excise stamps for cosmetics and beauty products from 1 st July 2023, in compliance with the provisions of the Excise Duty Act, 2015 and the Excise Duty (Excisable Goods Management System) Regulations, 2017. To ensure a smooth rollout, KRA invites manufactures, importers and other stakeholders involved in the distribution and supply of cosmetics and beauty products for a virtual stakeholder engagement on 3 rd May 2023 at 9:00am. The link for the meeting can be obtained from the KRA website and is provided below - https://kra.webex.com/kra/j.php?MTID=mb2d7a273f9b11e8206f643ae59ee0f94 Manufacturers of cosmetics and beauty products who have installed automated production lines are requested to contact KRA through the email- egmshelp@kra.go.ke to facilitate a technical site visit for confirmation that their automated lines meet the requirements for installation of Excisable Goods Management System (EGMS) equipment. For further information please call our Contact Centre on: Telephone No: 0204999999/0711099999, or Email: callcentre@kra.go.ke Commissioner for Domestic Taxes 💬 Address Times Tower Building Haile Selassie Avenue P. O. Box 48240 - 00100 Helping Tax Payers iTax Tutorials Glossary FAQs Complaints Community Facts About KRA About KRA Who We Are KRA 9th Corporate Plan KRA Information Security Policy Data Privacy Statement Treaties & International Policy Exchange of Information KRA Quality Policy Statement Staff Mobile Application (iOS) Staff Mobile Application (Android) International Capacity Development Program (ICDP) KRA Service Charter Annual Tax Summit The National Treasury KenInvest Public Financial Mgt Reforms Never miss a thing about KRA © Kenya Revenue Authority 2026 | Privacy Policy | Terms and Conditions Enable JavaScript to ensure website accessibility",,"[""Dholuo"",""Ekegusii"",""Somali""]",https://www.kra.go.ke/news-center/public-notices/1939-invitation-to-a-stakeholder-engagement-on-the-rollout-of-excise-stamps-for-cosmetics-and-beauty-products,,"{""origin"": ""scrape_export"", ""quarantine_reason"": ""low_psa_score:0.34"", ""original_psa_id"": ""qpsa_2026_004440"", ""recovered_from"": ""qpsa_2026_004436"", ""recovery"": ""psa_core_extract"", ""token_count"": 319, ""strict_psa_pass"": true}"
psa_2026_003900,Governance,"Commission, youth discuss electoral reforms, inclusion and transformative engagement in inaugural county-led People Dialogue Festival30th Jul 2025. The Commission took part in the inaugural County-level edition of the People Dialogue Festival (PDF) in Meru on 10th-11th July 2025. It was an engagement that focused on policy and electoral reforms discussions to shape vibrant citizen-led democratic dialogue hosted at the Meru National Polytechnic. The forum dubbed “Building a Collaborative Society for Kenya’s sustainable future – The Meru we want” was the first in a series of events this year being part of the flagship initiative by the Centre for Multiparty Democracy (CMD- Kenya) for inclusive dialogue and transformative engagement in Kenya. This year, it is the first time that CMD-Kenya is piloting county-level editions across four counties creating a dynamic space for citizens, experts, state and non- state actors to engage in meaningful dialogue and action. The county edition aims to bring the essence of the PDF closer to the grassroots by offering space for inclusive dialogue on governance, accountability, citizen engagement and development. The event brought together leaders, citizens, government institutions, civil society organizations, and private sector stakeholders to discuss pressing societal challenges, promote meaningful citizen engagement and co-create solutions for Kenya’s sustainable development. The Commission was represented by Meru County office led by Imenti North Ag. Senior Elections Officer (SEO) Consolata Muthoni and Tigania West SEO Edwin Kaburia. This important event benefited the Commission as it provided an audience (mostly made of youth) for the Commission to conduct voter education; during the panel discussions/ dialogue sessions and in the exhibition booth. Joyce Ekuam, the Ag. Director Voter Education and Partnerships and Communication (DVEPC), said the event was an opportunity to enhance IEBC brand visibility, since the Commission had a branded exhibition booth bearing various Information Education and Communication (IEC) materials. “The Commission had a chance to network with other players in the gender and youth development space, thereby strengthening partnerships and collaborations,” said Ekuam. The Meru County political landscape has been characterised by tensions that have deepened societal divisions",,"[""Dholuo"",""Ekegusii"",""Somali""]","https://www.iebc.or.ke/news/?Commission,_youth_discuss_electoral_reforms,_inclusion_and_transformative_engagement_in_inaugural_county-led_People_Dialogue_Festival",,"{""origin"": ""scrape_export"", ""quarantine_reason"": ""low_psa_score:0.33"", ""original_psa_id"": ""qpsa_2026_004442"", ""recovered_from"": ""qpsa_2026_004438"", ""recovery"": ""psa_core_extract"", ""token_count"": 340, ""strict_psa_pass"": true}"
psa_2026_003901,Education,"Commission appears before Senate, reports on preparedness and key electoral reforms ahead of 2027 GE24th Jul 2025. The Commission on 19th June, 2025 appeared before the Senate Standing Committee on Justice, Legal Affairs and Human Rights (JLAHRC), which is led by Chairperson, Senator Hillary K. Sigei, CBS, to present the state of preparedness and key electoral reforms ahead of the 2027 General Election. The Commission was led by Deputy Commission Secretary - Support Services, Obadiah Keitany, MBS who represented the Commission Secretary/CEO, Marjan Hussein Marjan, MBS. Mr. Keitany expressed gratitude for the opportunity to appear before the Committee and engage on matters of electoral preparedness. He observed that the IEBC, under Article 88(4) of the Constitution of Kenya, is mandated to conduct and supervise elections and referenda. The Commission is also responsible for the delimitation of electoral boundaries as stipulated under Article 89 of the Constitution. Mr. Keitany enumerated the Commission’s preparedness, particularly on boundary delimitation exercise, legal reforms, voter education and voter registration, risk management, integration of technology in electoral processes and the need for adequate facilitation to enable the Commission carry out its mandate. The Commission informed the Committee that there are 23 pending by-elections across the country, comprising 1 Senate seat, 6 Members of the National Assembly (MNAs), and 16 County Assembly Ward (CAW) positions. This situation continues to disenfranchise constituents in the affected elective areas, undermining their right to representation and the democratic process. The Commission reinforced the importance of collaboration and timely support from all arms of government and electoral stakeholders. A credible election is not the sole responsibility of the Commission—it is a collective effort that demands timely reforms, stakeholder collaboration and adequate resourcing to safeguard the will of the people during the 2027 General Election,” Keitany noted. The Commission concluded by appealing to the Senate Committee and Parliament to act with urgency in supporting the Commission through adequate budgetary allocations and enactment of relevant election laws, which will be critical in ensuring readiness for the 2027 General Election. Other stakeholders present in the",,"[""Dholuo"",""Ekegusii"",""Somali""]","https://www.iebc.or.ke/news/?Commission_appears_before_Senate,_reports_on_preparedness_and_key_electoral_reforms_ahead_of_2027_GE",,"{""origin"": ""scrape_export"", ""quarantine_reason"": ""low_psa_score:0.33"", ""original_psa_id"": ""qpsa_2026_004443"", ""recovered_from"": ""qpsa_2026_004439"", ""recovery"": ""psa_core_extract"", ""token_count"": 340, ""strict_psa_pass"": true}"
psa_2026_003902,Health,"Commission participating in the Inter- Agency Working Group on the development of the initial State Report on the African Charter on Democracy, Elections and Governance (ACDEG)5th Jun 2025. The Commission is currently taking part in the development of the initial State Report on the African Charter on Democracy, Elections and Governance. The Commission is a member of the inter-agency group spearheaded by the Office of the Attorney General and Department of Justice. The African Charter on Democracy, Elections and Governance was adopted in 2007 by the Assembly of Heads of State and Government of the African Union as a framework for promoting democracy, good governance and the rule of law across the continent. The Charter establishes continental norms and standards aimed at strengthening democratic institutions, upholding human rights, and fostering socio-economic development. It officially came into force on 15th February, 2012. Kenya, ratified the African Charter on Democracy, Elections and Governance on 30th January 2021 and is therefore, expected to submit its initial state report in accordance with Artcile 49 of the Charter. The Charter establishes key principles such as holding of free and fair elections, respect for the rule of law, democracy, separation of powers, and the promotion of human rights and fundamental freedoms. In its inaugural meeting held at Machakos from 28th April to 2nd May, 2025, the institutions represented in the inter-agency working group made presentations on how they have implemented the provisions of the ACDEG. The Commission was represented by Ms. Ruth Makuthu, the Ag. Manager Legal Reforms, Political Parties and Campaign Financing who made a detailed presentation on how the Commission has implemented matters relating to democracy, human rights, the rule of law, democratic elections and democratic institutions. These presentations will inform the State Report that will outline Kenya’s progress in implementing the principles and commitments under ACDEG. Currently, the respective institutions are compiling the presentations in matrix format to aid in the development of the State report and the same will be shared with the respective institutions once completed and adopted",,"[""Dholuo"",""Ekegusii"",""Somali""]","https://www.iebc.or.ke/news/?Commission_participating_in_the_Inter-_Agency_Working_Group_on_the_development_of_the_initial_State_Report_on_the_African_Charter_on_Democracy,_Elections_and_Governance_(ACDEG)",,"{""origin"": ""scrape_export"", ""quarantine_reason"": ""low_psa_score:0.33"", ""original_psa_id"": ""qpsa_2026_004444"", ""recovered_from"": ""qpsa_2026_004440"", ""recovery"": ""psa_core_extract"", ""token_count"": 337, ""strict_psa_pass"": true}"
psa_2026_003903,Governance,"IEBC meets Interparty Youth Forum, discuss youth engagement in election and governance23rd Apr 2025. The Commission held a meeting with representatives of the Interparty Youth Forum to deliberate on key issues affecting youth engagement in electoral processes and governance. The forum, represented by 14 youth leaders, engaged in a constructive discussion aimed at enhancing the participation of young people in democratic processes. The meeting, chaired by Ag. Director of Voter Education and Partnerships Joyce Ekuam, on behalf of the Commission Secretary/CEO Marjan Hussein Marjan, MBS, discussed several matters including the need to strengthen youth representation in electoral processes by increasing the involvement of young people as polling officials, observers and election managers. The forum also expressed concern about the fair representation of youth in political party nomination processes, emphasizing the need for inclusivity and equity. Further, the importance of voter education that specifically targets young people, to ensure they understand and engage in the electoral process meaningfully was discussed. Legal and policy barriers that hinder youth participation in governance were also highlighted. Chrisphine Owiye, OGW, Director of Legal Services, reaffirmed that youth rights are anchored in Article 55 of the Constitution, which mandates the state to implement affirmative action to guarantee youth access to relevant education, training, and political participation opportunities. He reiterated that youth representation is a mandatory component in political party structures. The Commission shared that in 2022, a Youth Coordinating Committee (YCC) was established to enhance the dissemination of electoral information to marginalized youth groups. This initiative was recognized as a step towards inclusivity and improved outreach. Youth leaders raised concerns about the logistical challenges faced by young voters, especially in accessing polling stations located in hard-to-reach areas. They called upon the Commission to address these concerns ahead of the 2027 General Election. Furthermore, the youth representatives urged the Commission to work on improving its public image, noting that public confidence in the IEBC remains low. They emphasized that restoring trust in the institution would be critical in encouraging greater youth turnout and registration ahead of the",,"[""Dholuo"",""Ekegusii"",""Somali""]","https://www.iebc.or.ke/news/?IEBC_meets_Interparty_Youth_Forum,_discuss_youth_engagement_in_election_and_governance",,"{""origin"": ""scrape_export"", ""quarantine_reason"": ""low_psa_score:0.34"", ""original_psa_id"": ""qpsa_2026_004445"", ""recovered_from"": ""qpsa_2026_004441"", ""recovery"": ""psa_core_extract"", ""token_count"": 340, ""strict_psa_pass"": true}"
psa_2026_003904,Governance,"IEBC makes submission to NADCO on status of two-third gender rule in county assemblies21st Nov 2023. The Commission appeared before the National Dialogue Committee (NADCO) on 22 nd September 2023 and made submissions on the requirements to implement the two-thirds gender principle in the County Assemblies. The Commission, led by the Commission Secretary/CEO, Marjan Hussein Marjan, apprised the Committee that the country had made tremendous progress towards the attainment of the two thirds principle considering that County Assemblies are compliant with the principle. However, the Commission identified a raft of challenges facing its implementation. They include: Whereas the Constitution under Article 177(1)(c) read together with Section 36 (1) of the Elections Act, 2011 requires that each Assembly should have representation of a youth, PWD and marginalized groups; the mechanism for implementing the law is problematic since the Commission is required to allocate the list as per the order of priority given by the political parties. Whereas the Commission is expected to consider ‘ethnic and other minorities,’ the term ethnic minorities is not sufficiently defined in the Constitution and the Elections Act. Conflict between the Elections Act, 2011 and the County Governments Act, 2012 on the number of persons to be nominated under the marginalized list. Particularly, Section 7 (1) (a) of the County Governments Act provides for six (6) nominees under the marginalized list category, whereas Section 36 (Elections Act, 2011) provides for four (4) nominees in the marginalized list category. Unconstitutional orders emanating from the courts: Whereas the Constitution and the Elections Act provide the qualification of a person to be nominated under Party Lists, some courts have gone beyond the legally prescribed requirements to order for de-gazzettement of qualified candidates. The clamour by the political parties to amend the party lists of nominated persons after the election. The Commission recommended to NADCO that it should define the terms ethnic and other minorities in the Elections Act, 2011 as it is not provided for in the Constitution; and it should review the County Governments Act and provide for four",,"[""Dholuo"",""Ekegusii"",""Somali""]",https://www.iebc.or.ke/news/?IEBC_makes_submission_to_NADCO_on_status_of_two-third_gender_rule_in_county_assemblies,,"{""origin"": ""scrape_export"", ""quarantine_reason"": ""low_psa_score:0.34"", ""original_psa_id"": ""qpsa_2026_004446"", ""recovered_from"": ""qpsa_2026_004442"", ""recovery"": ""psa_core_extract"", ""token_count"": 340, ""strict_psa_pass"": true}"
psa_2026_003905,Governance,"Supreme Court: IEBC Has Jurisdiction to Summon, Hear Complaints on Breach of Electoral Code21st Nov 2023. The Supreme Court has strengthened the Commission’s bid to enforce the conduct of candidates during elections by affirming that indeed the electoral body has mandate over cases arising from the breach of the Electoral Code of Conduct. The order by the Supreme Court on 12 th September 2023 conclusively dismissed two rulings by superior courts refraining the Commission from determining such matters emanating from the breach of the Code. The decision by the Supreme Court clears any dispute and contestation on whether the Commission has jurisdiction to hear such matters, following a successful battle in an appeal lodged by the electoral commission. Further, the Supreme Court ruled that the Commission’s Electoral Code of Conduct is constitutionally sound, dismissing earlier prayers granted by the High Court and the Court of Appeal. Jubilee Party nominated Member of National Assembly, Sabina Chege, had in the build up to the 2022 General Election challenged the Commission’s mandate to summon her before the Electoral Code of Conduct Enforcement Committee that was chaired by former Chairman Wafula Chebukati. The Commission was concerned with Chege’s utterances on a campaign trail, which prompted her summon before the Committee over misconduct. The Commission had viewed Chege’s comments to have cast aspersions on the integrity of the General Elections 2017 and raised credibility questions on the Appellant’s capacity to deliver a free and fair election administered in an impartial, accurate and accountable manner as envisaged under Article 81(e) of the Constitution. Dissatisfied with the Committee’s decision, Chege moved to High Court and effectively quashed the summons and statement of breach levelled against her, as well as the proceedings conducted before the Committee. The trial court determined that the Committee was unconstitutional, null and void ab initio for being in contravention of Articles 2(4), 3(1), 249 and 252 of the Constitution. With both the High court and Appeal Court ruling in favour of Chege, the Commission moved to the Supreme Court. The Commission appealed based",,"[""Dholuo"",""Ekegusii"",""Somali""]","https://www.iebc.or.ke/news/?Supreme_Court:_IEBC_Has_Jurisdiction_to_Summon,_Hear_Complaints_on_Breach_of_Electoral_Code_",,"{""origin"": ""scrape_export"", ""quarantine_reason"": ""low_psa_score:0.33"", ""original_psa_id"": ""qpsa_2026_004447"", ""recovered_from"": ""qpsa_2026_004443"", ""recovery"": ""psa_core_extract"", ""token_count"": 340, ""strict_psa_pass"": true}"
psa_2026_003906,Governance,"Commission holds workshop on voter Education Messaging for 2022 General Elections19th Aug 2021. The Directorate of Voter Education, Partnerships and Communication conducted a workshop in Naivasha with an aim to craft specific messaging to reach the right audience at the right time as part of the sensitization effort to the public ahead of the 2022 General Elections. Commissioner Prof. Abdi Guliye said electoral messaging is important.The clear indication of messaging working during elections is reflected in number of rejected/spoilt votes. Messaging has to evolve and must be dynamic with changing trends. Messages of 2017 may not hold in 2022. Map out the stakeholders and Special Interest Groups (SIG) with target audiences and each must have its own messages,"" said Prof. Guliye. Ag.CS/CEO Marjan H. Marjan, said the workshop offers a chance to participants to reflect on past elections and learn from the mistakes and successes. This will help in review how best the Commission could have done it and the messaging should target the public with specific audiences on what they need to know. ""Look at the challenge of campaign financing, unless challenged in court, the Commission has the mandate to oversee and verify money spent in campaign and campaigning financing. It is a new thing and we will all learn from it. It is important to have messages on this talking on mandate of the Commission on campaign financing and what responsibility does the public and other stakeholders hold to make sure it is implemented in the campaign and how they can report those not implementing it. There is a lot to be done. Time not on our side,"" said Marjan. IFES, who have sponsored the workshop, said it was important to support citizens' rights to participate in free and fair elections. ""This process started with Kenya Election Support Programme done during the AVEW. Voter education and messaging are crucial as they help the public to demystify what comes with elections,"" said Dorothy Atieno, the IFES Monitoring and Evaluation Specialist. Isaack Okero Otieno, the Deputy Country Director and Senior",,"[""Dholuo"",""Ekegusii"",""Somali""]",https://www.iebc.or.ke/news/?Commission_holds_workshop_on_voter_Education_Messaging_for_2022_General_Elections,,"{""origin"": ""scrape_export"", ""quarantine_reason"": ""low_psa_score:0.31"", ""original_psa_id"": ""qpsa_2026_004450"", ""recovered_from"": ""qpsa_2026_004446"", ""recovery"": ""psa_core_extract"", ""token_count"": 340, ""strict_psa_pass"": true}"
psa_2026_003907,Governance,"Wango Christian Academy Students Council Election23rd Feb 2021. On Wednesday March 4th, 2020, the Commission continued the path of showcasing its commitment to support local Communities by conducting student's council elections for Wango Christian Academy. The elections are part of the Commission's Corporate Social Responsibility (CSR) initiative that will play a great role in Moving Kenya Towards a Stronger Democracy. On Wednesday March 4th, 2020, the Commission continued the path of showcasing its commitment to support local Communities by conducting student's council elections for Wango Christian Academy. The elections are part of the Commission's Corporate Social Responsibility (CSR) initiative that will play a great role in Moving Kenya Towards a Stronger Democracy. The Wango Christian Academy is a private school founded in 2012 with a student population of 415. The School is domiciled in North Sakwa Ward, Bondo Constituency, Siaya County on the outskirts of Bondo Town about half a kilometer towards Bondo Technical Training Institute along Bondo-Owimbi Road. The school is managed by a six-member Board of Directors, 23 Trained Teachers and 11 non-teaching staff, the Head Teacher of the school is Mrs. Caroline Adera. The School's Head Teacher learned that the Commission conducts student council elections as part of its CSR initiative during the 2020 Kenya National Drama and Film Festival (KNDFF) held at Ramba Catholic Church in Siaya Town. At the event, the CEM-Madam Ruth Kulundu encouraged schools to call on IEBC to conduct their elections so that students can learn about the intricacies of elections in Kenya and benefit from voter education offered by IEBC officers. She also urged Secondary Schools, Tertiary Colleges and Universities to invite the Commission to register students who had attained the age of 18 at the comfort of their schools as a way to incentives them to participate in the electoral process. The IEBC Office in Bondo Constituency undertook the following activities pre, during and post the elections. These were: Held a planning meeting with the school leadership to know the positions being contested and also set out the requirements and",,"[""Dholuo"",""Ekegusii"",""Somali""]",https://www.iebc.or.ke/news/?Wango_Christian_Academy_Students_Council_Election_,,"{""origin"": ""scrape_export"", ""quarantine_reason"": ""low_psa_score:0.33"", ""original_psa_id"": ""qpsa_2026_004451"", ""recovered_from"": ""qpsa_2026_004447"", ""recovery"": ""psa_core_extract"", ""token_count"": 340, ""strict_psa_pass"": true}"
psa_2026_003908,Governance,"WHO and Aga Khan University partnership to strengthen women's cancer services in Africa. WHO Africa / Countries / Kenya / WHO and Aga Khan University partnership to strengthen women's cancer services in Africa WHO and Aga Khan University partnership to strengthen women's cancer services in Africa 29 April 2026 | News Release | Reading time: 3 min WHO and Aga Khan University partnership to strengthen women's cancer services in Africa More pictures More images Nairobi - The World Health Organization (WHO) and Aga Khan University-Kenya (AKU) today launched a new partnership to accelerate the fight against breast and cervical cancer, the two leading cancers claiming women's lives in Africa. In Kenya, an estimated 7 243 women are diagnosed with breast cancer each year, with 3 398 deaths, while cervical cancer accounts for 5 845 new cases and 3 600 deaths annually. Across the African region, between 60 and 70% of women are diagnosed at a late stage, and only one in two women with breast cancer will survive five years, compared with more than 90% in high-income countries. Too many cancers that can be prevented, found early and treated are still catching women too late. Under a Memorandum of Understanding running through September 2028, the Aga Khan University Centre of Excellence in Women and Child Health in Nairobi will anchor technical and research support for WHO's Global Breast Cancer Initiative and the Cervical Cancer Elimination Initiative, with a focus on low- and middle-income countries. The collaboration will advance three pillars: generating evidence to inform WHO norms and national policy; building the skills of health workers, from specialists to community providers, to detect and manage these cancers earlier; and validating innovative tools, including AI-enabled breast ultrasound and AI-assisted cervical screening, for use in primary care. ""This Memorandum of Understanding reflects AKU's commitment to advancing awareness, research, innovation, and capacity building to improve access to equitable, quality cancer prevention and care. It is also aligned with WHO's 14th General Programme of Work, which prioritises improved access to quality cancer care as part",,"[""Dholuo"",""Ekegusii"",""Somali""]",https://www.afro.who.int/countries/kenya/news/who-and-aga-khan-university-partnership-strengthen-womens-cancer-services-africa,,"{""origin"": ""scrape_export"", ""quarantine_reason"": ""low_psa_score:0.32"", ""original_psa_id"": ""qpsa_2026_004521"", ""recovered_from"": ""qpsa_2026_004510"", ""recovery"": ""psa_core_extract"", ""token_count"": 340, ""strict_psa_pass"": true}"
psa_2026_003909,Agriculture,"Kenya leads global World NO-Tobacco Event. WHO Africa / Countries / Kenya / Kenya leads global World NO-Tobacco Event Kenya leads global World NO-Tobacco Event 31 May 2023 | News Release | Reading time: 4 min Kenya leads global World NO-Tobacco Event More pictures More images Migori, Kenya – The world is confronted with a global food crisis fueled by conflict, climate change and the pandemic of coronavirus disease. A record 349 million people globally are facing acute food insecurity Meanwhile, tobacco is grown in over 124 countries, taking up 3.2 million hectares of fertile land that could be used to grow food, address food insecurity and nutrition challenges and help feed families. These resources are diverted to support the production of a crop that kills over 8 million people every year, erodes the economy and damages the environment On World No Tobacco Day, May 31, 2023, the theme call is ‘We need food, NOT tobacco,’ a global campaign for raising awareness about alternative crop production and marketing opportunities for tobacco farmers. It is also a call to encourage farmers to grow sustainable, nutritious crops and expose the tobacco industry’s efforts to interfere with attempts to substitute tobacco growing with sustainable crops. This year, Kenya is hosting the global commemoration of the World No Tobacco Day. Kenya was also the first country selected to roll out the Tobacco Free Farms project as a key player in the fight against the global tobacco epidemic. Over the last two years, we have seen long-time tobacco farmers switch to alternative crops, participate in training, and plant high-iron beans in fields where tobacco once grew. The project has seen farmers' health improve, increased school attendance from children previously working on the farms, and better crops for the environment replacing tobacco. Over 2000 farmers in Migori County, Kenya, have transitioned from the dangerous enterprise of tobacco farming and shifted to producing more sustainable crops, through the Tobacco-Free Farms Project, thanks to the support and collaboration of the WHO, WFP, FAO, MOH MOA and other partners.",,"[""Dholuo"",""Ekegusii"",""Somali""]",https://www.afro.who.int/countries/kenya/news/kenya-leads-global-world-no-tobacco-event,,"{""origin"": ""scrape_export"", ""quarantine_reason"": ""low_psa_score:0.33"", ""original_psa_id"": ""qpsa_2026_004525"", ""recovered_from"": ""qpsa_2026_004514"", ""recovery"": ""psa_core_extract"", ""token_count"": 340, ""strict_psa_pass"": true}"
psa_2026_003910,Health,"Kenya, WHO launch bold initiative to transform Africa’s health emergency response. WHO Africa / Countries / Kenya / Kenya, WHO launch bold initiative to transform Africa’s health emergency response Kenya, WHO launch bold initiative to transform Africa’s health emergency response 9 July 2022 | News Release | Reading time: 3 min Kenya, WHO launch bold initiative to transform Africa’s health emergency response Brazzaville/Nairobi – The Government of Kenya and the World Health Organization (WHO) held a ground-breaking ceremony today in Nairobi for a WHO Health Emergency Hub, which will include a Centre of Excellence for the Health Emergency Workforce, laying the cornerstone for a wider initiative that aims to change the way the continent handles emergencies. The African region experiences over 100 health emergencies per year, more than any other region in the world. In recent years, much progress has been made with the efforts of countries, WHO and partners. For example, the time required to end outbreaks has plummeted from 131 days in 2017 to 45 days in 2019. Despite the advances, the COVID-19 pandemic has exposed huge gaps, particularly the continent’s lack of emergency responders. WHO analysis finds that fewer than 10% of countries in the African region have the workforce required to prepare, detect and respond to public health risks. The new hub will help train a corps of 3000 elite responders from across the region. The aim is for each country in Africa to have at least one integrated team of emergency experts who will be ready to deploy within the first 24 hours of a national health crisis. A wide range of professionals including laboratory experts, epidemiologists, data managers, anthropologists, field logisticians and mental health and psychosocial experts will receive training. The President of Kenya, H. E. Uhuru Kenyatta, the Director-General of WHO, Dr Tedros Adhanom Ghebreyesus and the WHO Regional Director for Africa, Dr Matshidiso Moeti attended the ground-breaking ceremony. “Kenya is proud to be at the forefront of efforts to improve the response to emergencies across the continent,” said Kenyan Minister of Health,",,"[""Dholuo"",""Ekegusii"",""Somali""]",https://www.afro.who.int/countries/kenya/news/kenya-who-launch-bold-initiative-transform-africas-health-emergency-response,,"{""origin"": ""scrape_export"", ""quarantine_reason"": ""low_psa_score:0.34"", ""original_psa_id"": ""qpsa_2026_004526"", ""recovered_from"": ""qpsa_2026_004515"", ""recovery"": ""psa_core_extract"", ""token_count"": 340, ""strict_psa_pass"": true}"
psa_2026_003911,Health,"Kenya and WHO launch bold initiative to transform Africa’s health emergency response. WHO Africa / Countries / Kenya / Kenya and WHO launch bold initiative to transform Africa’s health emergency response Kenya and WHO launch bold initiative to transform Africa’s health emergency response 9 July 2022 | News Release | Reading time: 5 min Kenya and WHO launch bold initiative to transform Africa’s health emergency response More pictures More images Brazzaville/Nairobi, 9 July 2022 – The Government of Kenya and the World Health Organization (WHO) held a ground-breaking ceremony today in Nairobi for a WHO Health Emergency Hub, which will include a Centre of Excellence for the Health Emergency Workforce, laying the cornerstone for a wider initiative that aims to change the way the continent handles emergencies. The African region experiences over 100 health emergencies per year, more than any other region in the world. In recent years, much progress has been made with the efforts of countries, WHO and partners. For example, the time required to end outbreaks has plummeted from 131 days in 2017 to 45 days in 2019. Despite the advances, the COVID-19 pandemic has exposed huge gaps, particularly the continent’s lack of emergency responders. WHO analysis finds that fewer than 10% of countries in the African region have the workforce required to prepare, detect and respond to public health risks. The new hub will help train a corps of 3000 elite responders from across the region. The aim is for each country in Africa to have at least one integrated team of emergency experts who will be ready to deploy within the first 24 hours of a national health crisis. A wide range of professionals including laboratory experts, epidemiologists, data managers, anthropologists, field logisticians and mental health and psychosocial experts will receive training. The President of Kenya, H. E. Uhuru Kenyatta, the Director-General of WHO, Dr Tedros Adhanom Ghebreyesus and the WHO Regional Director for Africa, Dr Matshidiso Moeti attended the ground-breaking ceremony. “Kenya is proud to be at the forefront of efforts to improve the",,"[""Dholuo"",""Ekegusii"",""Somali""]",https://www.afro.who.int/countries/kenya/news/kenya-and-who-launch-bold-initiative-transform-africas-health-emergency-response,,"{""origin"": ""scrape_export"", ""quarantine_reason"": ""low_psa_score:0.34"", ""original_psa_id"": ""qpsa_2026_004527"", ""recovered_from"": ""qpsa_2026_004516"", ""recovery"": ""psa_core_extract"", ""token_count"": 340, ""strict_psa_pass"": true}"
psa_2026_003912,Health,"Health PS pushes for urgent sickle cell reforms as donor support declines. Health PS pushes for urgent sickle cell reforms as donor support declines By: Spencer Walela | 17th Jul 2026 | 3 min read Listen Health Principal Secretary Dr. Ouma Oluga/courtesy NAIROBI, Kenya, July 17 – Health Principal Secretary Dr. Ouma Oluga has challenged health stakeholders to urgently strengthen sickle cell disease care, warning that Kenya cannot continue relying on donor funding as international support declines. Speaking at the Kenya Sickle Cell Disease Symposium in Nairobi, Dr. Oluga called for sickle cell treatment to be fully integrated into the Social Health Authority (SHA), saying the country must establish sustainable local financing to guarantee patients access to treatment without suffering financial hardship. “We are better off building our own house. That house is the Social Health Authority,” Oluga said. He urged stakeholders to act while there is political goodwill, citing both his medical background and personal experience with the disease. “If you don’t solve the problems of sickle cell when I am Principal Secretary, I’m not so sure when you will ever solve them again. One is because I am personally affected—I have family members who have sickle cell—and secondly because I’m a physician, so I understand sickle cell very well,” he said. You might also like Poverty has greater impact on brain ageing than cancer, study Glowing from Within: Inside Nice & Lovely’s C Me Glow Experience 254 Motorsports Club Opens KNRC Season With Free-Entry At Stoni Athi Oluga said the government’s priority is to protect Kenyans from both illness and poverty by ensuring people do not have to sell assets to pay for treatment. “One is that we protect Kenyans from financial ruin when they get sick, that people don’t go into poverty because of illness,” he said. The symposium also heard calls for stronger government support from the American Society of Hematology (ASH) President Dr. Robert Negrin, who said coordinated policies are essential to improve care. “ASH has been extraordinarily committed to the sickle cell disease community",,"[""Dholuo"",""Ekegusii"",""Somali""]",https://capitalfm.africa/health-ps-pushes-for-urgent-sickle-cell-reforms-as-donor-support-declines/,2026-07-17T11:34:33+03:00,"{""origin"": ""scrape_export"", ""quarantine_reason"": ""low_psa_score:0.31"", ""original_psa_id"": ""qpsa_2026_004528"", ""recovered_from"": ""qpsa_2026_004517"", ""recovery"": ""psa_core_extract"", ""token_count"": 340, ""strict_psa_pass"": true}"
psa_2026_003913,Health,"Gertrude’s Hospital Earns Global Accreditation in Fight Against Antibiotic Resistance. Gertrude’s Hospital Earns Global Accreditation in Fight Against Antibiotic Resistance By: CORRESPONDENT | 14th Jul 2026 | 2 min read Listen NAIROBI, Kenya, July 14 – Gertrude’s Children’s Hospital has become the first hospital in Kenya to receive global accreditation for antimicrobial stewardship, as it called on healthcare providers and the public to step up efforts to combat antimicrobial resistance (AMR). The hospital received the Global Antimicrobial Stewardship Accreditation (GAMSAS) from the British Society for Antimicrobial Stewardship in recognition of its responsible use of antibiotics. Chief Executive Officer Robert Nyarango said the accreditation reflects the hospital’s commitment to protecting patients and preserving the effectiveness of life-saving medicines. “We are proud to be the first organisation in Kenya to achieve BSAC GAMSAS accreditation. It is a commitment to every patient who walks through our doors that we will use antibiotic medications responsibly,” he said. Gertrude’s said compliance with antibiotic stewardship practices improved from 66 percent in 2020 to 94 percent in 2025, while adherence to standard treatment guidelines rose from 50 percent to 86 percent over the same period. You might also like Health PS pushes for urgent sickle cell reforms as donor support declines Poverty has greater impact on brain ageing than cancer, study 254 Motorsports Club Opens KNRC Season With Free-Entry At Stoni Athi The hospital has also restricted the use of selected antibiotics unless approved by an infectious disease specialist or supported by laboratory evidence. Paediatric infectious disease specialist Dr. Joseph Mbuthia warned that antimicrobial resistance is becoming a major public health challenge in Kenya. “AMR is a growing public health concern in Kenya, posing a serious threat to human, animal and environmental health. The achievement underscores the critical role healthcare institutions play in addressing antimicrobial resistance,” he said. Global estimates show AMR was directly responsible for 1.27 million deaths in 2019, while about 28,500 deaths in Kenya have been linked to the condition. Latest Stories Sports 254 Motorsports Club Opens KNRC Season With Free-Entry At Stoni Athi",,"[""Dholuo"",""Ekegusii"",""Somali""]",https://capitalfm.africa/gertrudes-hospital-earns-global-accreditation-in-fight-against-antibiotic-resistance/,2026-07-14T07:19:00+03:00,"{""origin"": ""scrape_export"", ""quarantine_reason"": ""low_psa_score:0.33"", ""original_psa_id"": ""qpsa_2026_004529"", ""recovered_from"": ""qpsa_2026_004518"", ""recovery"": ""psa_core_extract"", ""token_count"": 340, ""strict_psa_pass"": true}"
psa_2026_003914,Governance,"Gachagua Explains Why Ruto Lost Ol Kalou, Says Mt Kenya Revolt Is Just Beginning. Gachagua Explains Why Ruto Lost Ol Kalou, Says Mt Kenya Revolt Is Just Beginning By: IRENE MWANGI | 19th Jul 2026 | 5 min read Listen NAIROBI, Kenya July 19 – Former Deputy President Rigathi Gachagua has claimed President William Ruto’s defeat in the Ol Kalou parliamentary by-election was the inevitable consequence of what he described as the President’s betrayal of the Mt Kenya region, saying the loss reflected growing disillusionment among voters who overwhelmingly backed Kenya Kwanza in 2022. Addressing supporters at a church service in Kirinyaga on Sunday, Gachagua said he had repeatedly warned Ruto that decisions taken by his administration were steadily eroding support in the region, but his advice was ignored. According to the former Deputy President, the Ol Kalou outcome was not an isolated electoral upset but a verdict by voters who felt abandoned after helping propel Ruto to power. “Because this is not what we expected from President Ruto, he has betrayed us. He has turned against us and begun mistreating us,” Gachagua said. Drawing on his years in politics, Gachagua maintained that he understood the political dynamics of the Mt Kenya region better than the President and had warned him against assuming the region’s loyalty was guaranteed. You might also like Ruto drops means-tested university funding model Jubilee Criticises Gachagua’s Tourism Boycott Call, Warns of Economic Fallout Ruto congratulates UK’s new PM Andy Burnham, seeks deeper trade and strategic partnership “People ask me what I know. I have 35 years of political experience. I told the President that although I may not have as much experience as him nationally, when it comes to the Mt Kenya region, I understand it better because I am one of its people,” he said. He added: “Even though the people voted for him, he is not one of them.” According to Gachagua, Ruto dismissed his concerns and believed financial resources alone would secure continued political support. “He boasted that he had enough money",,"[""Dholuo"",""Ekegusii"",""Somali""]",https://capitalfm.africa/gachagua-explains-why-ruto-lost-ol-kalou-says-mt-kenya-revolt-is-just-beginning/,2026-07-19T16:09:51+03:00,"{""origin"": ""scrape_export"", ""quarantine_reason"": ""low_psa_score:0.33"", ""original_psa_id"": ""qpsa_2026_004530"", ""recovered_from"": ""qpsa_2026_004519"", ""recovery"": ""psa_core_extract"", ""token_count"": 340, ""strict_psa_pass"": true}"
psa_2026_003915,Education,"Murkomen convenes education summit in Iten to address poor school performance. Murkomen convenes education summit in Iten to address poor school performance By: BRUHAN MAKONG | 12th Mar 2026 | 3 min read Listen Murkomen said parts of the county—particularly the lower regions—are still recovering from decades of banditry that disrupted learning and contributed to declining education standards/MINA NAIROBI, Kenya, Mar 12 — Kipchumba Murkomen is set to host a key education conference on Friday in Iten aimed at improving academic performance and strengthening peace initiatives in the region, officials said. The inaugural Elgeyo-Marakwet Elimu Conference will take place at Lorna Kiplagat Academy and will be attended by Julius Migos Ogamba, according to organizers. The Ministry of Interior said the one-day forum is expected to bring together about 2,500 education stakeholders, including school principals, student representatives, academics, education administrators, teacher union leaders, and professionals from across Elgeyo-Marakwet County. Organized under the auspices of the OKM Foundation, the conference aims to address poor academic performance in the county while raising awareness about the implementation of Kenya’s Competency-Based Curriculum (CBC). Murkomen, who also serves as patron of the foundation, said parts of the county—particularly the lower regions—are still recovering from decades of banditry that disrupted learning and contributed to declining education standards. You might also like Murkomen Warns Ol Kalou Violence Perpetrators of Tough Action Nairobi Metropolitan Police to Launch in Coming Days, Ruto Says Eldoret City To Host 2026 Mashujaa Day Celebrations “The lower parts of Elgeyo-Marakwet County are recovering from decades of banditry, and therefore the quality of education has gone down over the years,” Murkomen said. Gaps He added that other challenges affecting schools include high teacher–student ratios, inadequate infrastructure such as a shortage of science laboratories, and low transition rates to senior secondary schools and technical and vocational education and training institutions. “Bringing this county on par with the rest of the country is therefore urgent,” he said. “No single stakeholder has the silver bullet to solve this problem, which is why we are bringing together all stakeholders",,"[""Dholuo"",""Ekegusii"",""Somali""]",https://capitalfm.africa/murkomen-elgeyo-marakwet-education-conference-iten/,2026-03-12T08:05:36+03:00,"{""origin"": ""scrape_export"", ""quarantine_reason"": ""low_psa_score:0.33"", ""original_psa_id"": ""qpsa_2026_004561"", ""recovered_from"": ""qpsa_2026_004550"", ""recovery"": ""psa_core_extract"", ""token_count"": 340, ""strict_psa_pass"": true}"
psa_2026_003916,Security,"Infant Reunited With Mother After Eight-Day Search. Infant Reunited With Mother After Eight-Day Search By: Yvonne Mandela | 18th Jul 2026 | 2 min read Listen NAIROBI, Kenya, Jul 18 – An infant who disappeared after the child’s mother was deceived with a fake employment opportunity has been rescued by detectives following an eight-day investigation. The Directorate of Criminal Investigations said four people have been arrested over the incident, which occurred in Pipeline, Embakasi. Police said the mother was searching for work when a man approached her with an offer of employment at a hotel. “Because she had no one to look after her child, the suspect allegedly convinced her to leave the baby with a woman nearby before disappearing,” the DCI said in a statement. The mother returned moments later only to discover that both the woman and her infant had vanished. You might also like INTERPOL Taskforce meets in Nairobi to strengthen Africa’s fight against child sexual abuse Mwaura condemns Gachagua’s Anti-Tourism Narrative; says it Hurts Jobs and Economy ELOG calls for KIEMS probe after Ol Kalou by-election “Panicked, the mother rushed back to reclaim her child, only to discover that both the woman and her baby were nowhere to be found. With both suspects unreachable, she reported the incident at Kware Police Station,” the Agency explained. The investigations culminated in the arrest of four suspects in Kware Mabatini, where officers recovered the missing baby from one of the suspects’ residences. The child was found safe and later reunited with the relieved mother. The DCI said the four suspects remain in custody pending their arraignment. Tags: crime DCI fake employment opportunity Human trafficking News Latest Stories Sports 254 Motorsports Club Opens KNRC Season With Free-Entry At Stoni Athi News CCTV forensic analysis shows Albert Ojwang entered police station alive, left unresponsive News Ruto picks KNCHR chair to lead IPOA News Mwaura loses Spokesperson role in Executive reshuffle News Gachagua dismisses Ruto’s anti-goon order as ‘theatrics,’ claims police-goon alliance is fueling violence",,"[""Dholuo"",""Ekegusii"",""Somali""]",https://capitalfm.africa/infant-reunited-with-mother-after-eight-day-search/,2026-07-18T09:43:51+03:00,"{""origin"": ""scrape_export"", ""quarantine_reason"": ""low_psa_score:0.33"", ""original_psa_id"": ""qpsa_2026_004562"", ""recovered_from"": ""qpsa_2026_004551"", ""recovery"": ""psa_core_extract"", ""token_count"": 333, ""strict_psa_pass"": true}"
psa_2026_003917,Security,"Murder Suspect Remanded for 21 Days As Detectives Recover Missing Head Of Slain Nyeri Woman From Pit Latrine. Murder Suspect Remanded for 21 Days As Detectives Recover Missing Head Of Slain Nyeri Woman From Pit Latrine By: BRUHAN MAKONG | 15th Jul 2026 | 2 min read Listen NAIROBI, Kenya, Jul 15-A murder investigation into the brutal killing of 25-year-old Joy Kanini Gathu took a grim turn after detectives recovered her severed head from a pit latrine in Nyeri, following information allegedly provided by the prime suspect during interrogation. John Nderitu Mureithi was on Tuesday remanded for 21 days by the Nyeri Law Courts, giving investigators additional time to complete inquiries into the killing, which has shocked residents of the county. The suspect was arrested on July 10 by detectives from the DCI Homicide Investigations Bureau along the Nanyuki–Isiolo Road while allegedly attempting to flee to Uganda. The Directorate of Criminal Investigations (DCI) said the suspect led detectives to Ngangarithi Estate in Nyeri Township, where he allegedly disposed of the victim’s head inside a 20-foot-deep pit latrine located within a residential compound. “A determined multi-agency team comprising detectives from the DCI Homicide Investigations Bureau and DCI Nyeri Central, forensic experts, officers from the National Government Administration Office, Nyeri Police Station, and the Nyeri County Disaster and Rescue Team conducted a painstaking recovery operation,” DCI said. You might also like INTERPOL Taskforce meets in Nairobi to strengthen Africa’s fight against child sexual abuse BasiGo to expand EV charging network to Meru, Nanyuki and Nyeri Suspected Drug Mules Nabbed With 13.9kg of Cannabis at Highway Roadblock The multi-agency team partially demolished the pit latrine before carefully retrieving the victim’s head, along with blood-stained clothing believed to be linked to the murder. The recovered remains were transferred to the Nyeri County Referral Hospital Mortuary, where a post-mortem examination is expected to provide crucial forensic evidence. The blood-stained clothing has also been secured for laboratory analysis as investigators work to reconstruct the events surrounding the killing. The recovery marks a major breakthrough in the",,"[""Dholuo"",""Ekegusii"",""Somali""]",https://capitalfm.africa/murder-suspect-remanded-for-21-days-as-detectives-recover-missing-head-of-slain-nyeri-woman-from-pit-latrine/,2026-07-15T10:18:14+03:00,"{""origin"": ""scrape_export"", ""quarantine_reason"": ""low_psa_score:0.33"", ""original_psa_id"": ""qpsa_2026_004563"", ""recovered_from"": ""qpsa_2026_004552"", ""recovery"": ""psa_core_extract"", ""token_count"": 340, ""strict_psa_pass"": true}"
psa_2026_003918,Education,"Meru National Polytechnic fee structure, admission letters, courses, and student portal. Education Education Meru National Polytechnic fee structure, admission letters, courses, and student portal Published 10 May 2019 Updated 14 Jul 2026 by Florence Wanjiru , John Ouma 7 min read Meru National Polytechnic provides essential technical training that unlocks career potential across diverse fields like engineering, agriculture, and business management . As a leading institution, it utilizes modern systems to streamline student processes and improve academic efficiency. With the growing demand for technical expertise, choosing the right course at the polytechnic significantly boosts your professional capabilities. Meru National Polytechnic students during construction (L). The institution's logo (R). Photo: @MeruNPRFTI (modified by author) Source: UGC TABLE OF CONTENTS Key takeaways Meru National Polytechnic courses and fee structure Electrical and Electronic Engineering Department Information Communication Technology and Informatics Department Agriculture Department Business Management and Accountancy Department Mechanical Engineering Department Building and Civil Engineering Department Applied Sciences and Cosmetology Department Tourism and Institutional Management Department Part-time courses Minimum admission requirements Meru National Polytechnic student portal Meru National Polytechnic admission letters For KUCCPS-placed students For self-sponsored applicants Which certificate courses are offered at Meru National Polytechnic? Which diploma courses are offered at Meru National Polytechnic? Which courses are offered in Meru National Polytechnic? What are the top 3 national polytechnics in Kenya? What is the Meru Polytechnic scandal? How many students are at Meru National Polytechnic? + View more Key takeaways Meru National Polytechnic offers a wide range of programs , including Artisan, Certificate, and Diploma courses across departments such as Applied Sciences, ICT, and Engineering. Students can manage their academic journey through the centralized student portal, which handles everything from course applications to downloading official admission letters. Fee structures are clearly defined for each program, and payments must be settled through designated institutional bank accounts to ensure proper registration. Meru National Polytechnic courses and fee structure Meru National Polytechnic offers a wide range of higher diploma, diploma, certificate, and artisan programmes across various academic departments. As of July 2026, the institution has",,"[""Dholuo"",""Ekegusii"",""Somali""]",https://www.tuko.co.ke/305102-meru-national-polytechnic-fee-structure-admission-letters-courses-student-portal.html,2019-05-10T10:04:37+03:00,"{""origin"": ""scrape_export"", ""quarantine_reason"": ""low_psa_score:0.31"", ""original_psa_id"": ""qpsa_2026_004620"", ""recovered_from"": ""qpsa_2026_004609"", ""recovery"": ""psa_core_extract"", ""token_count"": 340, ""strict_psa_pass"": true}"
psa_2026_003919,Education,"Faith Odhiambo Questions Ruto's Free University Education Promise: ""Is This Policy or Politics?"". Politics Politics Faith Odhiambo Questions Ruto's Free University Education Promise: ""Is This Policy or Politics?"" Published 22 Jul 2026 at 11:12 AM by Maurine Kirambia 3 min read LSK President Faith Odhiambo has questioned the timing of President William Ruto's free university education pledge ahead of the 2027 General Election She argued Kenyans deserve to know how the programme will be financed before it is rolled out Odhiambo said universities are already struggling financially under the current funding model and thus called for transparent costings and a legal framework to support any reforms PAY ATTENTION: TUKO is in WhatsApp Channels now! Subscribe and read news in favourite messenger. Former Law Society of Kenya (LSK) President Faith Odhiambo has cast doubt on President William Ruto's pledge to make university education free for all students placed through the Kenya Universities and Colleges Central Placement Service (KUCCPS). Former LSK President Faith Odhiambo speaking during the admission to the bar of advocates on March 6, 2026. Photo: Faith Odhiambo Source: Twitter In a statement shared on Wednesday, July 22, Odhiambo questioned why the promise had been made months before the 2027 General Election, arguing that Kenyans had spent years raising concerns over the country's higher education funding model. Why did Faith Odhiambo question Ruto's university education pledge? Odhiambo said while free university education is a noble goal, the timing of the announcement had raised legitimate concerns about whether it was driven by policy or politics . Universities Fund warns students against faking parents' deaths to get higher scholarships PAY ATTENTION: TUKO is in WhatsApp Channels now! Subscribe and read news in favourite messenger. ""The promise that university will now be free for all sounds like progress but when it comes months to an election, after years of complaints about a broken funding model, Kenyans are entitled to ask, is this policy or politics?"" she posed. She noted that universities have been operating under financial strain, while many students have struggled to",,"[""Dholuo"",""Ekegusii"",""Somali""]",https://www.tuko.co.ke/politics/633757-faith-odhiambo-questions-rutos-free-university-education-promise-policy-politics/,2026-07-22T11:12:03+03:00,"{""origin"": ""scrape_export"", ""quarantine_reason"": ""low_psa_score:0.33"", ""original_psa_id"": ""qpsa_2026_004622"", ""recovered_from"": ""qpsa_2026_004611"", ""recovery"": ""psa_core_extract"", ""token_count"": 340, ""strict_psa_pass"": true}"
psa_2026_003920,Education,"Moi University to Admit 8,869 First-Year Students After KUCCPS Placement. Education Education Moi University to Admit 8,869 First-Year Students After KUCCPS Placement Published 8 Jul 2026 by Harry Ivan Mboto 3 min read Moi University is set to welcome thousands of first-year students after the government unveiled the 2025 KUCCPS placement results The institution says the new intake reflects growing confidence in its academic programmes despite recent challenges The placement comes as the university continues implementing reforms aimed at restoring stability and strengthening its operations CHECK OUT: How to Start Earning with Copywriting in Just 7 Days – Even if You’re a Complete Beginner TUKO.co.ke journalist Harry Ivan Mboto has five years of experience reporting on politics and current affairs in Kenya Eldoret: Moi University is set to admit 8,869 first-year students after the Kenya Universities and Colleges Central Placement Service (KUCCPS) released placement results for the 2025 Kenya Certificate of Secondary Education (KCSE) candidates. KUCCPS has allocated Moi University 8,869 first-year students in the 2025/26 placement cycle. Photo: Mboto Harry Ivan/TUKO.co.ke. Source: Original In a statement shared on its social media platforms, the university welcomed the incoming students and assured them of a conducive learning environment anchored on academic excellence, innovation and integrity. Acting Vice Chancellor Professor Kiplagat Kotut congratulated the successful applicants, saying the institution is ready to receive them. KUCCPS releases 2025 placement results as 293,869 secure courses, 8,915 choose TVET over degrees Search option is now available at TUKO! Feel free to search the content on topics/people you enjoy reading about in the top right corner ;) ""Moi University congratulates the 8,869 students who have successfully been placed at Moi University. We warmly welcome you to Moi University,"" said Kotut. The university added that it remains committed to providing quality teaching while nurturing innovation, diversity and integrity, values it says define its academic culture. Among other public universities, Kisii University has been allocated 7,903 students under this year's placement exercise. Has KUCCPS released 2025 university placement results? The announcement follows the release of the 2025/2026 placement",,"[""Dholuo"",""Ekegusii"",""Somali""]",https://www.tuko.co.ke/education/631871-moi-university-admit-8869-year-students-kuccps-placement/,2026-07-08T13:28:39+03:00,"{""origin"": ""scrape_export"", ""quarantine_reason"": ""low_psa_score:0.33"", ""original_psa_id"": ""qpsa_2026_004623"", ""recovered_from"": ""qpsa_2026_004612"", ""recovery"": ""psa_core_extract"", ""token_count"": 340, ""strict_psa_pass"": true}"
psa_2026_003921,Health,"Mama Ngina University College courses, fees, and admission requirements. Education Education Mama Ngina University College courses, fees, and admission requirements Published 2 Jun 2026 Updated 12 Jun 2026 by Gladys Mokeira reviewed by Masolo Mabonga 6 min read Mama Ngina University College courses include Bachelor of Commerce, Bachelor of Economics and Finance, and Bachelor of Environmental Health, among others. The annual fee requirement for government-sponsored learners is Ksh. 34,700, while self-sponsored students pay between Ksh. 100,000 and Ksh. 275,000. Further, the admission requirements vary from one course to another, but the KCSE Mean grade is C+ or its equivalent. Mama Ngina University College administration block. Photo: @mamanginauni (modified by author) Source: Instagram TABLE OF CONTENTS Key takeaways History of Mama Ngina University College Mama Ngina University College courses PhD programs Master's degree programs Undergraduate degree programs Short professional courses Mama Ngina University College admission process and requirements Minimum entry requirement for undergraduate courses Minimum entry requirements for master's degree courses Mama Ngina University fee structure FAQs about Mama Ngina University College Final word + View more Key takeaways Mama Ngina University College offers a wide range of degree, master's, and PhD courses such as Bachelor of Commerce, Bachelor of Information Technology, Master of Economics, and PhD in Business Administration. Self-sponsored undergraduates at Mama Ngina University College pay between Ksh. 100,000 and Ksh. 275,000 per academic year, while government-sponsored learners pay Ksh. 34,700 for the first year and Ksh. 30,900 for the subsequent years. Mama Ngina University College admission requirements depend on how one is joining the institute, namely via KUCCPS, self-sponsored, or requesting admission. Kisii University fee structure (2025/2026) for KUCCPS & Self-Sponsored students History of Mama Ngina University College Mama Ngina University College is a public institute and a constituent college of Kenyatta University . Previously, the university college was under Moi University mentorship before the 2017 transfer. Where is Mama Ngina College located? It is located along Kenyatta Road in Mutomo, Gatundu South, Kiambu County , Kenya. After its transfer from Moi to Kenyatta University, the latter acquired",,"[""Dholuo"",""Ekegusii"",""Somali""]",https://www.tuko.co.ke/education/626856-mama-ngina-university-college-courses-fees-admission-requirements/,2026-06-02T10:24:57+03:00,"{""origin"": ""scrape_export"", ""quarantine_reason"": ""low_psa_score:0.33"", ""original_psa_id"": ""qpsa_2026_004624"", ""recovered_from"": ""qpsa_2026_004613"", ""recovery"": ""psa_core_extract"", ""token_count"": 340, ""strict_psa_pass"": true}"
psa_2026_003922,Health,"Health PS pushes for urgent sickle cell reforms as donor support declines. Health PS pushes for urgent sickle cell reforms as donor support declines By: Spencer Walela | 17th Jul 2026 | 3 min read Listen Health Principal Secretary Dr. Ouma Oluga/courtesy NAIROBI, Kenya, July 17 – Health Principal Secretary Dr. Ouma Oluga has challenged health stakeholders to urgently strengthen sickle cell disease care, warning that Kenya cannot continue relying on donor funding as international support declines. Speaking at the Kenya Sickle Cell Disease Symposium in Nairobi, Dr. Oluga called for sickle cell treatment to be fully integrated into the Social Health Authority (SHA), saying the country must establish sustainable local financing to guarantee patients access to treatment without suffering financial hardship. “We are better off building our own house. That house is the Social Health Authority,” Oluga said. He urged stakeholders to act while there is political goodwill, citing both his medical background and personal experience with the disease. “If you don’t solve the problems of sickle cell when I am Principal Secretary, I’m not so sure when you will ever solve them again. One is because I am personally affected—I have family members who have sickle cell—and secondly because I’m a physician, so I understand sickle cell very well,” he said. You might also like W Exclusive Raises the Bar with the Launch of Nairobi’s Most Advanced Spin Studio Study finds severe anaemia burden shifting to older children Robert Aruho appointed to chair global antelope conservation body Oluga said the government’s priority is to protect Kenyans from both illness and poverty by ensuring people do not have to sell assets to pay for treatment. “One is that we protect Kenyans from financial ruin when they get sick, that people don’t go into poverty because of illness,” he said. The symposium also heard calls for stronger government support from the American Society of Hematology (ASH) President Dr. Robert Negrin, who said coordinated policies are essential to improve care. “ASH has been extraordinarily committed to the sickle cell disease community",,"[""Dholuo"",""Ekegusii"",""Somali""]",https://capitalfm.africa/health-ps-pushes-for-urgent-sickle-cell-reforms-as-donor-support-declines/,2026-07-17T11:34:33+03:00,"{""origin"": ""scrape_export"", ""quarantine_reason"": ""low_psa_score:0.31"", ""original_psa_id"": ""qpsa_2026_004625"", ""recovered_from"": ""qpsa_2026_004614"", ""recovery"": ""psa_core_extract"", ""token_count"": 340, ""strict_psa_pass"": true}"
psa_2026_003923,Health,"Gertrude’s Hospital Earns Global Accreditation in Fight Against Antibiotic Resistance. Gertrude’s Hospital Earns Global Accreditation in Fight Against Antibiotic Resistance By: CORRESPONDENT | 14th Jul 2026 | 2 min read Listen NAIROBI, Kenya, July 14 – Gertrude’s Children’s Hospital has become the first hospital in Kenya to receive global accreditation for antimicrobial stewardship, as it called on healthcare providers and the public to step up efforts to combat antimicrobial resistance (AMR). The hospital received the Global Antimicrobial Stewardship Accreditation (GAMSAS) from the British Society for Antimicrobial Stewardship in recognition of its responsible use of antibiotics. Chief Executive Officer Robert Nyarango said the accreditation reflects the hospital’s commitment to protecting patients and preserving the effectiveness of life-saving medicines. “We are proud to be the first organisation in Kenya to achieve BSAC GAMSAS accreditation. It is a commitment to every patient who walks through our doors that we will use antibiotic medications responsibly,” he said. Gertrude’s said compliance with antibiotic stewardship practices improved from 66 percent in 2020 to 94 percent in 2025, while adherence to standard treatment guidelines rose from 50 percent to 86 percent over the same period. You might also like Omtatah Questions Three-Year Delay in Appointing KEMRI Director General SZA Reveals Autism Spectrum Disorder Diagnosis Robert Aruho appointed to chair global antelope conservation body The hospital has also restricted the use of selected antibiotics unless approved by an infectious disease specialist or supported by laboratory evidence. Paediatric infectious disease specialist Dr. Joseph Mbuthia warned that antimicrobial resistance is becoming a major public health challenge in Kenya. “AMR is a growing public health concern in Kenya, posing a serious threat to human, animal and environmental health. The achievement underscores the critical role healthcare institutions play in addressing antimicrobial resistance,” he said. Global estimates show AMR was directly responsible for 1.27 million deaths in 2019, while about 28,500 deaths in Kenya have been linked to the condition. Latest Stories News Robert Aruho appointed to chair global antelope conservation body News DCI receives U.S. DEA vehicles to boost anti-narcotics operations News",,"[""Dholuo"",""Ekegusii"",""Somali""]",https://capitalfm.africa/gertrudes-hospital-earns-global-accreditation-in-fight-against-antibiotic-resistance/,2026-07-14T07:19:00+03:00,"{""origin"": ""scrape_export"", ""quarantine_reason"": ""low_psa_score:0.33"", ""original_psa_id"": ""qpsa_2026_004626"", ""recovered_from"": ""qpsa_2026_004615"", ""recovery"": ""psa_core_extract"", ""token_count"": 340, ""strict_psa_pass"": true}"
psa_2026_003924,Education,"Africa’s healthcare worker shortage keeps focus on medical training as SGU graduates new doctors. Africa’s healthcare worker shortage keeps focus on medical training as SGU graduates new doctors By: PHIDEL KIZITO | 4th Jul 2026 | 2 min read Listen courtesy NAIROBI, Kenya, July 4- The growing shortage of healthcare professionals across Africa is placing renewed focus on medical education, as governments seek to build a workforce capable of meeting rising demand for healthcare services driven by population growth, urbanization and an increasing burden of disease. Against this backdrop, St. George’s University (SGU) School of Medicine has graduated a new cohort of medical students from across the continent during a commencement ceremony held in Gaborone, Botswana. The graduation comes as many African countries continue to grapple with low doctor-to-patient ratios, with policymakers increasingly looking to expand medical training and retain skilled professionals to strengthen healthcare systems. Botswana’s Minister of Health and SGU alumnus, Dr. Stephen Modise, said medical professionals have an important role to play in improving healthcare services. “Healthcare is, above all, a profession of service. Every graduate we celebrate today represents years of dedication, sacrifice and perseverance, and each has the potential to make a meaningful difference in the lives of patients and communities.” You might also like St. Andrew’s Turi Partners SGU to Expand Medical Education Pathways Bus crash kills 20 pupils returning from school trip West Africa signs off $25bn mega gas-pipeline plan “Botswana has benefited greatly from healthcare professionals who have pursued medical education internationally and returned home with the knowledge, skills and commitment to strengthen our health system. I congratulate today’s graduates and encourage them to continue serving with excellence, integrity and compassion as they help shape the future of healthcare in Botswana and across Africa.” The ceremony brought together graduates, government officials, healthcare professionals and representatives from the University of Botswana for degree conferrals, hooding ceremonies and the administration of the academic oath. The event comes as countries across the continent continue to invest in expanding the healthcare workforce amid growing pressure on",,"[""Dholuo"",""Ekegusii"",""Somali""]",https://capitalfm.africa/africas-healthcare-worker-shortage-keeps-focus-on-medical-training-as-sgu-graduates-new-doctors/,2026-07-04T09:36:29+03:00,"{""origin"": ""scrape_export"", ""quarantine_reason"": ""low_psa_score:0.33"", ""original_psa_id"": ""qpsa_2026_004627"", ""recovered_from"": ""qpsa_2026_004616"", ""recovery"": ""psa_core_extract"", ""token_count"": 340, ""strict_psa_pass"": true}"
psa_2026_003925,Security,"‘Every choice has consequences,’ Ruto warns students. ‘Every choice has consequences,’ Ruto warns students By: DAVIS AYEGA | 28th Jun 2026 | 3 min read Listen President William Ruto during a thanksgiving service at Burieruri High School in Meru County on Jun 28, 2026. NAIROBI, Kenya Jun 28 – President William Ruto has urged students to reject violence and embrace discipline following a wave of school unrest, warning that every decision they make today will shape their future. Speaking during a thanksgiving service at Burieruri High School in Meru County, the President expressed concern over recent cases of arson and destruction of school property, saying education is about building character as much as academic success. “Education is not only about passing examinations, but also about forming character, resolving differences peacefully, and understanding that every action carries consequences,” Ruto said. He challenged learners to think carefully before making decisions that could destroy their future. “Every choice you make writes a chapter of your future. Some mistakes pass with time; others leave scars that last a lifetime. Before you act, ask yourself: will this decision make my future greater or diminish it?” he added. You might also like Kalonzo asks Kenyans to bankroll campaign Matiang'i hosts Sifuna amid opposition shifts Portal to pick Ruto's challenger ready despite hacking attempts Deputy President Kithure Kindiki echoed the President’s message, urging students to use peaceful and lawful channels to air their grievances instead of engaging in acts of indiscipline. He assured learners that the government is ready to listen to their concerns but warned that violence only hurts their future and that of other students. “Whenever there are grievances, let us resolve those grievances because we want to listen to you, understand you and support you. It is improper to use concerns to involve yourself in acts of indiscipline because you destroy not only your own future but also that of your brothers and sisters,” Kindiki said. Education Cabinet Secretary Julius Ogamba said the government will bring together teachers, parents and other education stakeholders to",,"[""Dholuo"",""Ekegusii"",""Somali""]",https://capitalfm.africa/every-choice-has-consequences-ruto-warns-students/,2026-06-28T14:20:41+03:00,"{""origin"": ""scrape_export"", ""quarantine_reason"": ""low_psa_score:0.33"", ""original_psa_id"": ""qpsa_2026_004628"", ""recovered_from"": ""qpsa_2026_004617"", ""recovery"": ""psa_core_extract"", ""token_count"": 340, ""strict_psa_pass"": true}"
psa_2026_003926,Education,"Murkomen convenes education summit in Iten to address poor school performance. Murkomen convenes education summit in Iten to address poor school performance By: BRUHAN MAKONG | 12th Mar 2026 | 3 min read Listen Murkomen said parts of the county—particularly the lower regions—are still recovering from decades of banditry that disrupted learning and contributed to declining education standards/MINA NAIROBI, Kenya, Mar 12 — Kipchumba Murkomen is set to host a key education conference on Friday in Iten aimed at improving academic performance and strengthening peace initiatives in the region, officials said. The inaugural Elgeyo-Marakwet Elimu Conference will take place at Lorna Kiplagat Academy and will be attended by Julius Migos Ogamba, according to organizers. The Ministry of Interior said the one-day forum is expected to bring together about 2,500 education stakeholders, including school principals, student representatives, academics, education administrators, teacher union leaders, and professionals from across Elgeyo-Marakwet County. Organized under the auspices of the OKM Foundation, the conference aims to address poor academic performance in the county while raising awareness about the implementation of Kenya’s Competency-Based Curriculum (CBC). Murkomen, who also serves as patron of the foundation, said parts of the county—particularly the lower regions—are still recovering from decades of banditry that disrupted learning and contributed to declining education standards. You might also like Gachagua dismisses Ruto’s anti-goon order as ‘theatrics,’ claims police-goon alliance is fueling violence Murkomen Warns Ol Kalou Violence Perpetrators of Tough Action Nairobi Metropolitan Police to Launch in Coming Days, Ruto Says “The lower parts of Elgeyo-Marakwet County are recovering from decades of banditry, and therefore the quality of education has gone down over the years,” Murkomen said. Gaps He added that other challenges affecting schools include high teacher–student ratios, inadequate infrastructure such as a shortage of science laboratories, and low transition rates to senior secondary schools and technical and vocational education and training institutions. “Bringing this county on par with the rest of the country is therefore urgent,” he said. “No single stakeholder has the silver bullet to solve this problem, which is why we",,"[""Dholuo"",""Ekegusii"",""Somali""]",https://capitalfm.africa/murkomen-elgeyo-marakwet-education-conference-iten/,2026-03-12T08:05:36+03:00,"{""origin"": ""scrape_export"", ""quarantine_reason"": ""low_psa_score:0.33"", ""original_psa_id"": ""qpsa_2026_004629"", ""recovered_from"": ""qpsa_2026_004618"", ""recovery"": ""psa_core_extract"", ""token_count"": 340, ""strict_psa_pass"": true}"
psa_2026_003927,Security,"Infant Reunited With Mother After Eight-Day Search. Infant Reunited With Mother After Eight-Day Search By: Yvonne Mandela | 18th Jul 2026 | 2 min read Listen NAIROBI, Kenya, Jul 18 – An infant who disappeared after the child’s mother was deceived with a fake employment opportunity has been rescued by detectives following an eight-day investigation. The Directorate of Criminal Investigations said four people have been arrested over the incident, which occurred in Pipeline, Embakasi. Police said the mother was searching for work when a man approached her with an offer of employment at a hotel. “Because she had no one to look after her child, the suspect allegedly convinced her to leave the baby with a woman nearby before disappearing,” the DCI said in a statement. The mother returned moments later only to discover that both the woman and her infant had vanished. You might also like DCI to roll out nationwide reform drive after Nairobi operational review exposes gaps Mother, daughter and son-in-law arrested as DCI busts alleged online sex trafficking ring in Embakasi East INTERPOL Taskforce meets in Nairobi to strengthen Africa’s fight against child sexual abuse “Panicked, the mother rushed back to reclaim her child, only to discover that both the woman and her baby were nowhere to be found. With both suspects unreachable, she reported the incident at Kware Police Station,” the Agency explained. The investigations culminated in the arrest of four suspects in Kware Mabatini, where officers recovered the missing baby from one of the suspects’ residences. The child was found safe and later reunited with the relieved mother. The DCI said the four suspects remain in custody pending their arraignment. Tags: crime DCI fake employment opportunity Human trafficking News Latest Stories News Robert Aruho appointed to chair global antelope conservation body News DCI receives U.S. DEA vehicles to boost anti-narcotics operations News Gachagua predicts lawful police in 2027 polls News Gachagua says voting alone is no longer enough News Gachagua offers to train Kenyans on protecting votes",,"[""Dholuo"",""Ekegusii"",""Somali""]",https://capitalfm.africa/infant-reunited-with-mother-after-eight-day-search/,2026-07-18T09:43:51+03:00,"{""origin"": ""scrape_export"", ""quarantine_reason"": ""low_psa_score:0.33"", ""original_psa_id"": ""qpsa_2026_004630"", ""recovered_from"": ""qpsa_2026_004619"", ""recovery"": ""psa_core_extract"", ""token_count"": 333, ""strict_psa_pass"": true}"
psa_2026_003928,Security,"Murder Suspect Remanded for 21 Days As Detectives Recover Missing Head Of Slain Nyeri Woman From Pit Latrine. Murder Suspect Remanded for 21 Days As Detectives Recover Missing Head Of Slain Nyeri Woman From Pit Latrine By: BRUHAN MAKONG | 15th Jul 2026 | 2 min read Listen NAIROBI, Kenya, Jul 15-A murder investigation into the brutal killing of 25-year-old Joy Kanini Gathu took a grim turn after detectives recovered her severed head from a pit latrine in Nyeri, following information allegedly provided by the prime suspect during interrogation. John Nderitu Mureithi was on Tuesday remanded for 21 days by the Nyeri Law Courts, giving investigators additional time to complete inquiries into the killing, which has shocked residents of the county. The suspect was arrested on July 10 by detectives from the DCI Homicide Investigations Bureau along the Nanyuki–Isiolo Road while allegedly attempting to flee to Uganda. The Directorate of Criminal Investigations (DCI) said the suspect led detectives to Ngangarithi Estate in Nyeri Township, where he allegedly disposed of the victim’s head inside a 20-foot-deep pit latrine located within a residential compound. “A determined multi-agency team comprising detectives from the DCI Homicide Investigations Bureau and DCI Nyeri Central, forensic experts, officers from the National Government Administration Office, Nyeri Police Station, and the Nyeri County Disaster and Rescue Team conducted a painstaking recovery operation,” DCI said. You might also like DCI receives U.S. DEA vehicles to boost anti-narcotics operations DCI arrests suspect in murder of TUK lecturer Three arrested as DCI rescues two missing girls The multi-agency team partially demolished the pit latrine before carefully retrieving the victim’s head, along with blood-stained clothing believed to be linked to the murder. The recovered remains were transferred to the Nyeri County Referral Hospital Mortuary, where a post-mortem examination is expected to provide crucial forensic evidence. The blood-stained clothing has also been secured for laboratory analysis as investigators work to reconstruct the events surrounding the killing. The recovery marks a major breakthrough in the investigation, with detectives expected to use forensic findings and other",,"[""Dholuo"",""Ekegusii"",""Somali""]",https://capitalfm.africa/murder-suspect-remanded-for-21-days-as-detectives-recover-missing-head-of-slain-nyeri-woman-from-pit-latrine/,2026-07-15T10:18:14+03:00,"{""origin"": ""scrape_export"", ""quarantine_reason"": ""low_psa_score:0.33"", ""original_psa_id"": ""qpsa_2026_004631"", ""recovered_from"": ""qpsa_2026_004620"", ""recovery"": ""psa_core_extract"", ""token_count"": 340, ""strict_psa_pass"": true}"
psa_2026_003929,Security,"Untitled. Nigeria Jails Three for Life Over Oyo School Abductions Three men have been sentenced to life imprisonment in Nigeria after pleading guilty to offences linked to the kidnapping of dozens of pupils and teachers during coordinated attacks on schools in Oyo State in May. Justice Salim Ibrahim sentenced the three men after they pleaded guilty to some of the 10 terrorism charges preferred against them by the federal government. Abdulrazak Umar (a.k.a. Abu Khalifa/Abu Khalid), Yunusa Musa (a.k.a. Yunusa bin Musa) and Shamsu Adamu Sani (a.k.a. Abu Itisar) pleaded guilty to counts four and six. The men admitted to concealing information about those responsible and acknowledged being members of a Boko Haram affiliate. They denied conspiring in the abductions. The convictions come weeks after security forces rescued 44 abducted pupils and teachers. Mass kidnappings by armed groups for ransom have become increasingly common, often requesting ransoms for the release of the captives. They tend to focus on soft targets such as schools, churches, mosques and remote villages. Kenya's Ex-Governor Obado Guilty of Murder Keep up with the latest headlines on WhatsApp | LinkedIn Former Migori Governor Okoth Obado has been found guilty of murdering 26-year-old university student Sharon Otieno, who was pregnant with his child at the time of her death in 2018. A Kenyan court ruled that Obado orchestrated the killing. His former personal assistant and county clerk helped carry it out and conceal the crime. Otieno's murder, which sparked nationwide outrage and renewed attention on violence against women in Kenya, was investigated using eyewitness testimony and circumstantial evidence. The three men remain in custody awaiting sentencing. South Africa Rejects ICC Migrant Violence Petition South Africa has dismissed as ""opportunistic"" a petition filed at the International Criminal Court by two Ghanaian nationals seeking an investigation into attacks on foreign migrants, arguing the country's legal system is capable of addressing such cases. The petition, submitted to the Hague-based court, argued that the violence could amount to crimes against humanity and accuses the South African government of failing to prevent",,"[""Dholuo"",""Ekegusii"",""Somali""]",https://allafrica.com/stories/202607240110.html,,"{""origin"": ""scrape_export"", ""quarantine_reason"": ""low_psa_score:0.33"", ""original_psa_id"": ""qpsa_2026_004758"", ""recovered_from"": ""qpsa_2026_004745"", ""recovery"": ""psa_core_extract"", ""token_count"": 340, ""strict_psa_pass"": true}"
psa_2026_003930,Health,"Untitled. Kenyan President William Ruto has announced plans to fully fund university and college education for every student who qualifies for admission, saying no child should miss out on higher education because of their family's financial situation. Speaking on Tuesday at State House in Nairobi, Ruto said the government had completed work on a new higher education funding model and submitted the necessary amendments to Parliament to pave the way for universal funding beginning in September this year. The proposal marks a major policy shift after years of complaints from universities over inadequate government funding and concerns from students who struggled to raise tuition despite qualifying for admission. The reforms are intended to ensure that access to higher education is determined by academic merit rather than a family's ability to pay. Follow us on WhatsApp | LinkedIn for the latest headlines Ruto acknowledged that previous funding models had failed to achieve their objectives, leaving universities under severe financial strain. ""We tried the differentiated model. I think the vice chancellors here know it didn't work because it made most of our universities almost close down. Because while we promised 80% funding, we went down to 40%, and most universities suffered,"" he said. He said the government later introduced a funding structure combining parental contributions, student loans and scholarships in an effort to promote equity, but many deserving students still faced financial barriers. ""Now we are moving to universal under the amendments we have taken to Parliament. So going forward, any student, so long as they have passed their exam and they have been placed in a college or a university, will get full funding for their higher education,"" Ruto said. The President said parents who wish to contribute towards their children's education would remain free to do so, but financial hardship would no longer prevent students from accessing higher education. ""It will be the choice of parents if they want to pay. But if parents don't want to pay, we now have a model that will pay for every child,"" he",,"[""Dholuo"",""Ekegusii"",""Somali""]",https://allafrica.com/stories/202607220060.html,,"{""origin"": ""scrape_export"", ""quarantine_reason"": ""low_psa_score:0.31"", ""original_psa_id"": ""qpsa_2026_004759"", ""recovered_from"": ""qpsa_2026_004746"", ""recovery"": ""psa_core_extract"", ""token_count"": 340, ""strict_psa_pass"": true}"
psa_2026_003931,Education,"Untitled. Nairobi — President William Ruto has nominated Kenya National Commission on Human Rights (KNCHR) Chairperson Dr. Duncan Ojwang Oburu to chair the Independent Policing Oversight Authority (IPOA), as part of a fresh round of appointments to constitutional commissions and public bodies. The nominations, announced Tuesday through Notification of Presidential Action No. XI of 2026, also include appointments to the Teachers Service Commission (TSC), the Public Service Commission (PSC) and the Intergovernmental Relations Technical Committee (IGRTC). If approved by Parliament, Oburu will succeed former IPOA Chairperson Justice Ahmed Issack Hassan, who vacated the office after his appointment to the Court of Appeal earlier this year. President Ruto also nominated former Kenya National Union of Teachers (KNUT) Secretary-General Wilson Sossion and Antonina Lentoijoni to serve as members of the Teachers Service Commission. Keep up with the latest headlines on WhatsApp | LinkedIn Flora Mutua was nominated as a member of the Public Service Commission, also subject to parliamentary approval. The nominations come as the government moves to fill vacancies in key constitutional commissions and independent offices following resignations and the expiry of office holders' terms. The President further nominated Wilson Kuria Thuita, Silvya C. Apaa, Ahmed Kanyara Bishar, Pascalyne Ntang'enoi Kimiriri, Ken Riaga, Evalyn Chepkirui Aruasa and Mary Nanjala Kilobi to serve on the Intergovernmental Relations Technical Committee, subject to ratification by the National and County Government Coordinating Summit in accordance with the Intergovernmental Relations Act. Separately, President Ruto reorganised the government's communications structure by appointing former National Police Service spokesperson Charles Owino Wahong'o as Government Spokesperson. Owino was redeployed from the Ministry of Information, Communications and the Digital Economy, where he had been serving as Acting Head of Government Communications, to the Executive Office of the President. Former Government Spokesperson Isaac Mwaura was redesignated as Head of the Office of Diversity, Inclusion and Disability Rights in the Executive Office of the President. The nominees to IPOA, TSC and PSC will now undergo parliamentary vetting before they can formally assume office. Read the original article on Capital FM",,"[""Dholuo"",""Ekegusii"",""Somali""]",https://allafrica.com/stories/202607220046.html,,"{""origin"": ""scrape_export"", ""quarantine_reason"": ""low_psa_score:0.33"", ""original_psa_id"": ""qpsa_2026_004760"", ""recovered_from"": ""qpsa_2026_004747"", ""recovery"": ""psa_core_extract"", ""token_count"": 337, ""strict_psa_pass"": true}"
psa_2026_003932,Education,"Untitled. Nairobi — Nairobi gubernatorial aspirant Pauline Njoroge has resigned from the Jubilee Party after 14 years, signalling that she is set to formally join the emerging Linda Mwananchi Party, a political outfit still linked to the opposition. In a statement , Njoroge announced her resignation from both the Jubilee Party's National Executive Committee, where she served as Deputy Organising Secretary, and from the party's membership with immediate effect. The communications strategist said her departure marked the end of a transformative political journey that began in 2012 when she joined The National Alliance (TNA) as Communications Manager before it merged with URP to form the Jubilee Party. ""Today, however, I believe the time has come to embrace a new chapter,"" she said. Follow us on WhatsApp | LinkedIn for the latest headlines Njoroge expressed gratitude to former President Uhuru Kenyatta, describing him as more than a political leader. ""I am especially grateful to the Jubilee Party Leader, H.E. Uhuru Kenyatta, who has been more than a leader to me. He has been a mentor, a teacher and a political father,"" she said, adding that he had entrusted her with responsibility and exposed her to leadership and governance experiences across Africa and beyond. She said despite leaving Jubilee, Kenyatta would remain ""a valued source of wisdom and counsel."" Her resignation comes as political realignments gather pace ahead of the 2027 General Election, with Njoroge indicating she is preparing to throw her weight behind the Linda Mwananchi movement, which is in the process of transitioning into a political party. Njoroge revealed that she has been part of the Linda Mwananchi movement since February and said she had become convinced that it offered the best platform to champion good governance, constitutionalism, accountability and servant leadership. ""Since February this year, I have had the privilege of being part of the Linda Mwananchi movement. Over the months, my conviction has only grown stronger that this movement represents an important platform for advancing the aspirations of our generation,"" she said. She added that her decision also",,"[""Dholuo"",""Ekegusii"",""Somali""]",https://allafrica.com/stories/202607210137.html,,"{""origin"": ""scrape_export"", ""quarantine_reason"": ""low_psa_score:0.33"", ""original_psa_id"": ""qpsa_2026_004761"", ""recovered_from"": ""qpsa_2026_004748"", ""recovery"": ""psa_core_extract"", ""token_count"": 340, ""strict_psa_pass"": true}"
psa_2026_003933,Security,"Untitled. Nairobi — East African Legislative Assembly (EALA) MP Kanini Kega has claimed his government security detail has been withdrawn, days after he alleged that he survived an armed attack in Ol Kalou during the heated parliamentary by-election campaign. In a brief message posted on his social media platforms on Monday, Kega issued a statement with scanty details on the matter. ""My security has been withdrawn. But I have God!""he stated. Follow us on WhatsApp | LinkedIn for the latest headlines The development comes barely a week after the former Kieni MP reported what he described as an attempted assassination while campaigning for the United Democratic Alliance (UDA) candidate in the Ol Kalou by-election. According to Kega, the incident occurred on the night of July 13 when he was allegedly pursued by armed men travelling in unmarked vehicles as he left a campaign meeting in Nyandarua County. He claimed a double-cabin pickup blocked his convoy before one of the occupants pointed a gun at him, forcing his driver to execute an evasive manoeuvre to escape. Kega further alleged that another vehicle attempted to cut off their escape route, but his team managed to flee and sought refuge at a nearby home before reporting the matter at Ol Jororok Police Station. The lawmaker has claimed the attackers were rogue police officers, allegations that have not been independently verified and which the National Police Service has not publicly addressed. Kega's latest claims come against the backdrop of heightened political tensions that characterized the Ol Kalou parliamentary by-election, where both the ruling UDA and the opposition-backed Democracy for the Citizens Party (DCP) accused each other of intimidation and misuse of security agencies. Former Deputy President Rigathi Gachagua had also alleged that security personnel were being used to intimidate opposition supporters during the campaigns, claims the government has consistently denied. Read the original article on Capital FM",,"[""Dholuo"",""Ekegusii"",""Somali""]",https://allafrica.com/stories/202607200114.html,,"{""origin"": ""scrape_export"", ""quarantine_reason"": ""low_psa_score:0.33"", ""original_psa_id"": ""qpsa_2026_004763"", ""recovered_from"": ""qpsa_2026_004750"", ""recovery"": ""psa_core_extract"", ""token_count"": 313, ""strict_psa_pass"": true}"
psa_2026_003934,Security,"Untitled. Nairobi — Police have arrested two suspects and seized 220 litres of illicit chang'aa in a targeted operation in Kibra, as security agencies intensify a nationwide crackdown on the production and distribution of illegal alcohol. The raid, conducted by officers from the National Police Service (NPS) in the Kianda 42 area within Kilimani Sub-County, Nairobi, led to the arrest of two male suspects believed to be involved in the illicit alcohol trade. According to the police, the suspects were taken into custody pending processing and arraignment in court, while the recovered 220 litres of chang'aa were secured as exhibits. The latest operation is part of an ongoing nationwide campaign by the NPS to dismantle illegal brewing networks that authorities say continue to endanger public health, fuel crime and undermine legitimate businesses. Keep up with the latest headlines on WhatsApp | LinkedIn ""The operation underscores the ongoing commitment of the National Police Service to eradicate the production, distribution and consumption of illicit brews,"" the police said in a statement. The Kibra raid comes amid intensified enforcement efforts across the country targeting illegal alcohol dens. In recent weeks, police have carried out coordinated operations in several counties, seizing thousands of litres of illicit liquor and arresting dozens of suspects as part of a broader multi-agency campaign against the vice. The government has repeatedly warned that illicit brews pose a major public health and security threat. Interior Cabinet Secretary Kipchumba Murkomen has directed security agencies and local administrators to sustain the crackdown, saying illegal alcohol has contributed to rising crime, destroyed livelihoods and exposed consumers to life-threatening health risks. The scale of the challenge was laid bare before Parliament in June when Deputy Inspector General of Police Eliud Lagat revealed that more than 35,700 suspects had been arrested nationwide over the past two and a half years in connection with illicit alcohol offences. During the same period, police recovered over 1.5 million litres of illegal alcohol, with nearly one million litres destroyed. Police say they will continue conducting intelligence-led operations to dismantle",,"[""Dholuo"",""Ekegusii"",""Somali""]",https://allafrica.com/stories/202607200109.html,,"{""origin"": ""scrape_export"", ""quarantine_reason"": ""low_psa_score:0.33"", ""original_psa_id"": ""qpsa_2026_004764"", ""recovered_from"": ""qpsa_2026_004751"", ""recovery"": ""psa_core_extract"", ""token_count"": 340, ""strict_psa_pass"": true}"
psa_2026_003935,Governance,"Untitled. Nairobi — Residents of Makueni County will now be able to access government services for up to 12 hours a day after Huduma Kenya extended the operating hours of the Makueni Huduma Centre. In a statement issued Monday, the agency announced that the centre will operate from 7:00am to 7:00pm, Monday to Friday, with the new schedule taking effect immediately. The move makes Makueni the 21st Huduma Centre across the country to adopt extended working hours as part of the government's efforts to improve access to public services and accommodate citizens who are unable to visit government offices during the conventional 8:00am to 5:00pm working day. Huduma Kenya said the decision was informed by the economic activities of residents in the county, where many people are engaged in farming, horticulture and small-scale businesses that often keep them occupied during normal office hours. Keep up with the latest headlines on WhatsApp | LinkedIn Before Makueni joined the programme, Huduma Kenya had rolled out the 7am-to-7pm service model in 20 centres across the country. These are GPO, City Square, Eastleigh, Kibra and Makadara in Nairobi; Kiambu (Thika), Nyeri, Embu, Meru, Laikipia (Nanyuki), Nakuru, Kericho, Uasin Gishu (Eldoret), Kitale, Kakamega, Bungoma, Kisumu, Kisii, Migori and Mombasa Huduma Centres. With Makueni now added to the list, the number of centres offering the extended 12-hour service has risen to 21, as the government seeks to make public services more accessible to citizens whose work schedules make it difficult to visit offices during normal working hours. According to the agency, the revised schedule will allow farmers to access government services before heading to their farms, while traders and horticultural producers can visit the centre after closing their businesses without sacrificing their daily income. ""The extended hours initiative is tailored to the needs of Makueni's residents, many of whom are engaged in farming, horticulture and small-scale trade,"" Huduma Kenya said in the statement. The agency noted that the expansion of operating hours forms part of a broader strategy to make public services more accessible, efficient and",,"[""Dholuo"",""Ekegusii"",""Somali""]",https://allafrica.com/stories/202607200584.html,,"{""origin"": ""scrape_export"", ""quarantine_reason"": ""low_psa_score:0.33"", ""original_psa_id"": ""qpsa_2026_004765"", ""recovered_from"": ""qpsa_2026_004752"", ""recovery"": ""psa_core_extract"", ""token_count"": 340, ""strict_psa_pass"": true}"
psa_2026_003936,Security,"Untitled. Nairobi — Police have launched investigations after a former Garissa County Assembly Speaker reported that his licensed firearm went missing following an encounter with two women in Nairobi's central business district. According to a police report filed at Central Police Station, the incident was reported in the early hours of Saturday by Mathew Loltome, who described himself as a businessman and former Speaker of the Garissa County Assembly. The report states that Loltome had travelled to Nairobi three days earlier and met two women along Wabera Street on Friday night at around 11:00 p.m. Police say the three later drove in his white Toyota Voxy along Tom Mboya Street, where Loltome reportedly alighted from the vehicle, leaving one woman seated in the front passenger seat while the other remained standing outside the open passenger door. Keep up with the latest headlines on WhatsApp | LinkedIn According to the police report, he exchanged contact information with one of the women before walking away, leaving the pair in the vehicle. The report further indicates that Loltome later discovered that his Glock 19 pistol, which he says had been stored in the vehicle's glove compartment throughout the day, was missing after the vehicle reached Dubois Road. Police say he questioned one of the women, who allegedly informed him that the other woman had taken the firearm before leaving the scene. The complainant later proceeded to Central Police Station accompanied by the woman he had questioned and formally reported the incident. Police confirmed that one suspect is in custody and is being interrogated by detectives from the Directorate of Criminal Investigations (DCI) Central as investigations continue. Authorities have not announced any charges, and efforts to recover the missing firearm are ongoing. Police have not released additional details regarding the whereabouts of the firearm or whether any other suspects are being sought. Read the original article on Capital FM",,"[""Dholuo"",""Ekegusii"",""Somali""]",https://allafrica.com/stories/202607200099.html,,"{""origin"": ""scrape_export"", ""quarantine_reason"": ""low_psa_score:0.33"", ""original_psa_id"": ""qpsa_2026_004766"", ""recovered_from"": ""qpsa_2026_004753"", ""recovery"": ""psa_core_extract"", ""token_count"": 315, ""strict_psa_pass"": true}"
psa_2026_003937,Governance,"Untitled. Nairobi — Democracy for Citizens Party (DCP) leader Rigathi Gachagua has hailed the election of Sammy Douglas Kamau Waweru as Ol Kalou Member of Parliament as a historic political victory, thanking residents for what he described as rejecting intimidation, inducements and ""the deception of development projects."" The former Deputy President framed Thursday's by-election outcome as a major endorsement of his fledgling party and a significant political statement in the Mt. Kenya region ahead of the 2027 General Election. ""Congratulations, Hon. Sammy Douglas Kamau Waweru, on your historic election as the Member of Parliament for Ol Kalou Constituency. You have won by a resounding margin, reflecting the unmistakable voice of the people,"" Gachagua said after provisional results showed the DCP candidate holding an insurmountable lead over UDA's Samuel Muchina Nyagah. The victory marks DCP's first parliamentary seat since the party's formation and comes after weeks of intense campaigning that turned the Nyandarua contest into a proxy battle between President William Ruto's United Democratic Alliance (UDA) and Gachagua's opposition movement. Keep up with the latest headlines on WhatsApp | LinkedIn In a statement, Gachagua praised voters for resisting what he claimed were attempts to influence the outcome through state-backed development projects. ""Thank you, my great people, for refusing to sell your birthright and for being wise enough not to fall for the deception of development projects,"" he said. He further commended residents for safeguarding the electoral process despite security incidents reported during polling. ""Thank you a million times for guarding your vote and for standing firm despite the actions of rogue police officers armed with guns and tear gas,"" Gachagua added. His remarks came hours after unidentified armed men wearing balaclavas stormed parts of the constituency in unmarked vehicles, dispersing residents with teargas and assaulting journalists covering the by-election. Authorities had not identified the masked men or explained the operation by Thursday evening. Gachagua also described the victory as strengthening his political movement, saying Waweru had become another ""soldier"" in his campaign against the Kenya Kwanza administration. ""I have been struggling",,"[""Dholuo"",""Ekegusii"",""Somali""]",https://allafrica.com/stories/202607170059.html,,"{""origin"": ""scrape_export"", ""quarantine_reason"": ""low_psa_score:0.33"", ""original_psa_id"": ""qpsa_2026_004767"", ""recovered_from"": ""qpsa_2026_004754"", ""recovery"": ""psa_core_extract"", ""token_count"": 340, ""strict_psa_pass"": true}"
psa_2026_003938,Security,"Untitled. NAIROBI, Kenya Juy 16 - President William Ruto has said the Government is strengthening transparency and expanding access tRuto Pledges Greater Access to Public Information in Push for Open Governmento public information as part of efforts to build public trust and combat misinformation, disinformation and fake news. Speaking at State House, Nairobi, on Thursday during the launch of consultations for Kenya's inaugural State of Openness Report, the President said openness has become increasingly important in the digital age, where vast amounts of information circulate rapidly. ""With so much information available in the public space because of technology, and the accompanying challenge of misinformation and fake news, openness is now much more important for the Government than anybody else. I think the Government needs openness more than at any other time in our history,"" he said. President Ruto said the State of Openness Report will establish a national benchmark for measuring transparency, accountability and institutional performance across government. He noted that the report will provide an honest assessment of the country's progress and identify areas requiring reform to strengthen public trust. Keep up with the latest headlines on WhatsApp | LinkedIn He directed all ministries, departments, agencies, constitutional commissions and county governments to fully cooperate with the Commission on Administrative Justice by providing timely and accurate information during the exercise. ""A confident Government does not fear scrutiny; in fact, it welcomes scrutiny,"" he said. The report, expected to be launched later this year, will be the first of its kind globally. The President reaffirmed Kenya's commitment to the Open Government Partnership, of which the country has been a member since its inception in 2011. To support the initiative, President Ruto pledged KSh100 million to facilitate the operations of the Commission on Administrative Justice. The President highlighted a number of reforms implemented over the past decade to enhance transparency and accountability in government. He said digitisation of government services has expanded significantly, from 350 services in 2022 to more than 26,000 today, improving accessibility, efficiency and accountability. The Government has also",,"[""Dholuo"",""Ekegusii"",""Somali""]",https://allafrica.com/stories/202607160477.html,,"{""origin"": ""scrape_export"", ""quarantine_reason"": ""low_psa_score:0.33"", ""original_psa_id"": ""qpsa_2026_004769"", ""recovered_from"": ""qpsa_2026_004756"", ""recovery"": ""psa_core_extract"", ""token_count"": 340, ""strict_psa_pass"": true}"
psa_2026_003939,Governance,"Untitled. Nairobi — Kajiado Governor Joseph Ole Lenku faces a possible six-month jail term after the High Court summoned him to appear on July 24 to answer contempt proceedings over allegations that he defied conservatory orders suspending the transfer of Amboseli National Park to the Kajiado County Government. Justice Gregory Mutai certified as urgent a Notice of Motion dated July 9, 2026 and directed Governor Lenku and the other respondents to appear before the court for an inter partes hearing on July 24 at 10 am. Pending the hearing, the court barred the Kajiado County Government, Governor Lenku and anyone acting under the county's authority from ""entering upon, invading, taking over, assuming control of, interfering with the operations or management of Amboseli National Park, or in any manner whatsoever implementing, or purporting to implement the Deed of Transfer dated 14th October 2025, in contravention of the conservatory orders issued by this Honourable Court in its Ruling delivered on 30th December, 2025."" The contempt application was filed by rights activist Joseph Kasau Masaa, who argues that the county has acted in defiance of the court's earlier conservatory orders that halted implementation of the park transfer. Follow us on WhatsApp | LinkedIn for the latest headlines The judge ordered that the application and court orders be served on all respondents and interested parties within three working days, after which they will have seven days to file their responses. The parties were also granted leave to file skeleton submissions by 5 p.m. on July 23 ahead of the hearing. The orders carry a penal notice warning that ""any disobedience or non-observance of the order of the court served herewith will result in penal consequences to you and any other person(s) disobeying and not observing the same."" If found guilty of contempt, Governor Lenku could face sanctions, including a jail term or other penalties as the court may determine. The High Court has not made any finding of contempt, with the matter set for hearing on July 24. Read the original article on Capital",,"[""Dholuo"",""Ekegusii"",""Somali""]",https://allafrica.com/stories/202607130360.html,,"{""origin"": ""scrape_export"", ""quarantine_reason"": ""low_psa_score:0.33"", ""original_psa_id"": ""qpsa_2026_004772"", ""recovered_from"": ""qpsa_2026_004759"", ""recovery"": ""psa_core_extract"", ""token_count"": 340, ""strict_psa_pass"": true}"
psa_2026_003940,Governance,"Untitled. Nairobi — The government has released more than Sh3 billion under the second phase of the National Youth Opportunities Towards Advancement (NYOTA) programme, extending financial support to over 122,000 young entrepreneurs across the country. President William Ruto announced the disbursement during the national launch of NYOTA Tranche II in Nairobi, describing the initiative as a key pillar in the administration's strategy to tackle youth unemployment through enterprise development and business ownership. Under the latest phase, 88,934 beneficiaries who successfully invested their initial grants will receive a second tranche of Sh25,000 each, bringing their total support under the programme to Sh50,000. At the same time, an additional 33,269 young Kenyans will receive their first round of funding as they begin their entrepreneurial journeys. Follow us on WhatsApp | LinkedIn for the latest headlines The rollout is being implemented simultaneously across 17 regional clusters covering all 47 counties in a move aimed at expanding access to opportunities and accelerating grassroots economic growth. In a major boost for young enterprises, President Ruto also announced a two-year waiver on county business permit fees for all NYOTA beneficiaries. The President directed the Intergovernmental Budget and Economic Council (IBEC), working together with county governments, to develop and implement the waiver to shield startups from the financial pressures associated with business compliance during their formative years. ""Young businesses deserve an opportunity to establish themselves before bearing the full cost of regulatory compliance,"" Ruto said during the launch. The government also directed state-backed financial institutions, including the Youth Enterprise Development Fund and the Women Enterprise Fund, to develop financing products that will support businesses graduating from the NYOTA programme and seeking expansion capital. Officials say the programme is designed to complement broader government economic initiatives, including the National Infrastructure Fund, by creating an enabling environment for startups to grow, create jobs and contribute to local economies. The initiative forms part of the government's wider effort to shift young people from unemployment and informal work into sustainable entrepreneurship and wealth creation. Read the original article on Capital FM",,"[""Dholuo"",""Ekegusii"",""Somali""]",https://allafrica.com/stories/202607100140.html,,"{""origin"": ""scrape_export"", ""quarantine_reason"": ""low_psa_score:0.33"", ""original_psa_id"": ""qpsa_2026_004773"", ""recovered_from"": ""qpsa_2026_004760"", ""recovery"": ""psa_core_extract"", ""token_count"": 340, ""strict_psa_pass"": true}"
psa_2026_003941,Security,"Untitled. Nairobi — The Ethiopian Federal Police has established a new regional scholarship programme in forensic science aimed at strengthening criminal investigations and building a pipeline of skilled law enforcement professionals from across the Intergovernmental Authority on Development (IGAD) region. The Dr. Workneh Gebeyehu Scholarship Program in Forensic Science, to be hosted at the Crime Investigation Academy of the Ethiopian Police University (EPU) in Sandafa, will support the academic and professional development of outstanding students pursuing careers in law enforcement. The initiative comes at a time when countries across East Africa are investing in forensic science, digital investigations and cross-border security cooperation to combat increasingly sophisticated transnational crimes, including cybercrime, terrorism, human trafficking and financial crimes. According to the Ethiopian Federal Police, the scholarship is designed to attract talented individuals from across the IGAD region while strengthening institutional capacity in forensic investigations. Follow us on WhatsApp | LinkedIn for the latest headlines ""The scholarship program aims to support the academic and professional development of outstanding individuals from within the IGAD region who are committed to pursuing careers in law enforcement."" ""This scholarship program at the EPU seeks to cultivate future leaders who exemplify the values of public service, perseverance, and innovation."" Beyond supporting individual students, the programme reflects a broader recognition that modern policing increasingly depends on scientific evidence and specialized investigative expertise. Governments across Africa have stepped up investments in forensic laboratories, DNA analysis, cybercrime investigation and digital evidence management as organized crime becomes more technologically sophisticated. Analysts say developing local expertise reduces dependence on foreign forensic services, shortens investigation timelines and strengthens judicial systems through more reliable evidence. The scholarship is also expected to deepen regional collaboration by bringing together trainees from IGAD member states, potentially fostering stronger cooperation in intelligence sharing and cross-border criminal investigations. The Ethiopian Federal Police said the programme has been established in honour of Dr. Workneh Gebeyehu, recognizing his contributions to Ethiopia's public service and his commitment to regional integration during his leadership roles. Close Sign up for free AllAfrica Newsletters Get the",,"[""Dholuo"",""Ekegusii"",""Somali""]",https://allafrica.com/stories/202607100450.html,,"{""origin"": ""scrape_export"", ""quarantine_reason"": ""low_psa_score:0.33"", ""original_psa_id"": ""qpsa_2026_004774"", ""recovered_from"": ""qpsa_2026_004761"", ""recovery"": ""psa_core_extract"", ""token_count"": 340, ""strict_psa_pass"": true}"
psa_2026_003942,Security,"DCI arrests prime suspect in murder of TUK lecturer Edgar Mokua. DCI arrests prime suspect in murder of TUK lecturer Edgar Mokua By: Yvonne Mandela | 22nd Jul 2026 | 2 min read Listen The suspect, identified as Richard Gikuhe Mbugua, was arrested in Ruiru Blue Estate after investigators traced a grey Toyota Ractis, registration number KBZ 002R, believed to have been used to dump Mokua's body before speeding away/DCI NAIROBI, Kenya, Jul 22 – Homicide detectives from the Directorate of Criminal Investigations (DCI) have arrested the prime suspect in the murder of Technical University of Kenya (TUK) lecturer Edgar Mokua, following a forensic-led investigation that linked a getaway vehicle to the crime. The suspect, identified as Richard Gikuhe Mbugua, was arrested in Ruiru Blue Estate after investigators traced a grey Toyota Ractis, registration number KBZ 002R, believed to have been used to dump Mokua’s body before speeding away. “Thanks to forensic intelligence, investigators established that a grey Toyota Ractis with the registration number KBZ 002R was the vehicle responsible for dropping Mokua’s body at the scene before speeding away,” the DCI said. The vehicle was later recovered at Murera Farm in Juja and has been detained as a key exhibit. Mokua was last seen alive on July 6 after leaving his residence at Princes Park in Lavington at about 4:20pm. Following unsuccessful efforts by his family to trace him, a missing person report was filed at Muthangari Police Station. You might also like Sakaja Calls for Peaceful Politics, Urges Crackdown on Goons Disrupting Political Meetings DCI busts fake fertiliser ring, arrests three Rhema Fest 2026: Nairobi’s 5-Day Worship Extravaganza Returns To Uhuru Park Five days later, his body was recovered near Woodcreek Academy by officers from Kiamumbi Police Station before being moved to the Nairobi City Mortuary, where relatives identified his remains. The nature of the case prompted homicide detectives to take over the investigation. Detectives established that on the night of his disappearance, Mokua spent several hours at Kettle Club in Lavington with two men and a woman",,"[""Dholuo"",""Ekegusii"",""Somali""]",https://capitalfm.africa/dci-arrests-prime-suspect-in-murder-of-tuk-lecturer-edgar-mokua/,2026-07-22T17:48:41+03:00,"{""origin"": ""scrape_export"", ""quarantine_reason"": ""low_psa_score:0.33"", ""original_psa_id"": ""qpsa_2026_004775"", ""recovered_from"": ""qpsa_2026_004762"", ""recovery"": ""psa_core_extract"", ""token_count"": 340, ""strict_psa_pass"": true}"
psa_2026_003943,Health,"Infodemic Trends Report- Special issue on the Ebola Bundibugyo virus disease 01–30 June 2026. WHO Africa / Publications / Infodemic Trends Report- Special issue on the Ebola Bundibugyo virus disease 01–30 June 2026 Infodemic Trends Report- Special issue on the Ebola Bundibugyo virus disease 01–30 June 2026 July 2026 | PDF Download PDF (3.1 MB) Topics Ebola Disease 📢 The latest Infodemic Insights report from the Africa Infodemic Response Alliance (AIRA) is now available! Over the past few weeks, you may have noticed fewer updates from us as our team has been fully engaged in providing operational support for infodemic management as part of the ongoing Ebola response. We are pleased to announce that the June 2026 Infodemic Insights Report is now available, covering community discussions and emerging trends throughout the month of June. 🗓 Reporting period: 1–30 June 2026 📌 Key highlights: 🦠 Bundibugyo Ebola Virus Disease (BVD), Democratic Republic of the Congo: Communities remained highly engaged throughout the outbreak, but continued to raise important questions about transmission, symptoms, care pathways, and supportive treatment. The report highlights that widespread awareness of the outbreak has not yet translated into the practical understanding needed to seek timely care and fully cooperate with response efforts. 🕊️ Safe and Dignified Burials (SDB): Funeral-related concerns remained among the most sensitive topics. Community discussions reflected grief, frustration, and mistrust, fueled by videos showing confrontations with burial teams, rumors about empty or opened coffins, and limited understanding of burial and decontamination procedures. These concerns continue to create operational challenges for response teams. 🤝 Trust, transparency, and misinformation: Political narratives, insecurity, and limited access to essential services continued to shape how communities interpreted Ebola-related information. Narratives suggesting that the outbreak was politically or financially motivated persisted, alongside misinformation about medicines and traditional remedies, increasing the risk of delayed care-seeking and self-medication. 📞 Listening to communities: Call centers continued to provide valuable real-time insights, revealing strong public demand for greater transparency regarding case numbers, validation processes, and official announcements. These findings reinforce the importance of two-way communication as",,"[""Dholuo"",""Ekegusii"",""Somali""]",https://www.afro.who.int/countries/democratic-republic-of-congo/publication/infodemic-trends-report-special-issue-ebola-bundibugyo-virus-disease-01-30-june-2026,,"{""origin"": ""scrape_export"", ""quarantine_reason"": ""low_psa_score:0.33"", ""original_psa_id"": ""qpsa_2026_004776"", ""recovered_from"": ""qpsa_2026_004763"", ""recovery"": ""psa_core_extract"", ""token_count"": 340, ""strict_psa_pass"": true}"
psa_2026_003944,Security,"Untitled. Nairobi — Outgoing European Union Ambassador to Kenya Henriette Geiger has delivered a blunt assessment of Kenya's fight against corruption, describing graft as the country's ""Achilles heel"" and warning that no economy can thrive while public resources continue to be siphoned through unchecked corruption. Speaking during a farewell engagement with journalists as she concluded her five-year diplomatic posting, Geiger challenged the government to intensify the fight against graft, saying successive administrations had promised reforms but delivered little meaningful progress. ""What is the big Achilles heel of Kenya is corruption,"" she said. ""All parties and all candidates promised paradise, promised heaven, and nothing happened. Everybody says corruption has reached unprecedented levels, and a government and a country cannot prosper like that."" Keep up with the latest headlines on WhatsApp | LinkedIn The veteran diplomat argued that Kenya requires a national ""reset"" in the fight against corruption, saying tackling graft cannot be left to a handful of institutions or individuals but demands collective responsibility from government and citizens alike. ""You cannot just pinpoint one person because then you only create a scapegoat while everybody else gets away,"" she said. ""The whole of Kenya has to say enough is enough. People have to realise they are also part of the problem and therefore part of the solution."" Geiger said the country's anti-corruption strategy should focus on making corruption significantly riskier than it currently is, arguing that the perceived rewards far outweigh the consequences for offenders. ""The first thing that needs to happen is to make it very risky to engage in corruption because many people think they can get away with it,"" she said. ""Reduce the benefits and make the risk very high."" Drastic punishment Drawing comparisons with European countries, she said public officials found engaging in corruption should immediately lose their positions before facing criminal prosecution. ""Whoever is caught red-handed faces drastic punishment. The first thing is immediate removal from office, loss of all titles and then court proceedings,"" she said. ""If scandals are simply replaced by the next scandal, we",,"[""Dholuo"",""Ekegusii"",""Somali""]",https://allafrica.com/stories/202607090033.html,,"{""origin"": ""scrape_export"", ""quarantine_reason"": ""low_psa_score:0.33"", ""original_psa_id"": ""qpsa_2026_004865"", ""recovered_from"": ""qpsa_2026_004851"", ""recovery"": ""psa_core_extract"", ""token_count"": 340, ""strict_psa_pass"": true}"
psa_2026_003945,Health,"Untitled. Nakuru — The government has announced plans to desilt Kenyatta Dam in Kuresoi, Nakuru County, as part of wider efforts to enhance irrigation and support alternative economic activities for communities living around the Mau Forest Complex. Irrigation Principal Secretary Ephantus Kimotho said the project is part of the government's broader strategy to restore and conserve the country's largest water tower while improving livelihoods for residents in surrounding areas. Speaking during the second edition of the Mau Conservation Marathon held at Baringo School in Gacharage, Kuresoi North Sub-County, Kimotho said the desilting project would expand irrigation opportunities and reduce overreliance on forest resources. ""This move will provide residents with sustainable livelihoods through agriculture away from the forest,"" he said. Keep up with the latest headlines on WhatsApp | LinkedIn Kimotho added that the initiative would also strengthen food security as the government intensifies restoration efforts within the Mau Forest Complex. The PS was accompanied by Kuresoi North MP Alfred Mutai, Environment Principal Secretary Dr. Festus Ngeno, Forestry Principal Secretary Gitonga Mugambi, and Kenya Forest Service Chief Conservator Alex Lemarkoko. The leaders emphasized the importance of the Mau Forest Complex as a critical water tower whose environmental and economic benefits extend beyond Kenya's borders. Dr. Ngeno, who also serves as patron of the Mau restoration programme, said the Mau Conservation Marathon would become an annual event aimed at promoting environmental conservation while identifying and nurturing athletic talent from the region. He noted that participants in the marathon came from counties including Nandi, Uasin Gishu, Laikipia, Bomet, Kericho, and Narok. ""The end goal of this marathon is to put the conservation effort on the global sporting map,"" he said. Ngeno added that Nakuru County was positioning itself as a new hub for athletics and conservation through initiatives such as the marathon. Forestry PS Gitonga Mugambi and Kenya Forest Service Chief Conservator Alex Lemarkoko said pressure from forest destruction had significantly eased in recent years. The two pledged continued support for programmes aimed at balancing environmental conservation with the economic needs of communities",,"[""Dholuo"",""Ekegusii"",""Somali""]",https://allafrica.com/stories/202607060169.html,,"{""origin"": ""scrape_export"", ""quarantine_reason"": ""low_psa_score:0.33"", ""original_psa_id"": ""qpsa_2026_004868"", ""recovered_from"": ""qpsa_2026_004854"", ""recovery"": ""psa_core_extract"", ""token_count"": 340, ""strict_psa_pass"": true}"
psa_2026_003946,Health,"Untitled. Nairobi — A new report has accused the International Monetary Fund (IMF) of continuing to prioritise debt repayment and fiscal austerity over investment in public services, despite its stated commitment to inclusive growth and social spending. The report, Still Cooking with a Failed Recipe, published by ActionAid, Education International and the Tax and Education Alliance, argues that the IMF's country-level policy advice continues to focus on fiscal consolidation even as it publicly promotes spending on health, education and social protection. The study reviewed 29 IMF policy documents covering 11 countries, including Kenya, between February 2022 and February 2025. Kenya features prominently in the report, with the researchers arguing that IMF-backed fiscal reforms have constrained the government's ability to expand spending on essential public services as debt servicing continues to consume a significant share of national revenue. Keep up with the latest headlines on WhatsApp | LinkedIn According to the report, Kenya's external debt stood at about $39.7 billion during the review period, with external debt repayments accounting for 28.7 percent of government revenue--more than three times the share allocated to health. The report classifies Kenya as being at high risk of debt distress, arguing that rising debt obligations continue to crowd out public investment. Researchers contend that while IMF policy documents recognise the need to protect vulnerable groups, the accompanying fiscal targets leave governments with limited room to increase spending on health, education and social protection. The report notes that Kenya's IMF programme includes commitments to fund cash transfers for vulnerable groups, free primary and secondary education, school feeding programmes, universal health coverage and maternal healthcare, but argues that these initiatives remain constrained by broader fiscal consolidation targets. It also criticises the IMF's tax policy advice, saying it continues to rely heavily on indirect taxes while giving limited emphasis to broader progressive tax reforms that could reduce inequality and raise domestic revenue. Beyond Kenya, the report says the IMF continues to recommend public sector wage restraint, targeted social protection programmes and fiscal tightening across countries with differing economic conditions,",,"[""Dholuo"",""Ekegusii"",""Somali""]",https://allafrica.com/stories/202607060119.html,,"{""origin"": ""scrape_export"", ""quarantine_reason"": ""low_psa_score:0.33"", ""original_psa_id"": ""qpsa_2026_004869"", ""recovered_from"": ""qpsa_2026_004855"", ""recovery"": ""psa_core_extract"", ""token_count"": 340, ""strict_psa_pass"": true}"
psa_2026_003947,Agriculture,"Untitled. Nairobi — The government is fast-tracking the passage and enactment of the new Cooperatives Bill that will modernize the sector and make it more beneficial to millions of members of cooperative societies spread across the country, Deputy President Kithure Kindiki has said. Prof. Kindiki stated that President Ruto is set to sign the Bill into law in under a month paving the way for the overhauling of the sector in a bid to make it more transparent, efficient and technologically savvy. ""Within a month, the Bill will be signed into law by the President so that we can modernize this sector, improve transparency and governance as well as make it digitally conversant,"" DP said. Speaking on Saturday when he graced the 104th Ushirika Day celebrations at Uhuru Park in Nairobi, Prof. Kindiki said the Kenya Kwanza Administration has placed cooperatives at the centre of its development agenda hence the acceleration of the sector reforms. Follow us on WhatsApp | LinkedIn for the latest headlines The creation of a standalone Ministry of Cooperatives and MSMEs, he reiterated, reflects the seriousness the administration treats the sector. ""The Cooperatives Bill currently before Parliament, alongside the ongoing SACCO reforms, will reinforce public confidence by promoting sound governance and protecting the savings of the more than eight million Kenyans who have entrusted SACCOs with deposits exceeding KSH 1 trillion,"" he added. While underscoring the role played by the cooperatives in the improvement of livelihoods mostly at the grassroots, the Deputy President said it is crucial to implement a modern legal and regulatory framework that enables the societies to grow, compete and deliver greater value to their members. ""Our goal is to build cooperative institutions that are transparent, financially sound, professionally managed and resilient enough to drive inclusive economic growth and support the successful implementation of the Bottom-Up Economic Transformation Agenda,"" he assured. Through various cooperative entities, Prof. Kindiki emphasized, farmers have improved production and secured better markets, workers have mobilized savings and accessed affordable credit, while families have educated their children, built homes and",,"[""Dholuo"",""Ekegusii"",""Somali""]",https://allafrica.com/stories/202607060194.html,,"{""origin"": ""scrape_export"", ""quarantine_reason"": ""low_psa_score:0.33"", ""original_psa_id"": ""qpsa_2026_004871"", ""recovered_from"": ""qpsa_2026_004857"", ""recovery"": ""psa_core_extract"", ""token_count"": 340, ""strict_psa_pass"": true}"
psa_2026_003948,Governance,"Untitled. Nairobi — A TikTok user accused of publishing a viral video that allegedly incited religious and ethnic hostility has been charged before the Garissa Law Courts and released on a bond of Sh500,000, with an alternative cash bail of Sh200,000. The Directorate of Criminal Investigations (DCI) said the suspect, Abdi Hassan Abdullahi, also known as ""Sharu,"" faces charges of ethnic and racial contempt as well as cyber harassment following investigations into a video posted on the social media platform more than two months ago. According to investigators, Abdullahi allegedly uploaded the video to his TikTok account under the username ""sharu"" on April 23, 2026. Detectives claim the video contained inflammatory remarks that incited members of the Muslim community in Garissa County against non-Muslims. Keep up with the latest headlines on WhatsApp | LinkedIn The suspect was arrested on May 16, 2026, after which detectives completed investigations and forwarded the case file to the Office of the Director of Public Prosecutions (ODPP). The ODPP approved two charges: ethnic and racial contempt contrary to Section 62(1) of the National Cohesion and Integration Act, 2008, and cyber harassment contrary to Section 27 of the Computer Misuse and Cybercrimes Act. ""Yesterday, July 2, 2026, Abdullahi was arraigned before the Garissa Law Courts, where he pleaded not guilty to both charges,"" DCI said. The court released him on a bond of Sh500,000 or an alternative cash bail of Sh200,000 pending the hearing of the case. Pre-trial proceedings have been scheduled for July 20, 2026. The DCI said the prosecution underscores the agency's commitment to tackling the misuse of social media platforms to spread messages that may incite hatred or threaten public order. While reiterating that freedom of expression is protected under Kenyan law, the investigative agency cautioned that the right does not extend to speech that unlawfully promotes hatred, discrimination or violence. The DCI urged social media users to exercise responsibility when publishing online content, warning that individuals who use digital platforms to commit criminal offences will be investigated and prosecuted in accordance with",,"[""Dholuo"",""Ekegusii"",""Somali""]",https://allafrica.com/stories/202607030207.html,,"{""origin"": ""scrape_export"", ""quarantine_reason"": ""low_psa_score:0.33"", ""original_psa_id"": ""qpsa_2026_004872"", ""recovered_from"": ""qpsa_2026_004858"", ""recovery"": ""psa_core_extract"", ""token_count"": 340, ""strict_psa_pass"": true}"
psa_2026_003949,Health,"Untitled. Nairobi — The High Court has declined to suspend the implementation of the Finance Act, 2026 and the Appropriation Act, 2026, allowing the government's tax measures and budget for the 2026/27 financial year to remain in force as it hears a constitutional challenge against the laws. In a ruling delivered in Lodwar, the court dismissed an application by advocates Shadrach Sharu Muyesu and Nimrod Matunda Odongo seeking conservatory orders to halt the implementation of the two Acts, citing the wider public interest and the potential disruption to government operations. The petition challenges the constitutionality of the process that led to the enactment of the Finance Bill, 2026 and the Appropriation Bill, 2026. The petitioners argue that although the National Assembly attained the constitutional quorum required to transact business, the absence of 187 of the 349 Members of Parliament during the Third Reading and final vote undermined representative democracy and Parliament's constitutional mandate. Follow us on WhatsApp | LinkedIn for the latest headlines They contend that the low attendance during the June 18 vote diluted public representation in the passage of laws that form the basis of the government's taxation and expenditure framework for the current financial year. The court acknowledged that the petition raises weighty constitutional issues relating to legislative accountability, representative democracy and parliamentary procedure, but found that the applicants had not met the legal threshold required for the grant of conservatory orders. The judge observed that the Finance Act and the Appropriation Act are central to government revenue collection and expenditure and that suspending their implementation before the petition is determined could significantly disrupt public finance management and the delivery of public services. The petitioners maintain that the absence of more than half of elected lawmakers during the final vote undermined Parliament's deliberative role and weakened the value of the public participation process conducted before the Bills were debated. The ruling means the Finance Act, 2026 and the Appropriation Act, 2026 will remain in force pending the hearing and determination of the constitutional petition. President William Ruto",,"[""Dholuo"",""Ekegusii"",""Somali""]",https://allafrica.com/stories/202607030060.html,,"{""origin"": ""scrape_export"", ""quarantine_reason"": ""low_psa_score:0.31"", ""original_psa_id"": ""qpsa_2026_004873"", ""recovered_from"": ""qpsa_2026_004859"", ""recovery"": ""psa_core_extract"", ""token_count"": 340, ""strict_psa_pass"": true}"
psa_2026_003950,Health,"Untitled. Nairobi — Deputy President Kithure Kindiki has defended the sale of some stake in government agencies to marshall resources to fund major infrastructure development projects and accelerate the socio-economic transformation of our Country. Speaking while receiving report on the progress of various infrastructure development in the country, Kindiki said the proceeds of those sales will be channeled towards the National Infrastructure Fund that is designed to be the key driver of improving our infrastructure. ""This is the first time we are saying yes we can of-take you know part of our stake in some of these uh investments but use it to solve very crucial public challenges water infrastructure irrigation which has eluded us and which are standing between us and moving to the first world."" ""Agriculture is a primary uh industry is a primary sector. Manufacturing is a primary sector. Without those two, you can take all the time improving your tourism and other services including ICT and financial services where we are doing very well. But without tackling agriculture, transforming agriculture and manufacturing, no country will move to the next categorization in terms of economic uh categorization,"" the DP explained. Follow us on WhatsApp | LinkedIn for the latest headlines The Deputy President added that even before fully operationalizing the National Infrastructure Fund they have began sourcing for its funds and the Fund's operationalization is on course. ""We are at the tail end now of operationalizing the NIF. The law is in place and we have seed money which is already with us for that Fund over Sh100 billion from the sale of the stake in Kenya Pipeline and another Sh245 billion from the sale of the stake in Safaricom and we are very happy with that progress. I think our confidence levels as a country now on responding to the needs of the country on infrastructure, water, we have higher confidence than before and that Fund has been a game changer because for every shilling we will leverage 10 shillings on every shilling that we have",,"[""Dholuo"",""Ekegusii"",""Somali""]",https://allafrica.com/stories/202607030436.html,,"{""origin"": ""scrape_export"", ""quarantine_reason"": ""low_psa_score:0.33"", ""original_psa_id"": ""qpsa_2026_004874"", ""recovered_from"": ""qpsa_2026_004860"", ""recovery"": ""psa_core_extract"", ""token_count"": 340, ""strict_psa_pass"": true}"
psa_2026_003951,Security,"Untitled. Nairobi — The government has stepped up efforts to strengthen the country's cybersecurity systems and establish responsible governance for artificial intelligence (AI), warning that rapidly evolving digital technologies are creating new threats capable of undermining national security, public trust and the country's growing digital economy. Speaking during the opening of the Sixth Annual Information Security Management Systems (ISMS) Conference in Naivasha, Principal Secretary for Internal Security and National Administration Raymond Omollo said Kenya's ambitious digital transformation agenda has significantly improved public service delivery but has also widened the country's exposure to cyberattacks. The three-day conference, jointly organized by the National Computer and Cybercrimes Coordination Committee (NC4) and the Kenya Bureau of Standards (KEBS), has brought together government agencies, regulators, cybersecurity professionals, academia, development partners and private sector stakeholders to deliberate on emerging cyber risks and strategies for strengthening national resilience. PS Omollo said digital platforms have become central to economic growth, government transparency and service delivery under the Bottom-Up Economic Transformation Agenda (BETA), making cybersecurity an increasingly important component of national security. Follow us on WhatsApp | LinkedIn for the latest headlines He cited the rapid growth of the eCitizen platform, which now hosts more than 24,000 government services, serves over 15 million users and processes approximately 500,000 transactions daily. ""National security is no longer confined to traditional security infrastructure. Today, it includes protecting cloud systems, digital payment platforms, telecommunications networks and critical information infrastructure that citizens depend on every day,"" said Dr. Omollo. The Principal Secretary said the government has already taken several steps to strengthen the country's cyber defences, including implementing the Computer Misuse and Cybercrimes Act, operationalizing the National Computer and Cybercrimes Coordination Committee and enforcing the Critical Information Infrastructure Protection and Cybersecurity Management Regulations, 2024. He noted that the regulations require organizations managing critical information infrastructure to identify and secure digital assets while continuously monitoring potential cyber threats to safeguard essential services. The PS also welcomed Parliament's recent approval of the establishment of the National Cybersecurity Agency, describing it as a major milestone that will",,"[""Dholuo"",""Ekegusii"",""Somali""]",https://allafrica.com/stories/202607010471.html,,"{""origin"": ""scrape_export"", ""quarantine_reason"": ""low_psa_score:0.33"", ""original_psa_id"": ""qpsa_2026_004876"", ""recovered_from"": ""qpsa_2026_004862"", ""recovery"": ""psa_core_extract"", ""token_count"": 340, ""strict_psa_pass"": true}"
psa_2026_003952,Agriculture,"Untitled. Nakuru — As Kenya grapples with the effects of climate change, rising food insecurity and growing youth unemployment, cassava is increasingly being recognised as one of the country's most promising but under-utilised economic crops. Traditionally viewed as a subsistence crop, cassava is now emerging as a strategic solution for strengthening food security, improving nutrition, creating jobs and supplying raw materials for various industries. Despite its growing importance, Kenya currently produces about 1.2 million metric tonnes of cassava annually against an estimated national demand of nearly three million metric tonnes, forcing the country to rely on imports from neighbouring Uganda and Tanzania. According to Prof. Richard Mulwa, the Cassava Value Chain Lead under the TAGDev 2.0 Program at Egerton University, bridging the production gap presents significant opportunities for farmers, agribusinesses and investors while reducing Kenya's dependence on imports. Keep up with the latest headlines on WhatsApp | LinkedIn Mulwa says the TAGDev 2.0 Program is working to transform cassava into a commercially viable and climate-smart value chain through research, farmer training and enterprise development. The initiative equips farmers with improved drought-tolerant cassava varieties, climate-smart agriculture techniques, Good Agricultural Practices (GAP), post-harvest handling skills and value-addition technologies. ""By linking research, farmer training and enterprise development, the program is helping communities adapt to climate change while at the same time creating sustainable livelihood opportunities,"" says Mulwa. For Thomas Maina, a smallholder farmer in Njoro, Nakuru County, the initiative has transformed both his farming practices and household income. After years of struggling with declining maize yields and food shortages, Maina joined the program and adopted improved cassava farming methods that significantly boosted production. ""There was a major change after the training because we learned better farming methods and received improved cassava varieties that increased production,"" he says. Today, cassava provides year-round food for his family while surplus harvests generate income for school fees, healthcare and other household needs. His daughter now supplies fresh cassava to markets in Samburu County, while his son has ventured into cassava flour processing, producing cakes and other value-added",,"[""Dholuo"",""Ekegusii"",""Somali""]",https://allafrica.com/stories/202607010093.html,,"{""origin"": ""scrape_export"", ""quarantine_reason"": ""low_psa_score:0.33"", ""original_psa_id"": ""qpsa_2026_004877"", ""recovered_from"": ""qpsa_2026_004863"", ""recovery"": ""psa_core_extract"", ""token_count"": 340, ""strict_psa_pass"": true}"
psa_2026_003953,Health,"Untitled. Nairobi — Global agricultural leaders, policymakers, scientists, agripreneurs, and farmers have converged in Nairobi for DialogueNEXT in Africa, a high-level summit aimed at accelerating agricultural innovation and strengthening food systems as the continent faces mounting climate pressures and rapid population growth. Hosted by the World Food Prize Foundation, the conference brings together stakeholders from across Africa and around the world to explore how technology, policy reforms and investment can transform agriculture and position the continent to feed a population projected to account for more than one in every four people globally by 2050. Cabinet Secretary for Agriculture and Livestock Development, Mutahi Kagwe, and Madagascar's Minister of Livestock, Dr. Riana Nantenaina Randrianomenjanahary, are among senior government officials leading discussions at the event. Held under the theme ""Born to Feed the Future,"" the conference highlights Africa's growing role as a driver of agricultural innovation, with a focus on home-grown solutions developed by farmers, scientists, entrepreneurs and regional institutions. Keep up with the latest headlines on WhatsApp | LinkedIn Delegates are examining key issues including regulatory reforms, farmer-centred innovations, boosting smallholder productivity, nutrition, resilient food systems and strengthening agricultural value chains. A high-level ministerial panel is expected to deliberate on regulatory barriers limiting agricultural investment and innovation, while dedicated sessions will showcase African agripreneurs pioneering new technologies and business models across the continent. The Nairobi gathering marks the third stop in the World Food Prize Foundation's DialogueNEXT series after Mexico in 2024 and India in 2025, tracing the legacy of Nobel Peace Prize laureate and Green Revolution pioneer Dr. Norman E. Borlaug, who described Africa as ""the last frontier"" in the global fight against hunger. World Food Prize Foundation President Mashal Husain said hosting the event in Africa carries special significance, coming four decades after Dr. Borlaug's first major visit to the continent in 1984. ""It is an honor to hold this conference in Africa, four decades after Dr. Borlaug made his first major visit to the continent,"" Husain said. ""Borlaug came with a simple but powerful conviction: that science in the",,"[""Dholuo"",""Ekegusii"",""Somali""]",https://allafrica.com/stories/202607010021.html,,"{""origin"": ""scrape_export"", ""quarantine_reason"": ""low_psa_score:0.33"", ""original_psa_id"": ""qpsa_2026_004878"", ""recovered_from"": ""qpsa_2026_004864"", ""recovery"": ""psa_core_extract"", ""token_count"": 340, ""strict_psa_pass"": true}"
psa_2026_003954,Health,"Untitled. Nairobi — A Nairobi court has released content creator Ezekiel Kyama Nzyoki, popularly known online for his ""Mr Speaker Sir"" catchphrase, on a personal bond of Sh100,000 after he was charged over last year's anti-government protests that culminated in the invasion of Parliament Buildings. Nzyoki faces charges linked to the June 25, 2024 demonstrations, during which protesters breached Parliament grounds amid nationwide unrest over government policies. According to the charge sheet, the accused allegedly entered the precincts of Parliament without lawful authority, an offence under the Parliamentary Powers and Privileges Act. He is also accused of malicious damage to property contrary to Section 339(1) of the Penal Code. Keep up with the latest headlines on WhatsApp | LinkedIn The prosecution alleges that Nzyoki, together with other individuals who have not yet been arrested, destroyed property belonging to the Parliamentary Service Commission during the chaos at Parliament. Among the items reportedly damaged are sections of the perimeter fence, the mausoleum flag post, furniture, ICT equipment, television screens, electrical installations, kitchenware and vehicles. Prosecutors estimate the value of the damaged property at KSh41.2 million. Nzyoki was arrested last week within the court premises shortly after he had been released on bail in a separate case before Magistrate Nyangena. He was represented in court by Embakasi East MP and lawyer Babu Owino, who urged the court to grant reasonable bond terms. Owino argued that the prosecution had not opposed the accused's release on bail and warned that excessive bond conditions would undermine Nzyoki's constitutional right to liberty. The legislator further submitted that the charges before the court were not capital offences and that the court should not rely on allegations that had not yet been substantiated through evidence. He also told the court that criminal proceedings were still at a preliminary stage and that the presumption of innocence remained protected under the Constitution. While delivering the ruling, the trial magistrate noted that the prosecution had not presented any valuation report or supporting documentation to justify the claimed loss of Sh41 million cited",,"[""Dholuo"",""Ekegusii"",""Somali""]",https://allafrica.com/stories/202606300109.html,,"{""origin"": ""scrape_export"", ""quarantine_reason"": ""low_psa_score:0.33"", ""original_psa_id"": ""qpsa_2026_004879"", ""recovered_from"": ""qpsa_2026_004865"", ""recovery"": ""psa_core_extract"", ""token_count"": 340, ""strict_psa_pass"": true}"
psa_2026_003955,Health,"Untitled. Nairobi — Jubilee Party Deputy Leader Fred Matiang'i has criticized the Government's planned mandatory vehicle inspection programme, describing the proposed annual Sh2,000 fee for vehicles older than four years as insensitive and unfair to struggling Kenyans. In a statement issued Sunday, Matiang'i said the directive by the National Transport and Safety Authority (NTSA), set to take effect on July 1, would place an additional financial burden on motorists already grappling with a high cost of living. Under the new policy, all private vehicles older than four years will be required to undergo annual inspections at a cost of Sh2,000, while motorcycles will also be subjected to mandatory inspection charges. Matiang'i acknowledged that road safety remains important but argued that the policy lacks adequate public justification and fails to consider the prevailing economic hardships facing many households and businesses. Follow us on WhatsApp | LinkedIn for the latest headlines ""Road safety is a legitimate national objective. However, public policy must be evidence-based, proportionate, transparent and sensitive to the economic realities facing citizens,"" he said. The former Interior Cabinet Secretary noted that Kenyans are already struggling with rising fuel prices, taxes, insurance costs, expensive spare parts, parking fees and licensing charges. He questioned the basis upon which the Government arrived at the decision, demanding that authorities publicly disclose data supporting the policy. Matiang'i further challenged NTSA to explain how many vehicles would be affected, how much revenue the Government expects to collect annually and whether sufficient inspection capacity exists to serve millions of motorists efficiently. He also raised concerns that the programme could create opportunities for corruption and harassment of motorists. According to the Jubilee Party, vehicle condition is only one aspect of road safety and should not overshadow larger concerns such as reckless driving, speeding, drunk driving, poor road design and weak enforcement of traffic laws. ""Road safety cannot be reduced to the collection of inspection fees,"" Matiang'i stated. The opposition party is now calling for the immediate suspension of the directive pending public participation and parliamentary scrutiny. Matiang'i insisted",,"[""Dholuo"",""Ekegusii"",""Somali""]",https://allafrica.com/stories/202606290091.html,,"{""origin"": ""scrape_export"", ""quarantine_reason"": ""low_psa_score:0.31"", ""original_psa_id"": ""qpsa_2026_004882"", ""recovered_from"": ""qpsa_2026_004868"", ""recovery"": ""psa_core_extract"", ""token_count"": 340, ""strict_psa_pass"": true}"
psa_2026_003956,Health,"Untitled. Nairobi — Amnesty International has condemned the detention and deportation of Kenyan human rights lawyer Martha Karua by Ugandan authorities, describing the incident as ""unlawful and outrageous."" Karua, who is part of the legal team representing detained Ugandan opposition leader Kizza Besigye, was reportedly arrested on June 22 at Entebbe International Airport before being held incommunicado and later deported back to Kenya. In a statement, Amnesty International's Regional Director for East and Southern Africa Tigere Chagutah said the actions by Ugandan authorities violated regional legal protections and undermined judicial transparency. ""Martha Karua's detention and subsequent deportation are unlawful and outrageous,"" Chagutah said. Follow us on WhatsApp | LinkedIn for the latest headlines The rights organisation said Karua had travelled to Uganda to observe court proceedings involving prominent Ugandan lawyer Erias Lukwago, who is representing Besigye in an ongoing treason trial. According to Amnesty International, Karua was not informed of the reasons for her arrest and had her mobile phones confiscated during the detention. The organisation further argued that the incident reflected a broader pattern of intimidation targeting lawyers associated with Besigye's defence team. ""This arrest points to a continuation of a long and disturbing pattern of arbitrary arrests, torture and ill-treatment of Kizza Besigye's legal team,"" Chagutah added. Amnesty International also renewed calls for the immediate release of both Besigye and Lukwago. Lukwago was reportedly arrested, detained and allegedly tortured on June 15 before later being charged with treason-related offences. Besigye, a longtime opposition politician and critic of Ugandan President Yoweri Museveni, has remained in detention for more than 500 days after allegedly being abducted in Kenya in November 2024 and later appearing before a military court in Kampala. The rights group also referenced the January 2025 arrest of lawyer Eron Kiiza, who was assaulted and detained inside court premises before being convicted of contempt of court and sentenced to nine months imprisonment. Amnesty International says the repeated targeting of opposition lawyers raises growing concerns over fair trial rights, judicial independence and human rights protections in Uganda. Read the",,"[""Dholuo"",""Ekegusii"",""Somali""]",https://allafrica.com/stories/202606260114.html,,"{""origin"": ""scrape_export"", ""quarantine_reason"": ""low_psa_score:0.33"", ""original_psa_id"": ""qpsa_2026_004884"", ""recovered_from"": ""qpsa_2026_004870"", ""recovery"": ""psa_core_extract"", ""token_count"": 340, ""strict_psa_pass"": true}"
psa_2026_003957,Education,"Untitled. Nairobi — The Universities Fund has released Sh4.2 billion in scholarships to public universities to support more than 400,000 continuing undergraduate students under the Student-Centred Funding Model (SCFM). The latest disbursement raises the total allocation from the National Treasury for the 2025/2026 financial year to Sh18.4 billion, with the funds set to cover tuition fees for students who enrolled in universities in 2023, 2024, and 2025. Universities Fund Acting Chief Executive Officer Edwin Wanyonyi said the funding demonstrates the government's continued commitment to expanding access to higher education and supporting students from vulnerable backgrounds. ""This investment affirms the role of universities in driving national development, expanding access to quality education, and empowering the next generation of professionals and innovators,"" said Dr. Wanyonyi. Follow us on WhatsApp | LinkedIn for the latest headlines The release comes days before the opening of the Higher Education Financing (HEF) Portal, where students joining universities through the 2025 KCSE cohort will apply for scholarships and Higher Education Loans Board (HELB) loans. Dr. Wanyonyi urged students placed in universities by the Kenya Universities and Colleges Central Placement Service (KUCCPS) to apply early once the portal opens. ""I urge all KUCCPS-placed students to monitor the opening of the HEF portal and submit applications promptly. Students should apply for both scholarships and loans to reduce the burden of household contribution,"" he said. Since the introduction of the Student-Centred Funding Model in 2023, more than 400,000 students have benefited from scholarships under the programme, with the first cohort expected to graduate next year. Under the funding framework, scholarships are allocated based on students' financial needs, with funds disbursed directly to public universities on behalf of learners to cover tuition costs. The government says the funding boost comes amid a sharp rise in the number of students qualifying for direct university entry. The figure has increased from 69,155 students in 2017 to 270,715 in 2025, representing a 292 percent rise. To address the growing demand for university education, the government has increased scholarship funding to Sh30.8 billion for the",,"[""Dholuo"",""Ekegusii"",""Somali""]",https://allafrica.com/stories/202606260139.html,,"{""origin"": ""scrape_export"", ""quarantine_reason"": ""low_psa_score:0.33"", ""original_psa_id"": ""qpsa_2026_004885"", ""recovered_from"": ""qpsa_2026_004871"", ""recovery"": ""psa_core_extract"", ""token_count"": 340, ""strict_psa_pass"": true}"
psa_2026_003958,Governance,"Untitled. Nairobi — Democracy for the Citizens Party (DCP) leader Rigathi Gachagua has lauded Members of the National Assembly who voted against the Finance Bill 2026, describing them as defenders of the public interest. In a statement following Thursday's vote, Gachagua singled out 40 legislators who rejected the Bill, saying they had stood with millions of Kenyans against what he termed an oppressive measure. ""You are the true heroes of our nation who chose the people of Kenya,"" he said, adding that their actions reflected genuine representation of voters' interests. Keep up with the latest headlines on WhatsApp | LinkedIn Gachagua expressed confidence that the lawmakers' constituents would reward them in the next general election, while criticising those who supported the Bill or failed to participate in the vote. The former Deputy President also invoked religious symbolism, noting the number 40 holds significance in both the Bible and the Qur'an, framing the vote as a defining moment. 122 Members of the National Assembly approved the Finance Bill 2026 with amendments, clearing the way for its submission to President William Ruto for assent before it becomes law. The Finance Bill 2026 is projected to raise an additional Sh98.9 billion in revenue, more than three times the roughly Sh30 billion generated through the Finance Act 2025 and the Tax Laws (Amendment) measures adopted following the withdrawal of the Finance Bill 2024. While seeking to cushion taxpayers, legislators endorsed several measures aimed at boosting revenue collection. These include the introduction of a 1.5 per cent withholding tax on scrap metal sales to improve traceability in the largely informal sector, as well as new compliance requirements for non-resident landlords earning rental income in Kenya. Lawmakers also backed a one-year tax amnesty programme set to commence on July 1, 2026. Under the proposal, penalties and interest accrued up to December 31, 2025, will be waived provided taxpayers settle the principal tax liability by June 2027. The recommendation is informed by the success of the 2023 tax amnesty programme, which raised Sh43.9 billion from more than",,"[""Dholuo"",""Ekegusii"",""Somali""]",https://allafrica.com/stories/202606260065.html,,"{""origin"": ""scrape_export"", ""quarantine_reason"": ""low_psa_score:0.33"", ""original_psa_id"": ""qpsa_2026_004886"", ""recovered_from"": ""qpsa_2026_004872"", ""recovery"": ""psa_core_extract"", ""token_count"": 340, ""strict_psa_pass"": true}"
psa_2026_003959,Governance,"Video Emerges of Okoth Obado and His Co-Accused Being Ferried to Industrial Area ahead of Sentencing. Kenya Kenya Video Emerges of Okoth Obado and His Co-Accused Being Ferried to Industrial Area ahead of Sentencing Published 24 Jul 2026 by Kai Eli 3 min read Former Migori governor Okoth Obado and his two co-accused were moved from Milimani Law Courts cells to Industrial Area Remand Prison on Thursday The three men were convicted of murdering Sharon Otieno, a university student found dead near Kodera Forest in Homa Bay County in September 2018 The trio now awaits formal sentencing scheduled for August 18 after one of Kenya's most closely followed murder trials CHECK OUT: How to Start Earning with Copywriting in Just 7 Days – Even if You’re a Complete Beginner Former Migori County Governor Okoth Obado, alongside co-accused Michael Juma Oyamo and Caspar Ojwang Obiero, was on Thursday transferred from the Milimani Law Courts holding cells to Industrial Area Remand Prison, where they will be held ahead of their sentencing on 18 August. Former Migori governor Okoth Obado and his two co-accused following proceedings in court Thursday, July 23. Photo: ODPP. Source: Twitter The transfer marked a striking shift for Obado, who for years moved through Migori County in official convoys befitting a sitting governor. On Thursday, there were no outriders, no entourage, and no trappings of political office, only the company of fellow inmates, men far removed from the privileged circles he once occupied. Kenyan newspapers review: Gachagua hints John Methu could run for president if impeachment stands Obado's new status After Justice Cecilia Githuas verdict, Obado and his co-accused were captured leaving the court premises en route to Industrial Area. PAY ATTENTION: TUKO is in WhatsApp Channels now! Subscribe and read news in favourite messenger. The former governor went past a truck carrying other inmates, making his way to a waiting police van beside the truck. He appeared outwardly composed, though the weight of the moment was difficult to miss for anyone who has followed his trajectory. The three",,"[""Dholuo"",""Ekegusii"",""Somali""]",https://www.tuko.co.ke/kenya/634044-video-emerges-okoth-obado-accused-ferried-industrial-area-sentencing/,2026-07-24T07:28:14+03:00,"{""origin"": ""scrape_export"", ""quarantine_reason"": ""low_psa_score:0.33"", ""original_psa_id"": ""qpsa_2026_004887"", ""recovered_from"": ""qpsa_2026_004873"", ""recovery"": ""psa_core_extract"", ""token_count"": 340, ""strict_psa_pass"": true}"
psa_2026_003960,Education,"Ahmednassir Abdullahi Tells Kithure Kindiki to Resign Before October 2026: ""Or It Will Be Too Late"". Politics Politics Ahmednassir Abdullahi Tells Kithure Kindiki to Resign Before October 2026: ""Or It Will Be Too Late"" Published 26 Jul 2026 at 3:27 PM by Amos Khaemba 2 min read Senior counsel Ahmednassir Abdullahi publicly stated that Deputy President Kithure Kindiki should resign as William Ruto's running mate Ahmednassir suggested Kindiki's continued presence on the 2027 ticket posed a serious risk to Ruto's re-election chances The lawyer's remarks followed the UDA candidate's humiliating defeat in the recent Ol Kalou by-election Search option is now available at TUKO! Feel free to search the content on topics/people you enjoy reading about in the top right corner ;) Amos Khaemba, a journalist at TUKO.co.ke, brings over four years of experience covering politics and current affairs in Kenya. Nairobi - Senior counsel Ahmednassir Abdullahi has called on Deputy President Kithure Kindiki to step down as President William Ruto's running mate ahead of the 2027 General Election, warning that the window for action is closing fast. Ahmednassir Abdullahi told Kithure Kindiki to resign before October 2026. Photo: Ahmednassir Abdullahi/Kithure Kindiki. Source: Twitter Writing on X, Ahmednassir stated that he did not expect Ruto to drop Kindiki from the ticket, but suggested the professor ought to show political maturity by stepping aside of his own accord. ""I don't think President William Ruto will drop Prof. Kithure Kindiki as his running mate for the 2027 Presidential election. I think, Prof Kindiki will be very understanding and resign. Either way, it must be before October 2026...or....it will be TOO LATE,"" Ahmednassir wrote. Jalang'o laughs at Edwin Sifuna's campaign paybill: ""Pesa inaweza shinda William?"" PAY ATTENTION: TUKO is in WhatsApp Channels now! Subscribe and read news in favourite messenger. Ahmednassir's Concerns About Kindiki The prominent lawyer had earlier hinted that keeping Kindiki on the ticket could prove costly for Ruto's re-election bid, suggesting the Deputy President had become a political liability. Ahmednassir's remarks intensified following the Ol Kalou by-election, in which the",,"[""Dholuo"",""Ekegusii"",""Somali""]",https://www.tuko.co.ke/politics/634238-ahmednassir-abdullahi-tells-kithure-kindiki-resign-october-2026-late/,2026-07-26T15:27:41+03:00,"{""origin"": ""scrape_export"", ""quarantine_reason"": ""low_psa_score:0.31"", ""original_psa_id"": ""qpsa_2026_004888"", ""recovered_from"": ""qpsa_2026_004874"", ""recovery"": ""psa_core_extract"", ""token_count"": 340, ""strict_psa_pass"": true}"
psa_2026_003961,Health,"Utumishi Girls Student Who Slept in Affected Dormitory Narrates how She Escaped Razing Inferno. Education Education Utumishi Girls Student Who Slept in Affected Dormitory Narrates how She Escaped Razing Inferno Published 29 May 2026 by Amondi Aroko 3 min read The Utumishi Girls' dormitory fire survivor painfully recalled waking up to screams and thick smoke moments before the inferno trapped students inside the burning building The student said the escape route was already engulfed in flames, forcing terrified girls to jump from the first floor to save their lives Her emotional narration comes as Kenya continues mourning the 16 students who died in the tragic fire that also left dozens injured Search option is now available at TUKO! Feel free to search the content on topics/people you enjoy reading about in the top right corner ;) Form Three student of Utumishi Girls, Hilda Njeri, has recounted the events that happened the day an inferno broke out at their school that left 16 students dead and 79 injured. Hilda Njeri recounted events that happened the day an inferno happened at their dorm in Utumishi Girls. Photo: Citizen Digital, Simon Maina/Getty Images. Source: UGC The government confirmed that on the night the inferno happened, 809 students were in school and only 16 perished in the fire. The government pathologist also shared that it will be hard to identify the girls because their bodies were also burnt beyond recognition. How did Utumishi Girls student escape death? Utumishi Girls Fire: Boda boda riders recount how they helped save students from burning dormitory In a video shared on Citizen Digital, Njeri shared that she was sleeping in the affected dorm and recalled struggling to get out. Search option is now available at TUKO! Feel free to search the content on topics/people you enjoy reading about in the top right corner ;) ""I was one of the students who was sleeping in that dorm, in cube 10. According to what I know, I woke up when I heard screams. But you know, people in my cube",,"[""Dholuo"",""Ekegusii"",""Somali""]",https://www.tuko.co.ke/education/627942-utumishi-girls-student-slept-affected-dormitory-narrates-how-escaped-razing-inferno/,2026-05-29T17:30:29+03:00,"{""origin"": ""scrape_export"", ""quarantine_reason"": ""low_psa_score:0.33"", ""original_psa_id"": ""qpsa_2026_004889"", ""recovered_from"": ""qpsa_2026_004875"", ""recovery"": ""psa_core_extract"", ""token_count"": 340, ""strict_psa_pass"": true}"
psa_2026_003962,Health,"Maranda High School: Students Sent Home After Sneaking Out to Buy Petrol, Torch Dormitory. Education Education Maranda High School: Students Sent Home After Sneaking Out to Buy Petrol, Torch Dormitory Published 25 May 2026 by Harry Ivan Mboto 3 min read Maranda High School has indefinitely sent home Form Three students following a dormitory fire amid fears of possible clashes Detectives recovered CCTV footage allegedly showing some of the students purchasing petrol believed to have been used in the arson attack Investigators claim the plan was organised during a school sports event before fuel was allegedly smuggled into the compound CHECK OUT: How to Start Earning with Copywriting in Just 7 Days – Even if You’re a Complete Beginner TUKO.co.ke journalist Harry Ivan Mboto has five years of experience reporting on politics and current affairs in Kenya Bondo, Siaya county: Fear and tension gripped Maranda High School after a dormitory fire sparked fresh unrest and a police investigation into alleged student involvement. Maranda High School sent Form Three students home after a dormitory fire. Photos: Maranda High School. Source: UGC Form Three students at the school were sent home indefinitely after an arson attack targeted a dormitory on Sunday evening, escalating tensions between them and Form Four candidates. The school administration announced the partial closure on Monday morning, saying the move was necessary to prevent possible confrontations between the two groups. DRC: Residents attack hospital to retrieve body, patients escape calling Ebola ‘white man’s disease’ PAY ATTENTION: TUKO is in WhatsApp Channels now! Subscribe and read news in favourite messenger. School officials alleged that the fire targeted the three-storey Owino “B” dormitory, which is mainly occupied by Form Four candidates. The administration accused some Form Three students of orchestrating the attack, leading to heightened tensions within the institution. Maranda students arrested after allegedly torching dormitory Twelve Form Three students were detained at Bondo Police Station overnight after they were allegedly arrested while attempting to flee following the incident. The suspects were later handed over to the school administration as investigations",,"[""Dholuo"",""Ekegusii"",""Somali""]",https://www.tuko.co.ke/education/627404-maranda-high-school-students-home-sneaking-buy-petrol-torch-dormitory/,2026-05-25T19:58:44+03:00,"{""origin"": ""scrape_export"", ""quarantine_reason"": ""low_psa_score:0.33"", ""original_psa_id"": ""qpsa_2026_004890"", ""recovered_from"": ""qpsa_2026_004876"", ""recovery"": ""psa_core_extract"", ""token_count"": 340, ""strict_psa_pass"": true}"
psa_2026_003963,Education,"Govt to Increase School Capitation from KSh 1400 to KSh 2340 Per Learner. Education Education Govt to Increase School Capitation from KSh 1400 to KSh 2340 Per Learner Published 5 May 2026 by Kai Eli 3 min read Basic Education PS Julius Bitok announced that capitation for public primary school learners will rise from KSh 1,400 to KSh 2,340 per child starting next financial year, following President William Ruto’s directive He assured stakeholders that disbursements will now reach schools at least three days before opening, ending the long-standing delays that disrupted learning The move comes after public uproar over meagre allocations last month, with critics accusing the government of neglecting education amid a funding crisis Search option is now available at TUKO! Feel free to search the content on topics/people you enjoy reading about in the top right corner ;) Basic Education Principal Secretary Julius Bitok has hinted at plans to increase the capitation allocated to learners in public primary schools . Basic Education PS Julius Bitok in a past function. Photo: Julius Bitok. Source: Twitter Bitok, who spoke during a stakeholder's gathering on education aimed at discussing the state of education in Nakuru County on Tuesday, May 5, said allocation per child will rise to KSh 2,340 per learner, up from KSh 1,400. Did Ruto direct increase in learners' capitation? He said the directive was sanctioned by President William Ruto , and is set to be actualised in the oncoming fiscal year. Govt discloses when affordable housing interns will receive salary after payroll mix-up PAY ATTENTION: TUKO is in WhatsApp Channels now! Subscribe and read news in favourite messenger. ""The president directed that we increase capitation from KSh 1,420 to KSh 2,340, starting next financial year. So for me, from where I sit, I'm going to implement that directive to the later,"" he said. The PS added that delays in disbursement will soon be a thing of the past, as the ministry works to streamline the process. ""For a long time, capitation was going in the middle of the",,"[""Dholuo"",""Ekegusii"",""Somali""]",https://www.tuko.co.ke/education/625296-govt-increase-school-capitation-ksh-1400-ksh-2340-learner/,2026-05-05T19:49:00+03:00,"{""origin"": ""scrape_export"", ""quarantine_reason"": ""low_psa_score:0.33"", ""original_psa_id"": ""qpsa_2026_004894"", ""recovered_from"": ""qpsa_2026_004880"", ""recovery"": ""psa_core_extract"", ""token_count"": 340, ""strict_psa_pass"": true}"
psa_2026_003964,Governance,"KUCCPS Explains ‘Payment Not Reflecting’ Error on eCitizen. Education Education KUCCPS Explains ‘Payment Not Reflecting’ Error on eCitizen Published 18 Apr 2026 by Didacus Malowa 3 min read Kenya Universities and Colleges Central Placement Service issued guidance after applicants reported payment glitches on the portal They linked the “payment not reflecting” error to the incorrect use of M-Pesa reference details during submission on the eCitizen platform KUCCPS advised users to input the correct eCitizen reference code from the payment SMS to resolve application delays They also urged affected applicants to seek help through official channels if complaints over portal issues persisted Didacus Malowa, a journalist at TUKO.co.ke, brings over three years of experience covering politics and current affairs in Kenya. Kenyans struggling with payment glitches on the Kenya Universities and Colleges Central Placement Service portal have received fresh guidance. Applicants have voiced frustration over the error, forcing KUCCPS to explain how to resolve the issue. Photo: KUCCPS. Source: UGC This has followed multiple complaints by prospective students about the ""payment not reflecting"" error that surfaced online. How are KUCCPS applicants experiencing payment glitches? The placement body moved to clarify the issue after a user reported being unable to complete an application despite making the required payment. Safaricom announces jobs for degree holders, explains application process Search option is now available at TUKO! Feel free to search the content on topics/people you enjoy reading about in the top right corner ;) In a post on X, the possible applicant said the system repeatedly prompted them to wait for payment to reflect, raising concern among others facing similar delays on the eCitizen platform. ""Hey I made payment but when am submitting the application it keeps telling me wait for payment to reflect,"" the user asked on X In a quick response on the social media platform, KUCCPS pointed to what seems to be a common mistake made during submission. What solution did KUCCPS provide to applicants? The agency advised applicants to use the correct reference when confirming payments made via the mobile",,"[""Dholuo"",""Ekegusii"",""Somali""]",https://www.tuko.co.ke/education/623676-kuccps-explains-payment-reflecting-error-ecitizen/,2026-04-18T15:15:58+03:00,"{""origin"": ""scrape_export"", ""quarantine_reason"": ""low_psa_score:0.34"", ""original_psa_id"": ""qpsa_2026_004895"", ""recovered_from"": ""qpsa_2026_004881"", ""recovery"": ""psa_core_extract"", ""token_count"": 340, ""strict_psa_pass"": true}"
