PSA_ID,Domain,English,Kiswahili,Target_Languages,Source,Org,Date,Metadata
PSA_00001,Health,Amref Health Africa – Creating Lasting Health Change in Africa Lasting Health Change In Africa Ebola Outbreak in Africa: Strengthening Africa’s Health Security Health threats do not respect borders.,,{'Kikuyu': None},https://amref.org/,Amref,2026-07-26,"{'target_language': 'Kikuyu', 'scrape_method': 'requests/bs4'}"
PSA_00002,Health,"Amref Health Africa shares this conviction: strong community health systems bring services closer to households, while deliberate demand creation ensures communities actively seek, trust, and sustain them.",,{'Kikuyu': None},https://amref.org/position-statements/,Amref,2026-07-26,"{'target_language': 'Kikuyu', 'scrape_method': 'requests/bs4'}"
PSA_00003,Health,We do not address procedures in adolescence or adulthood.,,{'Kikuyu': None},https://amref.org/position-statements/,Amref,2026-07-26,"{'target_language': 'Kikuyu', 'scrape_method': 'requests/bs4'}"
PSA_00004,Health,Click on the link to view and download a report.,,{'Kikuyu': None},https://amref.org/annual-reports/,Amref,2026-07-26,"{'target_language': 'Kikuyu', 'scrape_method': 'requests/bs4'}"
PSA_00005,Governance,"Too much at present is concentrated in Nairobi, although as the Foundation’s headquarters, Nairobi should remain in overall control of policy.",,{'Kikuyu': None},https://amref.org/our-history/founders/,Amref,2026-07-26,"{'target_language': 'Kikuyu', 'scrape_method': 'requests/bs4'}"
PSA_00006,Health,"But I should have encouraged greater delegation.” On May 16, 1987 Sir Michael Wood, CBE, MBBS, FRCS, Founder and Director General, died.",,{'Kikuyu': None},https://amref.org/our-history/founders/,Amref,2026-07-26,"{'target_language': 'Kikuyu', 'scrape_method': 'requests/bs4'}"
PSA_00007,Health,Amref Health Africa – Creating Lasting Health Change in Africa Lasting Health Change In Africa Ebola Outbreak in Africa: Strengthening Africa’s Health Security Health threats do not respect borders.,,{'Kikuyu': None},https://amref.org,Amref,2026-07-26,"{'target_language': 'Kikuyu', 'scrape_method': 'requests/bs4'}"
PSA_00008,Health,"For more information, please visit www.wvi.org or follow us on Twitter @WorldVision .",,{'Kikuyu': None},https://www.wvi.org/about-us/news,World Vision,2026-07-26,"{'target_language': 'Kikuyu', 'scrape_method': 'requests/bs4'}"
PSA_00009,Health,full statement of our core values Our Commitment We recognise that values cannot be legislated; they must be lived.,,{'Kikuyu': None},https://www.wvi.org/about-us/our-vision-and-values,World Vision,2026-07-26,"{'target_language': 'Kikuyu', 'scrape_method': 'requests/bs4'}"
PSA_00010,Health,"In World Vision, we adapt our work to fit local contexts and continually refine and learn to ensure the greatest possible impact for children.",,{'Kikuyu': None},https://www.wvi.org/our-approaches,World Vision,2026-07-26,"{'target_language': 'Kikuyu', 'scrape_method': 'requests/bs4'}"
PSA_00011,Health,"We strive to ensure all children are valued, listened to, included and nurtured within peaceful, reconciled and gender equal families, communities and societies.",,{'Kikuyu': None},https://www.wvi.org/our-approaches,World Vision,2026-07-26,"{'target_language': 'Kikuyu', 'scrape_method': 'requests/bs4'}"
PSA_00012,Health,"It is in these places that we seek to see lives transformed by Jesus Christ as He works through our lives, deeds, words and signs.",,{'Kikuyu': None},https://www.wvi.org/role-faith,World Vision,2026-07-26,"{'target_language': 'Kikuyu', 'scrape_method': 'requests/bs4'}"
PSA_00013,Health,"We cannot achieve our mission on our own; we seek to collaborate with a wide spectrum of partners, supporters and others to transform the lives of children, families and communities.",,{'Kikuyu': None},https://www.wvi.org/role-faith,World Vision,2026-07-26,"{'target_language': 'Kikuyu', 'scrape_method': 'requests/bs4'}"
PSA_00014,Health,Take Action - Pray Pray With Us,,{'Kikuyu': None},https://www.wvi.org/role-faith,World Vision,2026-07-26,"{'target_language': 'Kikuyu', 'scrape_method': 'requests/bs4'}"
PSA_00015,Health,Take action today and become a force for positive change.,,{'Kikuyu': None},https://www.wvi.org/get-involved,World Vision,2026-07-26,"{'target_language': 'Kikuyu', 'scrape_method': 'requests/bs4'}"
PSA_00016,Health,Read through our frequently asked questions below or contact us to find out more.,,{'Kikuyu': None},https://www.wvi.org/about-us/faq,World Vision,2026-07-26,"{'target_language': 'Kikuyu', 'scrape_method': 'requests/bs4'}"
PSA_00017,Health,We are inspired by Christian values and seek for our work to be our testimony to the example set by Jesus Christ.,,{'Kikuyu': None},https://www.wvi.org/about-us/faq,World Vision,2026-07-26,"{'target_language': 'Kikuyu', 'scrape_method': 'requests/bs4'}"
PSA_00018,Health,WVI was established in 1977 to strategically coordinate and ensure consistent operating policies and standards globally across all Partnership offices.,,{'Kikuyu': None},https://www.wvi.org/about-us/faq,World Vision,2026-07-26,"{'target_language': 'Kikuyu', 'scrape_method': 'requests/bs4'}"
PSA_00019,Health,Microfinance and other projects that seek to improve adults’ livelihoods are a large part of this child-focused strategy.,,{'Kikuyu': None},https://www.wvi.org/about-us/faq,World Vision,2026-07-26,"{'target_language': 'Kikuyu', 'scrape_method': 'requests/bs4'}"
PSA_00020,Health,2025 See our latest Global Annual Report Download Publication View Online Structure FAQs Where are World Vision offices located?,,{'Kikuyu': None},https://www.wvi.org/about-us/our-structure,World Vision,2026-07-26,"{'target_language': 'Kikuyu', 'scrape_method': 'requests/bs4'}"
PSA_00021,Health,"For a complete list of our offices, please see this page.",,{'Kikuyu': None},https://www.wvi.org/about-us/our-structure,World Vision,2026-07-26,"{'target_language': 'Kikuyu', 'scrape_method': 'requests/bs4'}"
PSA_00022,Health,"WVI’s Council, comprised of the International Board and representatives of each national office board or advisory council, meets every three years, and has the authority to change fundamental elements of the Partnership structure and mission.",,{'Kikuyu': None},https://www.wvi.org/about-us/our-structure,World Vision,2026-07-26,"{'target_language': 'Kikuyu', 'scrape_method': 'requests/bs4'}"
PSA_00023,Health,How are National Boards and Advisory Councils Comprised?,,{'Kikuyu': None},https://www.wvi.org/about-us/our-structure,World Vision,2026-07-26,"{'target_language': 'Kikuyu', 'scrape_method': 'requests/bs4'}"
PSA_00024,Health,National boards and Advisory Councils comprise business professionals along with church and social service leaders and others.,,{'Kikuyu': None},https://www.wvi.org/about-us/our-structure,World Vision,2026-07-26,"{'target_language': 'Kikuyu', 'scrape_method': 'requests/bs4'}"
PSA_00025,Health,Connect with Us CONTACT US,,{'Kikuyu': None},https://www.wvi.org/our-promise,World Vision,2026-07-26,"{'target_language': 'Kikuyu', 'scrape_method': 'requests/bs4'}"
PSA_00026,Health,"We accept children of all faiths in our programmes, and we don't try to make them Christian.",,{'Kikuyu': None},https://www.wvi.org/about-us/our-leadership,World Vision,2026-07-26,"{'target_language': 'Kikuyu', 'scrape_method': 'requests/bs4'}"
PSA_00027,Health,We partner with diverse groups and ensure every partnership is positive from start to finish.,,{'Kikuyu': None},https://www.wvi.org/our-partners,World Vision,2026-07-26,"{'target_language': 'Kikuyu', 'scrape_method': 'requests/bs4'}"
PSA_00028,Health,"In our partnerships, we always seek shared value, respecting and valuing others’ contributions, considering and managing power dynamics appropriately, and communicating openly and responsively.",,{'Kikuyu': None},https://www.wvi.org/our-partners,World Vision,2026-07-26,"{'target_language': 'Kikuyu', 'scrape_method': 'requests/bs4'}"
PSA_00029,Health,"We seek to always find the right role, as such as connector, convenor, advocate, technical contributor, supporter and capacity‑sharer.",,{'Kikuyu': None},https://www.wvi.org/our-partners,World Vision,2026-07-26,"{'target_language': 'Kikuyu', 'scrape_method': 'requests/bs4'}"
PSA_00030,Health,"We monitor our partnering practice to ensure it is fully aligned to our global commitments including: The Grand Bargain, Our Partnering Principals, and World Vision's Position on Localisation.",,{'Kikuyu': None},https://www.wvi.org/our-partners,World Vision,2026-07-26,"{'target_language': 'Kikuyu', 'scrape_method': 'requests/bs4'}"
PSA_00031,Health,"If your organisation would like to be aware of partnering opportunities with World Vision, please contact the World Vision office in the country in which you work.",,{'Kikuyu': None},https://www.wvi.org/our-partners,World Vision,2026-07-26,"{'target_language': 'Kikuyu', 'scrape_method': 'requests/bs4'}"
PSA_00032,Health,Three Layers of Change Transformational Development is a journey of shared learning and change: We seek to improve child well-being using evidence-based programmes.,,{'Kikuyu': None},https://www.wvi.org/development/transformational-development,World Vision,2026-07-26,"{'target_language': 'Kikuyu', 'scrape_method': 'requests/bs4'}"
PSA_00033,Health,We listen to God and humbly seek His guidance so we may join in His work.,,{'Kikuyu': None},https://www.wvi.org/development/transformational-development,World Vision,2026-07-26,"{'target_language': 'Kikuyu', 'scrape_method': 'requests/bs4'}"
PSA_00034,Health,"We also seek to reach deeper, addressing underlying spiritual and cultural root causes that are hindering people from achieving their full potential, and addressing behaviours and attitudes that can harm relationships in families and communities.",,{'Kikuyu': None},https://www.wvi.org/development/transformational-development,World Vision,2026-07-26,"{'target_language': 'Kikuyu', 'scrape_method': 'requests/bs4'}"
PSA_00035,Governance,"Our Work | World Vision | World Vision International Skip to main content English French Spanish English French Spanish Hope, Joy, and Justice for ALL children How We Work Child Protection Childhood should mean love, not violence.",,{'Kikuyu': None},https://www.wvi.org/our-work,World Vision,2026-07-26,"{'target_language': 'Kikuyu', 'scrape_method': 'requests/bs4'}"
PSA_00036,Health,"Our ultimate goal is to ensure all children are cared for, protected, educated, and feel the love of God and neighbours.",,{'Kikuyu': None},https://www.wvi.org/our-work,World Vision,2026-07-26,"{'target_language': 'Kikuyu', 'scrape_method': 'requests/bs4'}"
PSA_00037,Health,"Even in the places where it is hard to be a child, God is there—and we should be there too.",,{'Kikuyu': None},https://www.wvi.org/our-history,World Vision,2026-07-26,"{'target_language': 'Kikuyu', 'scrape_method': 'requests/bs4'}"
PSA_00038,Health,Learn More Take Action Together we've impacted the lives of over 200 million vulnerable children by tackling the root causes of poverty.,,{'Kikuyu': None},https://www.wvi.org/,World Vision,2026-07-26,"{'target_language': 'Kikuyu', 'scrape_method': 'requests/bs4'}"
PSA_00039,Health,Apply Now Please Note: It has come to our attention that several agencies or persons are claiming to be acting on World Vision's behalf in recruiting or facilitating the recruitment of personnel.,,{'Kikuyu': None},https://www.wvi.org/careers,World Vision,2026-07-26,"{'target_language': 'Kikuyu', 'scrape_method': 'requests/bs4'}"
PSA_00040,Health,Visit our FAQs for more information.,,{'Kikuyu': None},https://www.wvi.org/careers,World Vision,2026-07-26,"{'target_language': 'Kikuyu', 'scrape_method': 'requests/bs4'}"
PSA_00041,Health,Contact Us | Get Involved | World Vision International Skip to main content Contact Us We have a wide network of offices worldwide.,,{'Kikuyu': None},https://www.wvi.org/contact-us,World Vision,2026-07-26,"{'target_language': 'Kikuyu', 'scrape_method': 'requests/bs4'}"
PSA_00042,Security,"Early Warning We monitor early warning signals for natural and human‑made threats, enabling us to anticipate emerging events and act early to reduce their impact.",,{'Kikuyu': None},https://www.wvi.org/our-work/disaster-management,World Vision,2026-07-26,"{'target_language': 'Kikuyu', 'scrape_method': 'requests/bs4'}"
PSA_00043,Security,"Readiness We are there and ready to respond at the very first early‑warning trigger with pre‑positioned supplies, trained local teams and emergency-ready funding.",,{'Kikuyu': None},https://www.wvi.org/our-work/disaster-management,World Vision,2026-07-26,"{'target_language': 'Kikuyu', 'scrape_method': 'requests/bs4'}"
PSA_00044,Security,"Read To Know More Protecting Children Where Hunger Strikes: Why Integration Matters At World Vision, we believe no child should have to choose between survival and safety.",,{'Kikuyu': None},https://www.wvi.org/our-work/disaster-management,World Vision,2026-07-26,"{'target_language': 'Kikuyu', 'scrape_method': 'requests/bs4'}"
PSA_00045,Health,This investment should be seen as a credible way to protect children and reduce the need over time.,,{'Kikuyu': None},https://www.wvi.org/our-work/disaster-management,World Vision,2026-07-26,"{'target_language': 'Kikuyu', 'scrape_method': 'requests/bs4'}"
PSA_00046,Health,"Signaling about a system under strain, where children risk being pushed to the margins, she urges that governments, decision-makers, and donors ensure solidarity triumphs over indifference.",,{'Kikuyu': None},https://www.wvi.org/our-work/disaster-management,World Vision,2026-07-26,"{'target_language': 'Kikuyu', 'scrape_method': 'requests/bs4'}"
PSA_00047,Health,"Read To Learn More Publications and Research Reports In the Shadow of Hunger World Vision’s latest global report, released for World Refugee Day, reveals how cuts in humanitarian assistance are driving hunger and a child...",,{'Kikuyu': None},https://www.wvi.org/our-work/disaster-management,World Vision,2026-07-26,"{'target_language': 'Kikuyu', 'scrape_method': 'requests/bs4'}"
PSA_00048,Education,"Read more Publication School Meals Annual Report 2025 Millions of children still go to school hungry, with a single meal often deciding whether they stay in class or drop out.",,{'Kikuyu': None},https://www.wvi.org/our-work/disaster-management,World Vision,2026-07-26,"{'target_language': 'Kikuyu', 'scrape_method': 'requests/bs4'}"
PSA_00049,Security,"Learn More Join us in ensuring children are at the centre of humanitarian action To discuss partnering with us, please reach out to: Isabel Gomes Global Lead, Disaster Management World Vision International isabel_gomes@wvi.org",,{'Kikuyu': None},https://www.wvi.org/our-work/disaster-management,World Vision,2026-07-26,"{'target_language': 'Kikuyu', 'scrape_method': 'requests/bs4'}"
PSA_00050,Health,"Sources: UNICEF, Progress on Children’s Well-being , 2023; FSIN and GNAFC, Global Report on Food Crises , 2023.",,{'Kikuyu': None},https://www.wvi.org/our-work/advocacy,World Vision,2026-07-26,"{'target_language': 'Kikuyu', 'scrape_method': 'requests/bs4'}"
PSA_00051,Governance,"Grounded in our faith, we are united by the call to seek justice for all.",,{'Kikuyu': None},https://www.wvi.org/our-work/advocacy,World Vision,2026-07-26,"{'target_language': 'Kikuyu', 'scrape_method': 'requests/bs4'}"
PSA_00052,Health,Say ENOUGH to child hunger quote The first thing I want to say is don't be pessimistic.,,{'Kikuyu': None},https://www.wvi.org/our-work/advocacy,World Vision,2026-07-26,"{'target_language': 'Kikuyu', 'scrape_method': 'requests/bs4'}"
PSA_00053,Health,"Even though you don't believe you change something, there is always a way.",,{'Kikuyu': None},https://www.wvi.org/our-work/advocacy,World Vision,2026-07-26,"{'target_language': 'Kikuyu', 'scrape_method': 'requests/bs4'}"
PSA_00054,Governance,Read our latest global Advocacy Strategic Measures Report to learn about the impact we've had through our advocacy work.,,{'Kikuyu': None},https://www.wvi.org/our-work/advocacy,World Vision,2026-07-26,"{'target_language': 'Kikuyu', 'scrape_method': 'requests/bs4'}"
PSA_00055,Health,"Global Impact Report > In the humanitarian space, collaboration through partnership is key.",,{'Kikuyu': None},https://www.wvi.org/our-work/advocacy,World Vision,2026-07-26,"{'target_language': 'Kikuyu', 'scrape_method': 'requests/bs4'}"
PSA_00056,Education,"✏️ Add your name ENOUGH Campaign Our Young Leaders When children and young people participate, it is possible to make a change Jason's Article Cyberbullying in and around school: Stop Hesitating, Take Action!",,{'Kikuyu': None},https://www.wvi.org/our-work/advocacy,World Vision,2026-07-26,"{'target_language': 'Kikuyu', 'scrape_method': 'requests/bs4'}"
PSA_00057,Health,"2025 Global Annual Report, World Vision International Read More",,{'Kikuyu': None},https://www.wvi.org/donate,World Vision,2026-07-26,"{'target_language': 'Kikuyu', 'scrape_method': 'requests/bs4'}"
PSA_00058,Health,"Even in the places where it is hard to be a child, God is there—and we should be there too.",,{'Kikuyu': None},https://www.wvi.org/our-history,World Vision,2026-07-26,"{'target_language': 'Kikuyu', 'scrape_method': 'requests/bs4'}"
PSA_00059,Education,"The Coalition will continue to monitor these developments closely, aligning its advocacy and campaign efforts to ensure that every child in Kenya accesses inclusive, equitable, and quality basic education in line with national and global education goals.",,{'Kikuyu': None},https://www.elimuyetu.net/about-eyc/cbc-education-reform-programme/,Elimuyetu,2026-07-26,"{'target_language': 'Kikuyu', 'scrape_method': 'requests/bs4'}"
PSA_00060,Education,"#RaiseYourHand for girls’ education: https://t.co/m9BeDQ4UFz pic.twitter.com/neJi9ku1GP — Michelle Obama (@MichelleObama) June 3, 2021 To protect the future of our children, we must ensure that we break down barriers to learning.",,{'Kikuyu': None},https://www.elimuyetu.net/about-eyc/gpe-partnership-compact/,Elimuyetu,2026-07-26,"{'target_language': 'Kikuyu', 'scrape_method': 'requests/bs4'}"
PSA_00061,Education,Today I raised my hand for @GPforEducation – I call on you to do the same at https://t.co/zKIGDPMbLG .,,{'Kikuyu': None},https://www.elimuyetu.net/about-eyc/gpe-partnership-compact/,Elimuyetu,2026-07-26,"{'target_language': 'Kikuyu', 'scrape_method': 'requests/bs4'}"
PSA_00062,Education,We are looking forward to your support in the various campaigns and programs Your visit and calling upon is highly appreciated.,,{'Kikuyu': None},https://www.elimuyetu.net/partner-with-eyc/,Elimuyetu,2026-07-26,"{'target_language': 'Kikuyu', 'scrape_method': 'requests/bs4'}"
PSA_00063,Education,"Call us +254 20 2446 669 +254 715 242 644 E-Mail info@elimuyetu.net Office Hill Side Apartments, 2nd Floor, Ragati Road, off Haile Selassie Avenue Name * E-mail * Telephone * City Message SEND Go to Top",,{'Kikuyu': None},https://www.elimuyetu.net/partner-with-eyc/,Elimuyetu,2026-07-26,"{'target_language': 'Kikuyu', 'scrape_method': 'requests/bs4'}"
PSA_00064,Education,"Strengthening government support must go hand-in-hand with deliberate efforts to amplify refugee teachers’ voices, recognize their qualifications, and integrate them into the national education system to ensure inclusive and equitable learning for all.",,{'Kikuyu': None},https://www.elimuyetu.net/about-eyc/current-and-emerging-issues/,Elimuyetu,2026-07-26,"{'target_language': 'Kikuyu', 'scrape_method': 'requests/bs4'}"
PSA_00065,Governance,2022 EYC Newsletter Jan – April 2022 EYC BUDGET TRACKING MANUAL MOE-MIDTERM PROGRESS REPORT 2022 FINAL KENYA COMPACT DEC 20 TH 2021 PDF Elimu Yetu Newsletter 2021 CSO -EFA 2021 Nyanza Region Policy recommendation CSO – EFA 2021 R.,,{'Kikuyu': None},https://www.elimuyetu.net/resources/,Elimuyetu,2026-07-26,"{'target_language': 'Kikuyu', 'scrape_method': 'requests/bs4'}"
PSA_00066,Governance,2022 EYC Newsletter Jan – April 2022 EYC BUDGET TRACKING MANUAL MOE-MIDTERM PROGRESS REPORT 2022 FINAL KENYA COMPACT DEC 20 TH 2021 PDF Elimu Yetu Newsletter 2021 CSO -EFA 2021 Nyanza Region Policy recommendation CSO – EFA 2021 R.,,{'Kikuyu': None},https://www.elimuyetu.net/resources/,Elimuyetu,2026-07-26,"{'target_language': 'Kikuyu', 'scrape_method': 'requests/bs4'}"
PSA_00067,Education,We are looking forward to your support in the various campaigns and programs Your visit and calling upon is highly appreciated.,,{'Kikuyu': None},https://www.elimuyetu.net/,Elimuyetu,2026-07-26,"{'target_language': 'Kikuyu', 'scrape_method': 'requests/bs4'}"
PSA_00068,Governance,2022 EYC Newsletter Jan – April 2022 EYC BUDGET TRACKING MANUAL MOE-MIDTERM PROGRESS REPORT 2022 FINAL KENYA COMPACT DEC 20 TH 2021 PDF Elimu Yetu Newsletter 2021 CSO -EFA 2021 Nyanza Region Policy recommendation CSO – EFA 2021 R.,,{'Kikuyu': None},https://www.elimuyetu.net/resources,Elimuyetu,2026-07-26,"{'target_language': 'Kikuyu', 'scrape_method': 'requests/bs4'}"
PSA_00069,Governance,2022 EYC Newsletter Jan – April 2022 EYC BUDGET TRACKING MANUAL MOE-MIDTERM PROGRESS REPORT 2022 FINAL KENYA COMPACT DEC 20 TH 2021 PDF Elimu Yetu Newsletter 2021 CSO -EFA 2021 Nyanza Region Policy recommendation CSO – EFA 2021 R.,,{'Kikuyu': None},https://www.elimuyetu.net/resources,Elimuyetu,2026-07-26,"{'target_language': 'Kikuyu', 'scrape_method': 'requests/bs4'}"
PSA_00070,Governance,2022 EYC Newsletter Jan – April 2022 EYC BUDGET TRACKING MANUAL MOE-MIDTERM PROGRESS REPORT 2022 FINAL KENYA COMPACT DEC 20 TH 2021 PDF Elimu Yetu Newsletter 2021 CSO -EFA 2021 Nyanza Region Policy recommendation CSO – EFA 2021 R.,,{'Kikuyu': None},https://www.elimuyetu.net/resources,Elimuyetu,2026-07-26,"{'target_language': 'Kikuyu', 'scrape_method': 'requests/bs4'}"
PSA_00071,Governance,2022 EYC Newsletter Jan – April 2022 EYC BUDGET TRACKING MANUAL MOE-MIDTERM PROGRESS REPORT 2022 FINAL KENYA COMPACT DEC 20 TH 2021 PDF Elimu Yetu Newsletter 2021 CSO -EFA 2021 Nyanza Region Policy recommendation CSO – EFA 2021 R.,,{'Kikuyu': None},https://www.elimuyetu.net/resources,Elimuyetu,2026-07-26,"{'target_language': 'Kikuyu', 'scrape_method': 'requests/bs4'}"
PSA_00072,Education,"You may then be presented with adverts on a social media feed, or when you visit another website.",,{'Kikuyu': None},https://www.vsointernational.org/about-us/legal/data-protection-and-privacy/social-media-web-advertising,VSO International,2026-07-26,"{'target_language': 'Kikuyu', 'scrape_method': 'requests/bs4'}"
PSA_00073,Education,"When you first visit the VSO website, you can choose to not consent to Cookies being used for this purpose.",,{'Kikuyu': None},https://www.vsointernational.org/about-us/legal/data-protection-and-privacy/social-media-web-advertising,VSO International,2026-07-26,"{'target_language': 'Kikuyu', 'scrape_method': 'requests/bs4'}"
PSA_00074,Education,"At any point, you can contact our Supporter Care Team via email on enquiry@vsoint.org .",,{'Kikuyu': None},https://www.vsointernational.org/about-us/legal/data-protection-and-privacy/social-media-web-advertising,VSO International,2026-07-26,"{'target_language': 'Kikuyu', 'scrape_method': 'requests/bs4'}"
PSA_00075,Education,More ways to help Leave a gift in memory Remember a cherished family member or friend by making a gift that can change lives for generations to come.,,{'Kikuyu': None},https://www.vsointernational.org/get-involved,VSO International,2026-07-26,"{'target_language': 'Kikuyu', 'scrape_method': 'requests/bs4'}"
PSA_00076,Education,Learn more about our volunteering for development approach Our projects Find out more about our current and former projects helping to ensure inclusive education for all.,,{'Kikuyu': None},https://www.vsointernational.org/our-work/inclusive-education,VSO International,2026-07-26,"{'target_language': 'Kikuyu', 'scrape_method': 'requests/bs4'}"
PSA_00077,Education,"Report by the International Commission on Financing Global Education Opportunity Education Development Trust - Education, Girls’ Education and Climate Change (2021) Foreign, Commonwealth and Development Office (FCDO) - The Girls Education Challenge (GEC)",,{'Kikuyu': None},https://www.vsointernational.org/our-work/inclusive-education,VSO International,2026-07-26,"{'target_language': 'Kikuyu', 'scrape_method': 'requests/bs4'}"
PSA_00078,Education,Face-to-face and telephone fundraising Free Wills service Remember VSO in your will Fundraise for VSO,,{'Kikuyu': None},https://www.vsointernational.org/get-involved/support-us,VSO International,2026-07-26,"{'target_language': 'Kikuyu', 'scrape_method': 'requests/bs4'}"
PSA_00079,Security,VSO works closely with local organisations and communities to ensure that emergency aid is tailored to actual needs.,,{'Kikuyu': None},https://www.vsointernational.org/our-work/humanitarian-aid,VSO International,2026-07-26,"{'target_language': 'Kikuyu', 'scrape_method': 'requests/bs4'}"
PSA_00080,Education,"Whether it involves food, water, or medical care, we ensure that our assistance reaches the right people quickly and effectively.",,{'Kikuyu': None},https://www.vsointernational.org/our-work/humanitarian-aid,VSO International,2026-07-26,"{'target_language': 'Kikuyu', 'scrape_method': 'requests/bs4'}"
PSA_00081,Education,"VSO is establishing learning centres in refugee communities and providing children with school materials, ensuring that thousands of children do not miss out on critical years of education during a crucial phase of their development.",,{'Kikuyu': None},https://www.vsointernational.org/our-work/humanitarian-aid,VSO International,2026-07-26,"{'target_language': 'Kikuyu', 'scrape_method': 'requests/bs4'}"
PSA_00082,Education,VSO are helping to ensure education is still possible for children displaced by flooding.,,{'Kikuyu': None},https://www.vsointernational.org/our-work/humanitarian-aid,VSO International,2026-07-26,"{'target_language': 'Kikuyu', 'scrape_method': 'requests/bs4'}"
PSA_00083,Governance,You’ll go through a competitive selection process to ensure you’re matched with the right role.,,{'Kikuyu': None},https://www.vsointernational.org/volunteering/faq,VSO International,2026-07-26,"{'target_language': 'Kikuyu', 'scrape_method': 'requests/bs4'}"
PSA_00084,Education,"If it has been more than 30 days, please contact us at enquiry@vsoint.org so we can follow up with the hiring team who will provide you with an update on the status of your application.",,{'Kikuyu': None},https://www.vsointernational.org/volunteering/faq,VSO International,2026-07-26,"{'target_language': 'Kikuyu', 'scrape_method': 'requests/bs4'}"
PSA_00085,Education,"Due to the high volume of applications, we will only contact the candidates who were longlisted.",,{'Kikuyu': None},https://www.vsointernational.org/volunteering/faq,VSO International,2026-07-26,"{'target_language': 'Kikuyu', 'scrape_method': 'requests/bs4'}"
PSA_00086,Health,Many of the rural areas we work in have few or under-resourced health facilities so we need to make a full risk assessment for each volunteer to ensure their wellbeing.,,{'Kikuyu': None},https://www.vsointernational.org/volunteering/faq,VSO International,2026-07-26,"{'target_language': 'Kikuyu', 'scrape_method': 'requests/bs4'}"
PSA_00087,Education,How does VSO ensure the diversity of volunteers?,,{'Kikuyu': None},https://www.vsointernational.org/volunteering/faq,VSO International,2026-07-26,"{'target_language': 'Kikuyu', 'scrape_method': 'requests/bs4'}"
PSA_00088,Security,VSO constantly assesses security in each of the countries we work in to ensure that our volunteers come to no harm.,,{'Kikuyu': None},https://www.vsointernational.org/volunteering/faq,VSO International,2026-07-26,"{'target_language': 'Kikuyu', 'scrape_method': 'requests/bs4'}"
PSA_00089,Governance,Please refer to our Safeguarding and Child Protection Policy for more information.,,{'Kikuyu': None},https://www.vsointernational.org/volunteering/faq,VSO International,2026-07-26,"{'target_language': 'Kikuyu', 'scrape_method': 'requests/bs4'}"
PSA_00090,Education,VSO Skip to content Spanora Media £5 a month could help train teachers to ensure children with disabilities receive the specialist support they need in order to excel.,,{'Kikuyu': None},https://www.vsointernational.org/,VSO International,2026-07-26,"{'target_language': 'Kikuyu', 'scrape_method': 'requests/bs4'}"
PSA_00091,Education,£5 £15 £25 Other amount: £ Spanora Media £25 could help train teachers to ensure children with disabilities receive the specialist support they need in order to excel.,,{'Kikuyu': None},https://www.vsointernational.org/,VSO International,2026-07-26,"{'target_language': 'Kikuyu', 'scrape_method': 'requests/bs4'}"
PSA_00092,Education,Visit your local VSO website VSO Ireland VSO Netherlands VSO USA Latest news Hear stories from volunteers and communities and stay up-to-date with the latest VSO news.,,{'Kikuyu': None},https://www.vsointernational.org/,VSO International,2026-07-26,"{'target_language': 'Kikuyu', 'scrape_method': 'requests/bs4'}"
PSA_00093,Education,Find out more in our impact report 3.6m Nearly 3.6 million were reached through our education projects.,,{'Kikuyu': None},https://www.vsointernational.org/,VSO International,2026-07-26,"{'target_language': 'Kikuyu', 'scrape_method': 'requests/bs4'}"
PSA_00094,Education,Browse all current opportunities More ways you can support VSO Support us with a donation Job opportunities at VSO Read Kin Magazine Partnerships Global volunteer network Contact us,,{'Kikuyu': None},https://www.vsointernational.org/,VSO International,2026-07-26,"{'target_language': 'Kikuyu', 'scrape_method': 'requests/bs4'}"
PSA_00095,Education,"If you are interested in volunteering locally, please contact the VSO office in your country of residence.",,{'Kikuyu': None},https://www.vsointernational.org/volunteering,VSO International,2026-07-26,"{'target_language': 'Kikuyu', 'scrape_method': 'requests/bs4'}"
PSA_00096,Health,We ensure our volunteers are medically fit to travel and will be kept safe and healthy throughout the duration of their placement.,,{'Kikuyu': None},https://www.vsointernational.org/volunteering,VSO International,2026-07-26,"{'target_language': 'Kikuyu', 'scrape_method': 'requests/bs4'}"
PSA_00097,Education,Face-to-face and telephone fundraising Free Wills service Remember VSO in your will Fundraise for VSO,,{'Kikuyu': None},https://www.vsointernational.org/donate,VSO International,2026-07-26,"{'target_language': 'Kikuyu', 'scrape_method': 'requests/bs4'}"
PSA_00098,Education,They tagged their Facebook friends encouraging them to take action as well.,,{'Kikuyu': None},https://www.vsointernational.org/volunteering/global-volunteer-network/youth-network,VSO International,2026-07-26,"{'target_language': 'Kikuyu', 'scrape_method': 'requests/bs4'}"
PSA_00099,Education,"Learn more (PDF, 1.47MB) Contact the Bangladesh team Cambodia The Youth Champion Network in Cambodia has around 20 members in three provinces – Siem Reap, Battambang and Phnom Penh.",,{'Kikuyu': None},https://www.vsointernational.org/volunteering/global-volunteer-network/youth-network,VSO International,2026-07-26,"{'target_language': 'Kikuyu', 'scrape_method': 'requests/bs4'}"
PSA_00100,Education,"Learn more (PDF, 1.31 MB) Contact the Cambodia team Ethiopia Due to the ongoing conflict and political turmoil in the country, peace has become top priority for most Ethiopians.",,{'Kikuyu': None},https://www.vsointernational.org/volunteering/global-volunteer-network/youth-network,VSO International,2026-07-26,"{'target_language': 'Kikuyu', 'scrape_method': 'requests/bs4'}"
PSA_00101,Education,"Learn more (PDF, 837 KB) Contact the Ethiopia team Kenya Youth for Sustainable Development (YSD) is a youth-led network in Kenya focusing on improving the lives, livelihoods and futures of young people across the country.",,{'Kikuyu': None},https://www.vsointernational.org/volunteering/global-volunteer-network/youth-network,VSO International,2026-07-26,"{'target_language': 'Kikuyu', 'scrape_method': 'requests/bs4'}"
PSA_00102,Health,"Learn more (PDF, 1MB) Contact the Kenya team Malawi Young people in Malawi face many challenges to their health, education, employment, empowerment, participation and overall wellbeing.",,{'Kikuyu': None},https://www.vsointernational.org/volunteering/global-volunteer-network/youth-network,VSO International,2026-07-26,"{'target_language': 'Kikuyu', 'scrape_method': 'requests/bs4'}"
PSA_00103,Governance,"Learn more (PDF, 992KB) Contact the Malawi team Myanmar The Myanmar Youth Network includes 60 youth ambassadors from three regions (Magway, Southern Shan, and Kayin States), empowering young people through peer-to-peer advocacy and support.",,{'Kikuyu': None},https://www.vsointernational.org/volunteering/global-volunteer-network/youth-network,VSO International,2026-07-26,"{'target_language': 'Kikuyu', 'scrape_method': 'requests/bs4'}"
PSA_00104,Education,"Learn more (PDF, 407 KB) Contact the Myanmar team Nepal Nepal has a growing young population, with more than 40% of the total population of Nepal aged between 16–40 years.",,{'Kikuyu': None},https://www.vsointernational.org/volunteering/global-volunteer-network/youth-network,VSO International,2026-07-26,"{'target_language': 'Kikuyu', 'scrape_method': 'requests/bs4'}"
PSA_00105,Governance,"Learn more (PDF, 1.87MB) Contact the Nepal team Nigeria The network spreads across 17 states in Nigeria with over 300 volunteers mainly focusing on engagement and advocacy around climate change, youth employment, and the Nigerian Youth Parliament.",,{'Kikuyu': None},https://www.vsointernational.org/volunteering/global-volunteer-network/youth-network,VSO International,2026-07-26,"{'target_language': 'Kikuyu', 'scrape_method': 'requests/bs4'}"
PSA_00106,Education,"Learn more (PDF, 1.04MB) Contact the Nigeria team Pakistan Pakistan’s youth engagement work takes place within formal and informal youth networks of more than 200 young people across Pakistan.",,{'Kikuyu': None},https://www.vsointernational.org/volunteering/global-volunteer-network/youth-network,VSO International,2026-07-26,"{'target_language': 'Kikuyu', 'scrape_method': 'requests/bs4'}"
PSA_00107,Education,"Learn more (PDF, 1.46MB) Contact the Pakistan team Philippines VSO’s youth engagement in the Philippines focuses on social cohesion and durable peace, while promoting resilient livelihoods and communities.",,{'Kikuyu': None},https://www.vsointernational.org/volunteering/global-volunteer-network/youth-network,VSO International,2026-07-26,"{'target_language': 'Kikuyu', 'scrape_method': 'requests/bs4'}"
PSA_00108,Health,"Learn more (PDF, 910KB) Contact the Philippines team Rwanda Over the past few years, the importance of promoting and improving young people’s health – particularly SRHR – through strengthening policy, strategy and community has come to the fore.",,{'Kikuyu': None},https://www.vsointernational.org/volunteering/global-volunteer-network/youth-network,VSO International,2026-07-26,"{'target_language': 'Kikuyu', 'scrape_method': 'requests/bs4'}"
PSA_00109,Education,"Learn more (PDF, 1.35MB) Contact the Sierra Leone team Tanzania Tanzania has one of the world’s fastest-growing youth populations.",,{'Kikuyu': None},https://www.vsointernational.org/volunteering/global-volunteer-network/youth-network,VSO International,2026-07-26,"{'target_language': 'Kikuyu', 'scrape_method': 'requests/bs4'}"
PSA_00110,Health,"Learn more (PDF, 3.73MB) Contact the Tanzania team Thailand Thailand has an ageing population, which means it is vital that the younger generations in Thailand have access to quality healthcare, education, and livelihoods opportunities to secure the county’s future.",,{'Kikuyu': None},https://www.vsointernational.org/volunteering/global-volunteer-network/youth-network,VSO International,2026-07-26,"{'target_language': 'Kikuyu', 'scrape_method': 'requests/bs4'}"
PSA_00111,Education,"Learn more (PDF, 601KB) Contact the Uganda team Zambia Zambia’s youth network is called Kalibu Youth – Tulande: An Open Space.",,{'Kikuyu': None},https://www.vsointernational.org/volunteering/global-volunteer-network/youth-network,VSO International,2026-07-26,"{'target_language': 'Kikuyu', 'scrape_method': 'requests/bs4'}"
PSA_00112,Health,"Learn more (PDF, 1.77MB) Contact the Zambia team Zimbabwe VSO’s youth work in Zimbabwe has traditionally centred on tackling health-related challenges.",,{'Kikuyu': None},https://www.vsointernational.org/volunteering/global-volunteer-network/youth-network,VSO International,2026-07-26,"{'target_language': 'Kikuyu', 'scrape_method': 'requests/bs4'}"
PSA_00113,Security,"Learn more (PDF, 1.43MB) Contact the Zimbabwe team Stories from our youth champions Our climate champions Lisa Marie David Facebook Live: Protecting coastal areas from climate-related disaster.",,{'Kikuyu': None},https://www.vsointernational.org/volunteering/global-volunteer-network/youth-network,VSO International,2026-07-26,"{'target_language': 'Kikuyu', 'scrape_method': 'requests/bs4'}"
PSA_00114,Education,"It is from their viewpoint and actions that we seek to define the issues, opportunities, and solutions that deliver sustainable and locally led change.",,{'Kikuyu': None},https://www.vsointernational.org/our-work/volunteering-for-development,VSO International,2026-07-26,"{'target_language': 'Kikuyu', 'scrape_method': 'requests/bs4'}"
PSA_00115,Education,"All our programmes address the root causes of marginalisation by focusing on three areas – what we call “ core approaches ” - that reliably tackle the structures, systems and conditions that make people vulnerable.",,{'Kikuyu': None},https://www.vsointernational.org/our-work/volunteering-for-development,VSO International,2026-07-26,"{'target_language': 'Kikuyu', 'scrape_method': 'requests/bs4'}"
PSA_00116,Education,"Involve the most marginalised at all stages of programme design From initial design through to final evaluation, our programmes are designed with individuals and communities, empowering them to lead their own change to ensure long-term impact.",,{'Kikuyu': None},https://www.vsointernational.org/our-work/volunteering-for-development,VSO International,2026-07-26,"{'target_language': 'Kikuyu', 'scrape_method': 'requests/bs4'}"
PSA_00117,Education,We do not see them as 'beneficiaries.' They are the 'primary actors' and they are at the heart of our work.,,{'Kikuyu': None},https://www.vsointernational.org/our-work/volunteering-for-development,VSO International,2026-07-26,"{'target_language': 'Kikuyu', 'scrape_method': 'requests/bs4'}"
PSA_00118,Education,"Work with volunteers Unlike other development interventions, the trusting relationships that volunteers and communities build together ensure skills and knowledge are shared effectively and people take ownership of their own development.",,{'Kikuyu': None},https://www.vsointernational.org/our-work/volunteering-for-development,VSO International,2026-07-26,"{'target_language': 'Kikuyu', 'scrape_method': 'requests/bs4'}"
PSA_00119,Education,"Lisa Marie David Our core approaches How we ensure that we build communities that are resilient, inclusive and accountable.",,{'Kikuyu': None},https://www.vsointernational.org/our-work/volunteering-for-development,VSO International,2026-07-26,"{'target_language': 'Kikuyu', 'scrape_method': 'requests/bs4'}"
PSA_00120,Education,Valuing Volunteering Our ground-breaking research report about how and why volunteering impacts upon poverty.,,{'Kikuyu': None},https://www.vsointernational.org/our-work/volunteering-for-development,VSO International,2026-07-26,"{'target_language': 'Kikuyu', 'scrape_method': 'requests/bs4'}"
PSA_00121,Education,You can write your will: Online Over the phone/video call In-person (At home or in-branch) Start your will here Or call Octopus Legacy directly on 020 4525 3605 and quote VSO *Applies to simple wills only.,,{'Kikuyu': None},https://www.vsointernational.org/freewill,VSO International,2026-07-26,"{'target_language': 'Kikuyu', 'scrape_method': 'requests/bs4'}"
PSA_00122,Education,Writing a will and stipulating who you want to take care of them should the circumstance ever arrive is the only legally binding way of ensuring they are taken care of.,,{'Kikuyu': None},https://www.vsointernational.org/freewill,VSO International,2026-07-26,"{'target_language': 'Kikuyu', 'scrape_method': 'requests/bs4'}"
PSA_00123,Education,"It can and should be updated during key life milestones for e.g., if you buy a new house or have a baby.",,{'Kikuyu': None},https://www.vsointernational.org/freewill,VSO International,2026-07-26,"{'target_language': 'Kikuyu', 'scrape_method': 'requests/bs4'}"
PSA_00124,Education,Writing your will is a way to ensure – after taking care of loved ones – that the organisations you hold dear to your heart continue to do their amazing work in the future.,,{'Kikuyu': None},https://www.vsointernational.org/freewill,VSO International,2026-07-26,"{'target_language': 'Kikuyu', 'scrape_method': 'requests/bs4'}"
PSA_00125,Education,VSO are helping to ensure education is still possible for children displaced by flooding.,,{'Kikuyu': None},https://www.vsointernational.org/our-work/projects,VSO International,2026-07-26,"{'target_language': 'Kikuyu', 'scrape_method': 'requests/bs4'}"
PSA_00126,Education,"To ensure this VSO works to strengthen the agency and voice of marginalised women, small-scale food producers and young people and their networks to transform food and labour markets, pushing for increased public investment in agroecology and green economy.",,{'Kikuyu': None},https://www.vsointernational.org/our-work/resilient-livelihoods,VSO International,2026-07-26,"{'target_language': 'Kikuyu', 'scrape_method': 'requests/bs4'}"
PSA_00127,Security,6 The UN State of Food Insecurity report launched in July 2021 estimates that one in 10 people in the world go to bed hungry.,,{'Kikuyu': None},https://www.vsointernational.org/our-work/resilient-livelihoods,VSO International,2026-07-26,"{'target_language': 'Kikuyu', 'scrape_method': 'requests/bs4'}"
PSA_00128,Agriculture,We address gender norms in particular where women are considered ‘helpers’ on the farm and not ‘farmers’ and do not often have ‘control’ over land and natural and productive resources.,,{'Kikuyu': None},https://www.vsointernational.org/our-work/resilient-livelihoods,VSO International,2026-07-26,"{'target_language': 'Kikuyu', 'scrape_method': 'requests/bs4'}"
PSA_00129,Education,"Ensure demand for greater investment in public services, including social protection.",,{'Kikuyu': None},https://www.vsointernational.org/our-work/resilient-livelihoods,VSO International,2026-07-26,"{'target_language': 'Kikuyu', 'scrape_method': 'requests/bs4'}"
PSA_00130,Education,"Footnotes Intergovernmental Panel on Climate Change, Climate Change 2021, The Physical Science Basis; https://www.ipcc.ch/report/ar6/wg1/downloads/report/ IPCC_AR6_WGI_Full_Report.pdf Max Roser (2013) - “Global Economic Inequality”.",,{'Kikuyu': None},https://www.vsointernational.org/our-work/resilient-livelihoods,VSO International,2026-07-26,"{'target_language': 'Kikuyu', 'scrape_method': 'requests/bs4'}"
PSA_00131,Health,"While UHC aspires to ensure health access for all, significant barriers persist for marginalised groups, including women, children, persons with disabilities, and indigenous communities.",,{'Kikuyu': None},https://www.vsointernational.org/our-work/inclusive-health,VSO International,2026-07-26,"{'target_language': 'Kikuyu', 'scrape_method': 'requests/bs4'}"
PSA_00132,Education,"Additionally, adolescents may lack the agency or autonomy to ensure correct and consistent use of contraception.",,{'Kikuyu': None},https://www.vsointernational.org/our-work/inclusive-health,VSO International,2026-07-26,"{'target_language': 'Kikuyu', 'scrape_method': 'requests/bs4'}"
PSA_00133,Health,£10 a month could help ensure that mothers and babies get access to life-saving quality healthcare.,,{'Kikuyu': None},https://www.vsointernational.org/our-work/inclusive-health,VSO International,2026-07-26,"{'target_language': 'Kikuyu', 'scrape_method': 'requests/bs4'}"
PSA_00134,Education,Our impact 2023/24 Our annual report provides an overview and some examples of what we have achieved during 2023/24.,,{'Kikuyu': None},https://www.vsointernational.org/our-work,VSO International,2026-07-26,"{'target_language': 'Kikuyu', 'scrape_method': 'requests/bs4'}"
PSA_00135,Education,"Annual report Areas of work Suraj Shakya Inclusive education Making sure everyone gets the skills they need to live a fulfilled, dignified life.",,{'Kikuyu': None},https://www.vsointernational.org/our-work,VSO International,2026-07-26,"{'target_language': 'Kikuyu', 'scrape_method': 'requests/bs4'}"
PSA_00136,Education,BOBO PHOTOGRAPHY Livelihood volunteers ensure people have the skills and opportunities needed to support themselves and their families.,,{'Kikuyu': None},https://www.vsointernational.org/sponsor-a-volunteer,VSO International,2026-07-26,"{'target_language': 'Kikuyu', 'scrape_method': 'requests/bs4'}"
PSA_00137,Education,We will only contact you to let you know of other ways you can support us by SMS or email with your consent.,,{'Kikuyu': None},https://www.vsointernational.org/sponsor-a-volunteer,VSO International,2026-07-26,"{'target_language': 'Kikuyu', 'scrape_method': 'requests/bs4'}"
PSA_00138,Education,Your VSO Planned Giving Team Rosie O’Connor and Heidi Weisskopf – our Planned Giving team – have the honour of working with you to ensure all your questions are answered and your to VSO pledge reflects your personal wishes.,,{'Kikuyu': None},https://www.vsointernational.org/leave-a-gift-in-your-will,VSO International,2026-07-26,"{'target_language': 'Kikuyu', 'scrape_method': 'requests/bs4'}"
PSA_00139,Education,"If so, please get in touch directly with Rosie and Heidi via the contact details above, or visit our dedicated information page.",,{'Kikuyu': None},https://www.vsointernational.org/leave-a-gift-in-your-will,VSO International,2026-07-26,"{'target_language': 'Kikuyu', 'scrape_method': 'requests/bs4'}"
PSA_00140,Education,Around 60% of those eligible in the UK do not have a valid Will.,,{'Kikuyu': None},https://www.vsointernational.org/leave-a-gift-in-your-will,VSO International,2026-07-26,"{'target_language': 'Kikuyu', 'scrape_method': 'requests/bs4'}"
PSA_00141,Education,Who should write my Will?,,{'Kikuyu': None},https://www.vsointernational.org/leave-a-gift-in-your-will,VSO International,2026-07-26,"{'target_language': 'Kikuyu', 'scrape_method': 'requests/bs4'}"
PSA_00142,Education,"Whether you are writing a Will for the first time or updating your existing one, we recommend you seek legal advice.",,{'Kikuyu': None},https://www.vsointernational.org/leave-a-gift-in-your-will,VSO International,2026-07-26,"{'target_language': 'Kikuyu', 'scrape_method': 'requests/bs4'}"
PSA_00143,Governance,"Using a professional solicitor will make sure everything in actioned in accordance with the law, and ensure your Will is valid.",,{'Kikuyu': None},https://www.vsointernational.org/leave-a-gift-in-your-will,VSO International,2026-07-26,"{'target_language': 'Kikuyu', 'scrape_method': 'requests/bs4'}"
PSA_00144,Education,We advise you explore all options with your solicitor and will provider.,,{'Kikuyu': None},https://www.vsointernational.org/leave-a-gift-in-your-will,VSO International,2026-07-26,"{'target_language': 'Kikuyu', 'scrape_method': 'requests/bs4'}"
PSA_00145,Education,Why should I leave a gift in my Will to VSO?,,{'Kikuyu': None},https://www.vsointernational.org/leave-a-gift-in-your-will,VSO International,2026-07-26,"{'target_language': 'Kikuyu', 'scrape_method': 'requests/bs4'}"
PSA_00146,Education,VSO needs a gift in your will to ensure we can: Focus on long-term solutions.,,{'Kikuyu': None},https://www.vsointernational.org/leave-a-gift-in-your-will,VSO International,2026-07-26,"{'target_language': 'Kikuyu', 'scrape_method': 'requests/bs4'}"
PSA_00147,Education,Careers at VSO We don't just go to work at VSO.,,{'Kikuyu': None},https://www.vsointernational.org/volunteering/global-volunteer-network,VSO International,2026-07-26,"{'target_language': 'Kikuyu', 'scrape_method': 'requests/bs4'}"
PSA_00148,Education,"Local solutions to local problems Climate change affects the entire globe, but the most crucial action must be at local levels.",,{'Kikuyu': None},https://www.vsointernational.org/our-work/climate-resilient-systems,VSO International,2026-07-26,"{'target_language': 'Kikuyu', 'scrape_method': 'requests/bs4'}"
PSA_00149,Education,We ensure school infrastructure is safe; work with teachers to prepare take home packets in the event of a school closure; and ensure clean-ups are focused on schools whenever possible.,,{'Kikuyu': None},https://www.vsointernational.org/our-work/climate-resilient-systems,VSO International,2026-07-26,"{'target_language': 'Kikuyu', 'scrape_method': 'requests/bs4'}"
PSA_00150,Health,"As the climate changes, we must adapt to the new conditions, including developing long lasting and healthy food sources that can withstand change in climate including flood, drought and excessive heat.",,{'Kikuyu': None},https://www.vsointernational.org/our-work/climate-resilient-systems,VSO International,2026-07-26,"{'target_language': 'Kikuyu', 'scrape_method': 'requests/bs4'}"
PSA_00151,Education,VSO are helping to ensure education is still possible for children displaced by flooding.,,{'Kikuyu': None},https://www.vsointernational.org/our-work/climate-resilient-systems,VSO International,2026-07-26,"{'target_language': 'Kikuyu', 'scrape_method': 'requests/bs4'}"
PSA_00152,Education,"Annual impact report | VSO Skip to content Our approach to development provides a sustainable, long-term solution to the complex global problems, that are affecting millions of vulnerable people around the world.",,{'Kikuyu': None},https://www.vsointernational.org/about/impact-report,VSO International,2026-07-26,"{'target_language': 'Kikuyu', 'scrape_method': 'requests/bs4'}"
PSA_00153,Education,This impact report provides an overview and some examples of what we have achieved during 2023/24.,,{'Kikuyu': None},https://www.vsointernational.org/about/impact-report,VSO International,2026-07-26,"{'target_language': 'Kikuyu', 'scrape_method': 'requests/bs4'}"
PSA_00154,Education,"Media centre | VSO Skip to content Contact the media team For media and press enquiries, case studies and interviews, email: press.office@vsoint.org .",,{'Kikuyu': None},https://www.vsointernational.org/media-centre,VSO International,2026-07-26,"{'target_language': 'Kikuyu', 'scrape_method': 'requests/bs4'}"
PSA_00155,Education,"Running projects without international volunteers will not help “decolonise development”, says expert after a new report is released by VSO and Northumbria University.",,{'Kikuyu': None},https://www.vsointernational.org/media-centre,VSO International,2026-07-26,"{'target_language': 'Kikuyu', 'scrape_method': 'requests/bs4'}"
PSA_00156,Education,VSO data protection and privacy declaration If you change your mind at any time about how you want to hear from us please call us on +44 (0)20 8780 7500 or email enquiry@vsoint.org .,,{'Kikuyu': None},https://www.vsointernational.org/news/blog/nurturing-peace-the-environment-and-our-community-volunteers,VSO International,2026-07-26,"{'target_language': 'Kikuyu', 'scrape_method': 'requests/bs4'}"
PSA_00157,Health,"“To ensure the health and survival of the mangroves, we collect mangrove fruits and use them to prepare seedlings in peat bags.",,{'Kikuyu': None},https://www.vsointernational.org/news/blog/nurturing-peace-the-environment-and-our-community-volunteers,VSO International,2026-07-26,"{'target_language': 'Kikuyu', 'scrape_method': 'requests/bs4'}"
PSA_00158,Education,"“VSO put us in contact with businesses like TakaTaka Solutions and Mr Green who buy from the buyback centre, which gives young people more market opportunities,” Rooney explains.",,{'Kikuyu': None},https://www.vsointernational.org/news/blog/nurturing-peace-the-environment-and-our-community-volunteers,VSO International,2026-07-26,"{'target_language': 'Kikuyu', 'scrape_method': 'requests/bs4'}"
PSA_00159,Governance,They demanded that the state must stop the killings of their children for exercising their constitutional right to protest.,,{'Kikuyu': None},https://khrc.or.ke/attack-on-khrc/,KHRC,2026-07-26,"{'target_language': 'Kikuyu', 'scrape_method': 'requests/bs4'}"
PSA_00160,Governance,FIDA-Kenya FIDA-Kenya urges every Kenyan not to give in to fear.,,{'Kikuyu': None},https://khrc.or.ke/attack-on-khrc/,KHRC,2026-07-26,"{'target_language': 'Kikuyu', 'scrape_method': 'requests/bs4'}"
PSA_00161,Governance,Justice and truth must prevail over intimidation and violence.,,{'Kikuyu': None},https://khrc.or.ke/attack-on-khrc/,KHRC,2026-07-26,"{'target_language': 'Kikuyu', 'scrape_method': 'requests/bs4'}"
PSA_00162,Governance,"When asked, they said they intended to take photographs of the premises “to aid a forensic investigation.” While KHRC has always supported lawful investigations, the timing and suspicious nature of this visit raise serious questions.",,{'Kikuyu': None},https://khrc.or.ke/attack-on-khrc/,KHRC,2026-07-26,"{'target_language': 'Kikuyu', 'scrape_method': 'requests/bs4'}"
PSA_00163,Governance,Human rights organizations & defenders must be able to operate without fear.,,{'Kikuyu': None},https://khrc.or.ke/attack-on-khrc/,KHRC,2026-07-26,"{'target_language': 'Kikuyu', 'scrape_method': 'requests/bs4'}"
PSA_00164,Governance,"As I have said before, President Ruto must stop using armed militias against citizens.",,{'Kikuyu': None},https://khrc.or.ke/attack-on-khrc/,KHRC,2026-07-26,"{'target_language': 'Kikuyu', 'scrape_method': 'requests/bs4'}"
PSA_00165,Governance,Urgent Action We are quickly responding to new governance and human rights issues as they come up to ensure timely support and intervention.,,{'Kikuyu': None},https://khrc.or.ke/what-we-do-2/,KHRC,2026-07-26,"{'target_language': 'Kikuyu', 'scrape_method': 'requests/bs4'}"
PSA_00166,Governance,Economic and Social Justice Economic and social justice is about principles that aim to ensure fair and equitable treatment and access to resources for all individuals and communities.,,{'Kikuyu': None},https://khrc.or.ke/what-we-do-2/,KHRC,2026-07-26,"{'target_language': 'Kikuyu', 'scrape_method': 'requests/bs4'}"
PSA_00167,Governance,"These groups can use different methods, including legal action, to ensure that companies follow social and ethical standards.",,{'Kikuyu': None},https://khrc.or.ke/what-we-do-2/,KHRC,2026-07-26,"{'target_language': 'Kikuyu', 'scrape_method': 'requests/bs4'}"
PSA_00168,Governance,"According to the UN Guiding Principles on Business and Human Rights, states and companies must prevent and respond to human rights violations in business activities.",,{'Kikuyu': None},https://khrc.or.ke/what-we-do-2/,KHRC,2026-07-26,"{'target_language': 'Kikuyu', 'scrape_method': 'requests/bs4'}"
PSA_00169,Governance,"Browse the Issues GET INVOLVED Report, Contact us, volunteer, donate and speak out against injustice.",,{'Kikuyu': None},https://khrc.or.ke/,KHRC,2026-07-26,"{'target_language': 'Kikuyu', 'scrape_method': 'requests/bs4'}"
PSA_00170,Governance,"Take Action Report a Human Rights Violation If you or someone you know has experienced discrimination, abuse, or any form of human rights violation, we’re here to help.",,{'Kikuyu': None},https://khrc.or.ke/,KHRC,2026-07-26,"{'target_language': 'Kikuyu', 'scrape_method': 'requests/bs4'}"
PSA_00171,Governance,"Every report matters—it helps us protect lives, uphold justice, and ensure accountability.",,{'Kikuyu': None},https://khrc.or.ke/,KHRC,2026-07-26,"{'target_language': 'Kikuyu', 'scrape_method': 'requests/bs4'}"
PSA_00172,Governance,Report a Violation Our Partners search chevron-left chevron-right cross linkedin facebook pinterest youtube rss twitter instagram facebook-blank rss-blank linkedin-blank pinterest youtube twitter instagram,,{'Kikuyu': None},https://khrc.or.ke/,KHRC,2026-07-26,"{'target_language': 'Kikuyu', 'scrape_method': 'requests/bs4'}"
PSA_00173,Governance,"Browse the Issues GET INVOLVED Report, Contact us, volunteer, donate and speak out against injustice.",,{'Kikuyu': None},https://khrc.or.ke,KHRC,2026-07-26,"{'target_language': 'Kikuyu', 'scrape_method': 'requests/bs4'}"
PSA_00174,Governance,"Take Action Report a Human Rights Violation If you or someone you know has experienced discrimination, abuse, or any form of human rights violation, we’re here to help.",,{'Kikuyu': None},https://khrc.or.ke,KHRC,2026-07-26,"{'target_language': 'Kikuyu', 'scrape_method': 'requests/bs4'}"
PSA_00175,Governance,"Every report matters—it helps us protect lives, uphold justice, and ensure accountability.",,{'Kikuyu': None},https://khrc.or.ke,KHRC,2026-07-26,"{'target_language': 'Kikuyu', 'scrape_method': 'requests/bs4'}"
PSA_00176,Governance,Report a Violation Our Partners search chevron-left chevron-right cross linkedin facebook pinterest youtube rss twitter instagram facebook-blank rss-blank linkedin-blank pinterest youtube twitter instagram,,{'Kikuyu': None},https://khrc.or.ke,KHRC,2026-07-26,"{'target_language': 'Kikuyu', 'scrape_method': 'requests/bs4'}"
PSA_00177,Governance,"In his new role, he shall be responsible for offering support to the North Rift Regional Office to ensure successful implementation of the projects and assisting in logistical tasks, data collection and documentation.",,{'Kikuyu': None},https://tikenya.org/media-tech-hub-project,Transparency Int'l Kenya,2026-07-26,"{'target_language': 'Kikuyu', 'scrape_method': 'requests/bs4'}"
PSA_00178,Governance,She is responsible for offering support to the North Rift Regional Office to ensure the successful implementation of the projects and documenting of legal aid cases for walk-in and call-in clients towards achieving the TI-Kenya’s strategic plan.,,{'Kikuyu': None},https://tikenya.org/media-tech-hub-project,Transparency Int'l Kenya,2026-07-26,"{'target_language': 'Kikuyu', 'scrape_method': 'requests/bs4'}"
PSA_00179,Governance,We do not sell or rent information about you.,,{'Kikuyu': None},https://tikenya.org/ti-kenya-privacy-policy/,Transparency Int'l Kenya,2026-07-26,"{'target_language': 'Kikuyu', 'scrape_method': 'requests/bs4'}"
PSA_00180,Governance,The reporting functionality is set to allow a user to anonymously make a report through the site.,,{'Kikuyu': None},https://tikenya.org/ti-kenya-privacy-policy/,Transparency Int'l Kenya,2026-07-26,"{'target_language': 'Kikuyu', 'scrape_method': 'requests/bs4'}"
PSA_00181,Governance,All information submitted by a user in the description section of making a report is at the user’s discretion and implies express consent to share the information for use by the Transparency International Kenya’s team.,,{'Kikuyu': None},https://tikenya.org/ti-kenya-privacy-policy/,Transparency Int'l Kenya,2026-07-26,"{'target_language': 'Kikuyu', 'scrape_method': 'requests/bs4'}"
PSA_00182,Governance,It is advised that users should therefore refrain from writing any information that would expose their identity on any of the descriptive sections when making a report.,,{'Kikuyu': None},https://tikenya.org/ti-kenya-privacy-policy/,Transparency Int'l Kenya,2026-07-26,"{'target_language': 'Kikuyu', 'scrape_method': 'requests/bs4'}"
PSA_00183,Governance,"In cases where users will submit their personal information, the information will ONLY be used for following up or seek clarification on the matter reported and not for any other purpose.",,{'Kikuyu': None},https://tikenya.org/ti-kenya-privacy-policy/,Transparency Int'l Kenya,2026-07-26,"{'target_language': 'Kikuyu', 'scrape_method': 'requests/bs4'}"
PSA_00184,Governance,"If you would like us to delete reports that you have provided via any of our platforms, please contact us at transparency@tikenya.org and we will act on your request within a reasonable time.",,{'Kikuyu': None},https://tikenya.org/ti-kenya-privacy-policy/,Transparency Int'l Kenya,2026-07-26,"{'target_language': 'Kikuyu', 'scrape_method': 'requests/bs4'}"
PSA_00185,Governance,The above channels are used to contact you with notifications and other information that is specific to your device and/or your case.,,{'Kikuyu': None},https://tikenya.org/ti-kenya-privacy-policy/,Transparency Int'l Kenya,2026-07-26,"{'target_language': 'Kikuyu', 'scrape_method': 'requests/bs4'}"
PSA_00186,Governance,We reserve the right to update or change our Privacy Policy at any time and you should check this Privacy Policy periodically.,,{'Kikuyu': None},https://tikenya.org/ti-kenya-privacy-policy/,Transparency Int'l Kenya,2026-07-26,"{'target_language': 'Kikuyu', 'scrape_method': 'requests/bs4'}"
PSA_00187,Governance,"Contact Us If we make any material changes to this Privacy Policy, we will send notifications via the A4T mobile Application installed on your device and/or a notification will show on our site that you visit.",,{'Kikuyu': None},https://tikenya.org/ti-kenya-privacy-policy/,Transparency Int'l Kenya,2026-07-26,"{'target_language': 'Kikuyu', 'scrape_method': 'requests/bs4'}"
PSA_00188,Governance,"In his new role, he shall be responsible for offering support to the North Rift Regional Office to ensure successful implementation of the projects and assisting in logistical tasks, data collection and documentation.",,{'Kikuyu': None},https://tikenya.org/ti-kenya-privacy-policy/,Transparency Int'l Kenya,2026-07-26,"{'target_language': 'Kikuyu', 'scrape_method': 'requests/bs4'}"
PSA_00189,Governance,She is responsible for offering support to the North Rift Regional Office to ensure the successful implementation of the projects and documenting of legal aid cases for walk-in and call-in clients towards achieving the TI-Kenya’s strategic plan.,,{'Kikuyu': None},https://tikenya.org/ti-kenya-privacy-policy/,Transparency Int'l Kenya,2026-07-26,"{'target_language': 'Kikuyu', 'scrape_method': 'requests/bs4'}"
PSA_00190,Governance,"Disclaimer: TI-Kenya does not charge any fee at any stage during recruitment and selection process, we do not require any documentation prior to the interview and we do not recruit through recruitment agents.",,{'Kikuyu': None},https://tikenya.org/opportunities/,Transparency Int'l Kenya,2026-07-26,"{'target_language': 'Kikuyu', 'scrape_method': 'requests/bs4'}"
PSA_00191,Governance,We also do not bid through agents.,,{'Kikuyu': None},https://tikenya.org/opportunities/,Transparency Int'l Kenya,2026-07-26,"{'target_language': 'Kikuyu', 'scrape_method': 'requests/bs4'}"
PSA_00192,Governance,"In his new role, he shall be responsible for offering support to the North Rift Regional Office to ensure successful implementation of the projects and assisting in logistical tasks, data collection and documentation.",,{'Kikuyu': None},https://tikenya.org/opportunities/,Transparency Int'l Kenya,2026-07-26,"{'target_language': 'Kikuyu', 'scrape_method': 'requests/bs4'}"
PSA_00193,Governance,She is responsible for offering support to the North Rift Regional Office to ensure the successful implementation of the projects and documenting of legal aid cases for walk-in and call-in clients towards achieving the TI-Kenya’s strategic plan.,,{'Kikuyu': None},https://tikenya.org/opportunities/,Transparency Int'l Kenya,2026-07-26,"{'target_language': 'Kikuyu', 'scrape_method': 'requests/bs4'}"
PSA_00194,Governance,"Advocacy and Legal Advice Centre (ALAC) is a walk-in, call-in and mail centre where any person can obtain free and confidential advice on corruption cases.",,{'Kikuyu': None},https://tikenya.org/legal-advice-2/,Transparency Int'l Kenya,2026-07-26,"{'target_language': 'Kikuyu', 'scrape_method': 'requests/bs4'}"
PSA_00195,Education,"Some of the Non-state actors that TI-Kenya works with include Kituo cha Sheria, Christian Legal Education Aid and Research (CLEAR) and FIDA amongst others to scrutinise individual cases and advise those affected accordingly.",,{'Kikuyu': None},https://tikenya.org/legal-advice-2/,Transparency Int'l Kenya,2026-07-26,"{'target_language': 'Kikuyu', 'scrape_method': 'requests/bs4'}"
PSA_00196,Governance,"In his new role, he shall be responsible for offering support to the North Rift Regional Office to ensure successful implementation of the projects and assisting in logistical tasks, data collection and documentation.",,{'Kikuyu': None},https://tikenya.org/legal-advice-2/,Transparency Int'l Kenya,2026-07-26,"{'target_language': 'Kikuyu', 'scrape_method': 'requests/bs4'}"
PSA_00197,Governance,She is responsible for offering support to the North Rift Regional Office to ensure the successful implementation of the projects and documenting of legal aid cases for walk-in and call-in clients towards achieving the TI-Kenya’s strategic plan.,,{'Kikuyu': None},https://tikenya.org/legal-advice-2/,Transparency Int'l Kenya,2026-07-26,"{'target_language': 'Kikuyu', 'scrape_method': 'requests/bs4'}"
PSA_00198,Governance,"In his new role, he shall be responsible for offering support to the North Rift Regional Office to ensure successful implementation of the projects and assisting in logistical tasks, data collection and documentation.",,{'Kikuyu': None},https://tikenya.org/category/news/,Transparency Int'l Kenya,2026-07-26,"{'target_language': 'Kikuyu', 'scrape_method': 'requests/bs4'}"
PSA_00199,Governance,She is responsible for offering support to the North Rift Regional Office to ensure the successful implementation of the projects and documenting of legal aid cases for walk-in and call-in clients towards achieving the TI-Kenya’s strategic plan.,,{'Kikuyu': None},https://tikenya.org/category/news/,Transparency Int'l Kenya,2026-07-26,"{'target_language': 'Kikuyu', 'scrape_method': 'requests/bs4'}"
PSA_00200,Governance,Support Our Work - TI-Kenya Skip to content Support Our Work Please donate to help us continue our work towards a corruption–free society.,,{'Kikuyu': None},https://tikenya.org/support-our-work/,Transparency Int'l Kenya,2026-07-26,"{'target_language': 'Kikuyu', 'scrape_method': 'requests/bs4'}"
PSA_00201,Governance,"In his new role, he shall be responsible for offering support to the North Rift Regional Office to ensure successful implementation of the projects and assisting in logistical tasks, data collection and documentation.",,{'Kikuyu': None},https://tikenya.org/support-our-work/,Transparency Int'l Kenya,2026-07-26,"{'target_language': 'Kikuyu', 'scrape_method': 'requests/bs4'}"
PSA_00202,Governance,She is responsible for offering support to the North Rift Regional Office to ensure the successful implementation of the projects and documenting of legal aid cases for walk-in and call-in clients towards achieving the TI-Kenya’s strategic plan.,,{'Kikuyu': None},https://tikenya.org/support-our-work/,Transparency Int'l Kenya,2026-07-26,"{'target_language': 'Kikuyu', 'scrape_method': 'requests/bs4'}"
PSA_00203,Governance,"In his new role, he shall be responsible for offering support to the North Rift Regional Office to ensure successful implementation of the projects and assisting in logistical tasks, data collection and documentation.",,{'Kikuyu': None},https://tikenya.org/our-financial-reports/,Transparency Int'l Kenya,2026-07-26,"{'target_language': 'Kikuyu', 'scrape_method': 'requests/bs4'}"
PSA_00204,Governance,She is responsible for offering support to the North Rift Regional Office to ensure the successful implementation of the projects and documenting of legal aid cases for walk-in and call-in clients towards achieving the TI-Kenya’s strategic plan.,,{'Kikuyu': None},https://tikenya.org/our-financial-reports/,Transparency Int'l Kenya,2026-07-26,"{'target_language': 'Kikuyu', 'scrape_method': 'requests/bs4'}"
PSA_00205,Governance,"In his new role, he shall be responsible for offering support to the North Rift Regional Office to ensure successful implementation of the projects and assisting in logistical tasks, data collection and documentation.",,{'Kikuyu': None},https://tikenya.org/about-us/,Transparency Int'l Kenya,2026-07-26,"{'target_language': 'Kikuyu', 'scrape_method': 'requests/bs4'}"
PSA_00206,Governance,She is responsible for offering support to the North Rift Regional Office to ensure the successful implementation of the projects and documenting of legal aid cases for walk-in and call-in clients towards achieving the TI-Kenya’s strategic plan.,,{'Kikuyu': None},https://tikenya.org/about-us/,Transparency Int'l Kenya,2026-07-26,"{'target_language': 'Kikuyu', 'scrape_method': 'requests/bs4'}"
PSA_00207,Governance,"In his new role, he shall be responsible for offering support to the North Rift Regional Office to ensure successful implementation of the projects and assisting in logistical tasks, data collection and documentation.",,{'Kikuyu': None},https://tikenya.org/category/success-stories/,Transparency Int'l Kenya,2026-07-26,"{'target_language': 'Kikuyu', 'scrape_method': 'requests/bs4'}"
PSA_00208,Governance,She is responsible for offering support to the North Rift Regional Office to ensure the successful implementation of the projects and documenting of legal aid cases for walk-in and call-in clients towards achieving the TI-Kenya’s strategic plan.,,{'Kikuyu': None},https://tikenya.org/category/success-stories/,Transparency Int'l Kenya,2026-07-26,"{'target_language': 'Kikuyu', 'scrape_method': 'requests/bs4'}"
PSA_00209,Governance,"In his new role, he shall be responsible for offering support to the North Rift Regional Office to ensure successful implementation of the projects and assisting in logistical tasks, data collection and documentation.",,{'Kikuyu': None},https://tikenya.org/our-funders/,Transparency Int'l Kenya,2026-07-26,"{'target_language': 'Kikuyu', 'scrape_method': 'requests/bs4'}"
PSA_00210,Governance,She is responsible for offering support to the North Rift Regional Office to ensure the successful implementation of the projects and documenting of legal aid cases for walk-in and call-in clients towards achieving the TI-Kenya’s strategic plan.,,{'Kikuyu': None},https://tikenya.org/our-funders/,Transparency Int'l Kenya,2026-07-26,"{'target_language': 'Kikuyu', 'scrape_method': 'requests/bs4'}"
PSA_00211,Governance,Engaging civic society in its capacity building programme to ensure that there is improved capacity to fight corruption and associated vices.,,{'Kikuyu': None},https://tikenya.org/accountability-transparency-in-kenya/,Transparency Int'l Kenya,2026-07-26,"{'target_language': 'Kikuyu', 'scrape_method': 'requests/bs4'}"
PSA_00212,Governance,In addition TI seeks to improve knowledge management which is central to their work and also strengthen monitoring & evaluation to ensure development of an M&E system that is versatile and able to measure and demonstrate results at different levels.,,{'Kikuyu': None},https://tikenya.org/accountability-transparency-in-kenya/,Transparency Int'l Kenya,2026-07-26,"{'target_language': 'Kikuyu', 'scrape_method': 'requests/bs4'}"
PSA_00213,Governance,"Lastly, they are also working to strengthen financial management to ensure that all staff understand the system and take advantage of the opportunities it presents to enhance financial management efficiency and effectiveness.",,{'Kikuyu': None},https://tikenya.org/accountability-transparency-in-kenya/,Transparency Int'l Kenya,2026-07-26,"{'target_language': 'Kikuyu', 'scrape_method': 'requests/bs4'}"
PSA_00214,Governance,"In his new role, he shall be responsible for offering support to the North Rift Regional Office to ensure successful implementation of the projects and assisting in logistical tasks, data collection and documentation.",,{'Kikuyu': None},https://tikenya.org/accountability-transparency-in-kenya/,Transparency Int'l Kenya,2026-07-26,"{'target_language': 'Kikuyu', 'scrape_method': 'requests/bs4'}"
PSA_00215,Governance,She is responsible for offering support to the North Rift Regional Office to ensure the successful implementation of the projects and documenting of legal aid cases for walk-in and call-in clients towards achieving the TI-Kenya’s strategic plan.,,{'Kikuyu': None},https://tikenya.org/accountability-transparency-in-kenya/,Transparency Int'l Kenya,2026-07-26,"{'target_language': 'Kikuyu', 'scrape_method': 'requests/bs4'}"
PSA_00216,Governance,Click to view the Register of Interests Mr.,,{'Kikuyu': None},https://tikenya.org/members-of-the-board-of-directors/,Transparency Int'l Kenya,2026-07-26,"{'target_language': 'Kikuyu', 'scrape_method': 'requests/bs4'}"
PSA_00217,Governance,Click to view the Register of Interests Ms.,,{'Kikuyu': None},https://tikenya.org/members-of-the-board-of-directors/,Transparency Int'l Kenya,2026-07-26,"{'target_language': 'Kikuyu', 'scrape_method': 'requests/bs4'}"
PSA_00218,Governance,Click to view the Register of Interests Ms.,,{'Kikuyu': None},https://tikenya.org/members-of-the-board-of-directors/,Transparency Int'l Kenya,2026-07-26,"{'target_language': 'Kikuyu', 'scrape_method': 'requests/bs4'}"
PSA_00219,Governance,Click to view the Register of Interests Dr.,,{'Kikuyu': None},https://tikenya.org/members-of-the-board-of-directors/,Transparency Int'l Kenya,2026-07-26,"{'target_language': 'Kikuyu', 'scrape_method': 'requests/bs4'}"
PSA_00220,Governance,"Click to view the Register of Interests Sheila Masinde Executive Director Hi, I'm a global tooltip.",,{'Kikuyu': None},https://tikenya.org/members-of-the-board-of-directors/,Transparency Int'l Kenya,2026-07-26,"{'target_language': 'Kikuyu', 'scrape_method': 'requests/bs4'}"
PSA_00221,Governance,"In his new role, he shall be responsible for offering support to the North Rift Regional Office to ensure successful implementation of the projects and assisting in logistical tasks, data collection and documentation.",,{'Kikuyu': None},https://tikenya.org/members-of-the-board-of-directors/,Transparency Int'l Kenya,2026-07-26,"{'target_language': 'Kikuyu', 'scrape_method': 'requests/bs4'}"
PSA_00222,Governance,She is responsible for offering support to the North Rift Regional Office to ensure the successful implementation of the projects and documenting of legal aid cases for walk-in and call-in clients towards achieving the TI-Kenya’s strategic plan.,,{'Kikuyu': None},https://tikenya.org/members-of-the-board-of-directors/,Transparency Int'l Kenya,2026-07-26,"{'target_language': 'Kikuyu', 'scrape_method': 'requests/bs4'}"
PSA_00223,Governance,They felt it imperative that participants build upon their experience at the Seminar by maintaining contact with each other and by reaching out to parliamentarians and parliamentary organisations throughout Africa.,,{'Kikuyu': None},https://tikenya.org/faqs-about-corruption/,Transparency Int'l Kenya,2026-07-26,"{'target_language': 'Kikuyu', 'scrape_method': 'requests/bs4'}"
PSA_00224,Governance,They felt it imperative that participants build upon their experience at the Seminar by maintaining contact with each other and by reaching out to parliamentarians and parliamentary organisations throughout Africa.,,{'Kikuyu': None},https://tikenya.org/faqs-about-corruption/,Transparency Int'l Kenya,2026-07-26,"{'target_language': 'Kikuyu', 'scrape_method': 'requests/bs4'}"
PSA_00225,Governance,Subsequently the Select Committee produced a report that is popularly referred to as the ‘Kombo Report’ and which contained the infamous “List of Shame”.,,{'Kikuyu': None},https://tikenya.org/faqs-about-corruption/,Transparency Int'l Kenya,2026-07-26,"{'target_language': 'Kikuyu', 'scrape_method': 'requests/bs4'}"
PSA_00226,Governance,They also look to help ensure that parliament is strengthened as an effective accountability institution overseeing the policies and actions of governments.,,{'Kikuyu': None},https://tikenya.org/faqs-about-corruption/,Transparency Int'l Kenya,2026-07-26,"{'target_language': 'Kikuyu', 'scrape_method': 'requests/bs4'}"
PSA_00227,Governance,APNAC members had discussions with the Foreign Anti-Corruption experts from the Risk Advisory Group who were contracted by the Kenya government to review Kenya’s anti-corruption strategies.,,{'Kikuyu': None},https://tikenya.org/faqs-about-corruption/,Transparency Int'l Kenya,2026-07-26,"{'target_language': 'Kikuyu', 'scrape_method': 'requests/bs4'}"
PSA_00228,Governance,These views have been incorporated into The Risk Advisory Group’s final report.,,{'Kikuyu': None},https://tikenya.org/faqs-about-corruption/,Transparency Int'l Kenya,2026-07-26,"{'target_language': 'Kikuyu', 'scrape_method': 'requests/bs4'}"
PSA_00229,Governance,Case Study: the KACA Debacle The report that emanated from the Parliamentary Select Anti-Corruption Committee on was dubbed the ‘Kombo report’ and became popularly known for its ‘List of Shame’.,,{'Kikuyu': None},https://tikenya.org/faqs-about-corruption/,Transparency Int'l Kenya,2026-07-26,"{'target_language': 'Kikuyu', 'scrape_method': 'requests/bs4'}"
PSA_00230,Governance,"Because key personalities named in the report enjoyed major political patronage and alignment to top government officials, the ‘list of shame’ was thrown out of parliament and recommendations made in the Kombo report were never implemented.",,{'Kikuyu': None},https://tikenya.org/faqs-about-corruption/,Transparency Int'l Kenya,2026-07-26,"{'target_language': 'Kikuyu', 'scrape_method': 'requests/bs4'}"
PSA_00231,Governance,"However, the very fact that this report made its way into parliament and that powerful personalities were named without serious retaliatory actions being taken against investigators of this report, indicated a small degree of progress in the fight against graft.",,{'Kikuyu': None},https://tikenya.org/faqs-about-corruption/,Transparency Int'l Kenya,2026-07-26,"{'target_language': 'Kikuyu', 'scrape_method': 'requests/bs4'}"
PSA_00232,Governance,Some of its future plans APNAC Kenya will also seek to strengthen its link with APNAC headquarters based in Uganda and APNAC chapters existing in other African countries.,,{'Kikuyu': None},https://tikenya.org/faqs-about-corruption/,Transparency Int'l Kenya,2026-07-26,"{'target_language': 'Kikuyu', 'scrape_method': 'requests/bs4'}"
PSA_00233,Governance,"In his new role, he shall be responsible for offering support to the North Rift Regional Office to ensure successful implementation of the projects and assisting in logistical tasks, data collection and documentation.",,{'Kikuyu': None},https://tikenya.org/faqs-about-corruption/,Transparency Int'l Kenya,2026-07-26,"{'target_language': 'Kikuyu', 'scrape_method': 'requests/bs4'}"
PSA_00234,Governance,She is responsible for offering support to the North Rift Regional Office to ensure the successful implementation of the projects and documenting of legal aid cases for walk-in and call-in clients towards achieving the TI-Kenya’s strategic plan.,,{'Kikuyu': None},https://tikenya.org/faqs-about-corruption/,Transparency Int'l Kenya,2026-07-26,"{'target_language': 'Kikuyu', 'scrape_method': 'requests/bs4'}"
PSA_00235,Governance,Contact Us - TI-Kenya Skip to content Have something for us?,,{'Kikuyu': None},https://tikenya.org/contact-us/,Transparency Int'l Kenya,2026-07-26,"{'target_language': 'Kikuyu', 'scrape_method': 'requests/bs4'}"
PSA_00236,Governance,"In his new role, he shall be responsible for offering support to the North Rift Regional Office to ensure successful implementation of the projects and assisting in logistical tasks, data collection and documentation.",,{'Kikuyu': None},https://tikenya.org/contact-us/,Transparency Int'l Kenya,2026-07-26,"{'target_language': 'Kikuyu', 'scrape_method': 'requests/bs4'}"
PSA_00237,Governance,She is responsible for offering support to the North Rift Regional Office to ensure the successful implementation of the projects and documenting of legal aid cases for walk-in and call-in clients towards achieving the TI-Kenya’s strategic plan.,,{'Kikuyu': None},https://tikenya.org/contact-us/,Transparency Int'l Kenya,2026-07-26,"{'target_language': 'Kikuyu', 'scrape_method': 'requests/bs4'}"
PSA_00238,Governance,"In his new role, he shall be responsible for offering support to the North Rift Regional Office to ensure successful implementation of the projects and assisting in logistical tasks, data collection and documentation.",,{'Kikuyu': None},https://tikenya.org/governance/,Transparency Int'l Kenya,2026-07-26,"{'target_language': 'Kikuyu', 'scrape_method': 'requests/bs4'}"
PSA_00239,Governance,She is responsible for offering support to the North Rift Regional Office to ensure the successful implementation of the projects and documenting of legal aid cases for walk-in and call-in clients towards achieving the TI-Kenya’s strategic plan.,,{'Kikuyu': None},https://tikenya.org/governance/,Transparency Int'l Kenya,2026-07-26,"{'target_language': 'Kikuyu', 'scrape_method': 'requests/bs4'}"
PSA_00240,Governance,"In his new role, he shall be responsible for offering support to the North Rift Regional Office to ensure successful implementation of the projects and assisting in logistical tasks, data collection and documentation.",,{'Kikuyu': None},https://tikenya.org/media-tech-hub-project,Transparency Int'l Kenya,2026-07-26,"{'target_language': 'Kikuyu', 'scrape_method': 'requests/bs4'}"
PSA_00241,Governance,She is responsible for offering support to the North Rift Regional Office to ensure the successful implementation of the projects and documenting of legal aid cases for walk-in and call-in clients towards achieving the TI-Kenya’s strategic plan.,,{'Kikuyu': None},https://tikenya.org/media-tech-hub-project,Transparency Int'l Kenya,2026-07-26,"{'target_language': 'Kikuyu', 'scrape_method': 'requests/bs4'}"
PSA_00242,Governance,"The A4T mobile App and website, can be used to monitor expenditure of these public funds and anonymously report corruption.",,{'Kikuyu': None},https://tikenya.org/ti-kenya-digital-platforms/,Transparency Int'l Kenya,2026-07-26,"{'target_language': 'Kikuyu', 'scrape_method': 'requests/bs4'}"
PSA_00243,Security,The system can send bulk SMS to a lot of people when there is need for mass dissemination of information or sending warning message to a large number of people in the counties named above.,,{'Kikuyu': None},https://tikenya.org/ti-kenya-digital-platforms/,Transparency Int'l Kenya,2026-07-26,"{'target_language': 'Kikuyu', 'scrape_method': 'requests/bs4'}"
PSA_00244,Governance,The portal also provides a channel through which the public can report such cases and attach evidence of the elected leaders and state officers using these public resources against the law.,,{'Kikuyu': None},https://tikenya.org/ti-kenya-digital-platforms/,Transparency Int'l Kenya,2026-07-26,"{'target_language': 'Kikuyu', 'scrape_method': 'requests/bs4'}"
PSA_00245,Governance,CGSR This a dashboard that has detailed analysis of the county governance status report for 2016 for all the 47 counties.,,{'Kikuyu': None},https://tikenya.org/ti-kenya-digital-platforms/,Transparency Int'l Kenya,2026-07-26,"{'target_language': 'Kikuyu', 'scrape_method': 'requests/bs4'}"
PSA_00246,Governance,"In his new role, he shall be responsible for offering support to the North Rift Regional Office to ensure successful implementation of the projects and assisting in logistical tasks, data collection and documentation.",,{'Kikuyu': None},https://tikenya.org/ti-kenya-digital-platforms/,Transparency Int'l Kenya,2026-07-26,"{'target_language': 'Kikuyu', 'scrape_method': 'requests/bs4'}"
PSA_00247,Governance,She is responsible for offering support to the North Rift Regional Office to ensure the successful implementation of the projects and documenting of legal aid cases for walk-in and call-in clients towards achieving the TI-Kenya’s strategic plan.,,{'Kikuyu': None},https://tikenya.org/ti-kenya-digital-platforms/,Transparency Int'l Kenya,2026-07-26,"{'target_language': 'Kikuyu', 'scrape_method': 'requests/bs4'}"
PSA_00248,Governance,"In his new role, he shall be responsible for offering support to the North Rift Regional Office to ensure successful implementation of the projects and assisting in logistical tasks, data collection and documentation.",,{'Kikuyu': None},https://tikenya.org/our-focus-areas-2/,Transparency Int'l Kenya,2026-07-26,"{'target_language': 'Kikuyu', 'scrape_method': 'requests/bs4'}"
PSA_00249,Governance,She is responsible for offering support to the North Rift Regional Office to ensure the successful implementation of the projects and documenting of legal aid cases for walk-in and call-in clients towards achieving the TI-Kenya’s strategic plan.,,{'Kikuyu': None},https://tikenya.org/our-focus-areas-2/,Transparency Int'l Kenya,2026-07-26,"{'target_language': 'Kikuyu', 'scrape_method': 'requests/bs4'}"
PSA_00250,Governance,"In his new role, he shall be responsible for offering support to the North Rift Regional Office to ensure successful implementation of the projects and assisting in logistical tasks, data collection and documentation.",,{'Kikuyu': None},https://tikenya.org/our-team/,Transparency Int'l Kenya,2026-07-26,"{'target_language': 'Kikuyu', 'scrape_method': 'requests/bs4'}"
PSA_00251,Governance,She is responsible for offering support to the North Rift Regional Office to ensure the successful implementation of the projects and documenting of legal aid cases for walk-in and call-in clients towards achieving the TI-Kenya’s strategic plan.,,{'Kikuyu': None},https://tikenya.org/our-team/,Transparency Int'l Kenya,2026-07-26,"{'target_language': 'Kikuyu', 'scrape_method': 'requests/bs4'}"
PSA_00252,Governance,"News & Articles Press Statement: Impeachment Must Have Consequences: Keep the Disgraced Leaders Out of the Ballot July 24, 2026 No Comments HOW CAMPAIGN FINANCING FUELS CORRUPTION AND POLITICAL VIOLENCE AHEAD OF 2027.",,{'Kikuyu': None},https://tikenya.org,Transparency Int'l Kenya,2026-07-26,"{'target_language': 'Kikuyu', 'scrape_method': 'requests/bs4'}"
PSA_00253,Governance,"July 21, 2026 No Comments Press Statement: Grave Concerns Over Continued Intimidation, Harassment, And Attacks Against The Civic Space In Kenya July 14, 2026 No Comments #ReportCorruption Submit Report Form Submission Complete Dear user, your report has been successfully submitted.",,{'Kikuyu': None},https://tikenya.org,Transparency Int'l Kenya,2026-07-26,"{'target_language': 'Kikuyu', 'scrape_method': 'requests/bs4'}"
PSA_00254,Governance,You will be notified once complete or if further information is needed Your Report Tracking number is {NUMBER}.,,{'Kikuyu': None},https://tikenya.org,Transparency Int'l Kenya,2026-07-26,"{'target_language': 'Kikuyu', 'scrape_method': 'requests/bs4'}"
PSA_00255,Governance,"To get report status updates send: ""status {Number}"" to 22130 Copy Tracking Number Close Loading...",,{'Kikuyu': None},https://tikenya.org,Transparency Int'l Kenya,2026-07-26,"{'target_language': 'Kikuyu', 'scrape_method': 'requests/bs4'}"
PSA_00256,Governance,Yes No Do you want your report to be anonymous?,,{'Kikuyu': None},https://tikenya.org,Transparency Int'l Kenya,2026-07-26,"{'target_language': 'Kikuyu', 'scrape_method': 'requests/bs4'}"
PSA_00257,Governance,"In his new role, he shall be responsible for offering support to the North Rift Regional Office to ensure successful implementation of the projects and assisting in logistical tasks, data collection and documentation.",,{'Kikuyu': None},https://tikenya.org,Transparency Int'l Kenya,2026-07-26,"{'target_language': 'Kikuyu', 'scrape_method': 'requests/bs4'}"
PSA_00258,Governance,She is responsible for offering support to the North Rift Regional Office to ensure the successful implementation of the projects and documenting of legal aid cases for walk-in and call-in clients towards achieving the TI-Kenya’s strategic plan.,,{'Kikuyu': None},https://tikenya.org,Transparency Int'l Kenya,2026-07-26,"{'target_language': 'Kikuyu', 'scrape_method': 'requests/bs4'}"
PSA_00259,Governance,"In his new role, he shall be responsible for offering support to the North Rift Regional Office to ensure successful implementation of the projects and assisting in logistical tasks, data collection and documentation.",,{'Kikuyu': None},https://tikenya.org/category/publications,Transparency Int'l Kenya,2026-07-26,"{'target_language': 'Kikuyu', 'scrape_method': 'requests/bs4'}"
PSA_00260,Governance,She is responsible for offering support to the North Rift Regional Office to ensure the successful implementation of the projects and documenting of legal aid cases for walk-in and call-in clients towards achieving the TI-Kenya’s strategic plan.,,{'Kikuyu': None},https://tikenya.org/category/publications,Transparency Int'l Kenya,2026-07-26,"{'target_language': 'Kikuyu', 'scrape_method': 'requests/bs4'}"
PSA_00261,Governance,"In his new role, he shall be responsible for offering support to the North Rift Regional Office to ensure successful implementation of the projects and assisting in logistical tasks, data collection and documentation.",,{'Kikuyu': None},https://tikenya.org/category/publications,Transparency Int'l Kenya,2026-07-26,"{'target_language': 'Kikuyu', 'scrape_method': 'requests/bs4'}"
PSA_00262,Governance,She is responsible for offering support to the North Rift Regional Office to ensure the successful implementation of the projects and documenting of legal aid cases for walk-in and call-in clients towards achieving the TI-Kenya’s strategic plan.,,{'Kikuyu': None},https://tikenya.org/category/publications,Transparency Int'l Kenya,2026-07-26,"{'target_language': 'Kikuyu', 'scrape_method': 'requests/bs4'}"
PSA_00263,Governance,"In his new role, he shall be responsible for offering support to the North Rift Regional Office to ensure successful implementation of the projects and assisting in logistical tasks, data collection and documentation.",,{'Kikuyu': None},https://tikenya.org/category/news,Transparency Int'l Kenya,2026-07-26,"{'target_language': 'Kikuyu', 'scrape_method': 'requests/bs4'}"
PSA_00264,Governance,She is responsible for offering support to the North Rift Regional Office to ensure the successful implementation of the projects and documenting of legal aid cases for walk-in and call-in clients towards achieving the TI-Kenya’s strategic plan.,,{'Kikuyu': None},https://tikenya.org/category/news,Transparency Int'l Kenya,2026-07-26,"{'target_language': 'Kikuyu', 'scrape_method': 'requests/bs4'}"
PSA_00265,Governance,"In his new role, he shall be responsible for offering support to the North Rift Regional Office to ensure successful implementation of the projects and assisting in logistical tasks, data collection and documentation.",,{'Kikuyu': None},https://tikenya.org/category/news,Transparency Int'l Kenya,2026-07-26,"{'target_language': 'Kikuyu', 'scrape_method': 'requests/bs4'}"
PSA_00266,Governance,She is responsible for offering support to the North Rift Regional Office to ensure the successful implementation of the projects and documenting of legal aid cases for walk-in and call-in clients towards achieving the TI-Kenya’s strategic plan.,,{'Kikuyu': None},https://tikenya.org/category/news,Transparency Int'l Kenya,2026-07-26,"{'target_language': 'Kikuyu', 'scrape_method': 'requests/bs4'}"
PSA_00267,Governance,"We strongly believe an impeached leader should not be accorded another opportunity to seek public office, because the Constitution is very clear on the threshold and imperatives of impeachment.",,{'Kikuyu': None},https://tikenya.org/2026/07/24/press-statement-impeachment-must-have-consequences-keep-the-disgraced-leaders-out-of-the-ballot,Transparency Int'l Kenya,2026-07-26,"{'target_language': 'Kikuyu', 'scrape_method': 'requests/bs4'}"
PSA_00268,Governance,Article 75 (3) specifically stipulates; Impeachment Must Have Consequences Download Share: John Small Leave a Reply Cancel reply Your email address will not be published.,,{'Kikuyu': None},https://tikenya.org/2026/07/24/press-statement-impeachment-must-have-consequences-keep-the-disgraced-leaders-out-of-the-ballot,Transparency Int'l Kenya,2026-07-26,"{'target_language': 'Kikuyu', 'scrape_method': 'requests/bs4'}"
PSA_00269,Governance,"In his new role, he shall be responsible for offering support to the North Rift Regional Office to ensure successful implementation of the projects and assisting in logistical tasks, data collection and documentation.",,{'Kikuyu': None},https://tikenya.org/2026/07/24/press-statement-impeachment-must-have-consequences-keep-the-disgraced-leaders-out-of-the-ballot,Transparency Int'l Kenya,2026-07-26,"{'target_language': 'Kikuyu', 'scrape_method': 'requests/bs4'}"
PSA_00270,Governance,She is responsible for offering support to the North Rift Regional Office to ensure the successful implementation of the projects and documenting of legal aid cases for walk-in and call-in clients towards achieving the TI-Kenya’s strategic plan.,,{'Kikuyu': None},https://tikenya.org/2026/07/24/press-statement-impeachment-must-have-consequences-keep-the-disgraced-leaders-out-of-the-ballot,Transparency Int'l Kenya,2026-07-26,"{'target_language': 'Kikuyu', 'scrape_method': 'requests/bs4'}"
PSA_00271,Governance,"We strongly believe an impeached leader should not be accorded another opportunity to seek public office, because the Constitution is very clear on the threshold and imperatives of impeachment.",,{'Kikuyu': None},https://tikenya.org/2026/07/24/press-statement-impeachment-must-have-consequences-keep-the-disgraced-leaders-out-of-the-ballot,Transparency Int'l Kenya,2026-07-26,"{'target_language': 'Kikuyu', 'scrape_method': 'requests/bs4'}"
PSA_00272,Governance,Article 75 (3) specifically stipulates; Impeachment Must Have Consequences Download Share: John Small Leave a Reply Cancel reply Your email address will not be published.,,{'Kikuyu': None},https://tikenya.org/2026/07/24/press-statement-impeachment-must-have-consequences-keep-the-disgraced-leaders-out-of-the-ballot,Transparency Int'l Kenya,2026-07-26,"{'target_language': 'Kikuyu', 'scrape_method': 'requests/bs4'}"
PSA_00273,Governance,"In his new role, he shall be responsible for offering support to the North Rift Regional Office to ensure successful implementation of the projects and assisting in logistical tasks, data collection and documentation.",,{'Kikuyu': None},https://tikenya.org/2026/07/24/press-statement-impeachment-must-have-consequences-keep-the-disgraced-leaders-out-of-the-ballot,Transparency Int'l Kenya,2026-07-26,"{'target_language': 'Kikuyu', 'scrape_method': 'requests/bs4'}"
PSA_00274,Governance,She is responsible for offering support to the North Rift Regional Office to ensure the successful implementation of the projects and documenting of legal aid cases for walk-in and call-in clients towards achieving the TI-Kenya’s strategic plan.,,{'Kikuyu': None},https://tikenya.org/2026/07/24/press-statement-impeachment-must-have-consequences-keep-the-disgraced-leaders-out-of-the-ballot,Transparency Int'l Kenya,2026-07-26,"{'target_language': 'Kikuyu', 'scrape_method': 'requests/bs4'}"
PSA_00275,Governance,"In his new role, he shall be responsible for offering support to the North Rift Regional Office to ensure successful implementation of the projects and assisting in logistical tasks, data collection and documentation.",,{'Kikuyu': None},https://tikenya.org/2026/07/14/press-statement-grave-concerns-over-continued-intimidation-harassment-and-attacks-against-the-civic-space-in-kenya,Transparency Int'l Kenya,2026-07-26,"{'target_language': 'Kikuyu', 'scrape_method': 'requests/bs4'}"
PSA_00276,Governance,She is responsible for offering support to the North Rift Regional Office to ensure the successful implementation of the projects and documenting of legal aid cases for walk-in and call-in clients towards achieving the TI-Kenya’s strategic plan.,,{'Kikuyu': None},https://tikenya.org/2026/07/14/press-statement-grave-concerns-over-continued-intimidation-harassment-and-attacks-against-the-civic-space-in-kenya,Transparency Int'l Kenya,2026-07-26,"{'target_language': 'Kikuyu', 'scrape_method': 'requests/bs4'}"
PSA_00277,Governance,"In his new role, he shall be responsible for offering support to the North Rift Regional Office to ensure successful implementation of the projects and assisting in logistical tasks, data collection and documentation.",,{'Kikuyu': None},https://tikenya.org/2026/07/14/press-statement-grave-concerns-over-continued-intimidation-harassment-and-attacks-against-the-civic-space-in-kenya,Transparency Int'l Kenya,2026-07-26,"{'target_language': 'Kikuyu', 'scrape_method': 'requests/bs4'}"
PSA_00278,Governance,She is responsible for offering support to the North Rift Regional Office to ensure the successful implementation of the projects and documenting of legal aid cases for walk-in and call-in clients towards achieving the TI-Kenya’s strategic plan.,,{'Kikuyu': None},https://tikenya.org/2026/07/14/press-statement-grave-concerns-over-continued-intimidation-harassment-and-attacks-against-the-civic-space-in-kenya,Transparency Int'l Kenya,2026-07-26,"{'target_language': 'Kikuyu', 'scrape_method': 'requests/bs4'}"
PSA_00279,Governance,"Alice Wahome, Seeks Support for the Mediation Centre April 20, 2026 by Comms Team 97 Blog , Featured , Press Release , Statement , Story OPINION: What Can We Do to Ensure Women Thrive in the Police Service?",,{'Kikuyu': None},https://fidakenya.org/category/press-release,FIDA Kenya,2026-07-26,"{'target_language': 'Kikuyu', 'scrape_method': 'requests/bs4'}"
PSA_00280,Governance,"July 22, 2025 by Comms Team 98 Featured , Press Release , Report , Statement JOINT STATEMENT: Statement on the Aftermath of the Saba Saba demonstrations and Ngong Investigative Findings.",,{'Kikuyu': None},https://fidakenya.org/category/press-release,FIDA Kenya,2026-07-26,"{'target_language': 'Kikuyu', 'scrape_method': 'requests/bs4'}"
PSA_00281,Governance,"July 15, 2025 by Comms Team 3 Blog , Featured , Press Release , Statement PRESS STATEMENT: FIDA-Kenya Call for Accountability and Justice Following Recent Protest Killings and Sexual Violence in Kenya.",,{'Kikuyu': None},https://fidakenya.org/category/press-release,FIDA Kenya,2026-07-26,"{'target_language': 'Kikuyu', 'scrape_method': 'requests/bs4'}"
PSA_00282,Governance,"Pro Bono Lawyers volunteer their services especially in the hard to reach areas, and on matters where clients do not strictly meet the criteria for free legal services.",,{'Kikuyu': None},https://fidakenya.org/access-to-justice/,FIDA Kenya,2026-07-26,"{'target_language': 'Kikuyu', 'scrape_method': 'requests/bs4'}"
PSA_00283,Governance,"Should the invited party accept a meeting and schedule of a session, a trained and certified mediator will be engaged as the third party and a mediation session is conducted.",,{'Kikuyu': None},https://fidakenya.org/access-to-justice/,FIDA Kenya,2026-07-26,"{'target_language': 'Kikuyu', 'scrape_method': 'requests/bs4'}"
PSA_00284,Governance,"Alice Wahome, Seeks Support for the Mediation Centre April 20, 2026 by Comms Team 97 Blog , Featured , Press Release , Statement , Story OPINION: What Can We Do to Ensure Women Thrive in the Police Service?",,{'Kikuyu': None},https://fidakenya.org/category/press-release/,FIDA Kenya,2026-07-26,"{'target_language': 'Kikuyu', 'scrape_method': 'requests/bs4'}"
PSA_00285,Governance,"July 22, 2025 by Comms Team 98 Featured , Press Release , Report , Statement JOINT STATEMENT: Statement on the Aftermath of the Saba Saba demonstrations and Ngong Investigative Findings.",,{'Kikuyu': None},https://fidakenya.org/category/press-release/,FIDA Kenya,2026-07-26,"{'target_language': 'Kikuyu', 'scrape_method': 'requests/bs4'}"
PSA_00286,Governance,"July 15, 2025 by Comms Team 3 Blog , Featured , Press Release , Statement PRESS STATEMENT: FIDA-Kenya Call for Accountability and Justice Following Recent Protest Killings and Sexual Violence in Kenya.",,{'Kikuyu': None},https://fidakenya.org/category/press-release/,FIDA Kenya,2026-07-26,"{'target_language': 'Kikuyu', 'scrape_method': 'requests/bs4'}"
PSA_00287,Governance,"Alice Wahome, Seeks Support for the Mediation Centre April 20, 2026 by Comms Team 97 Blog , Featured , Press Release , Statement , Story OPINION: What Can We Do to Ensure Women Thrive in the Police Service?",,{'Kikuyu': None},https://fidakenya.org/category/press-release,FIDA Kenya,2026-07-26,"{'target_language': 'Kikuyu', 'scrape_method': 'requests/bs4'}"
PSA_00288,Governance,"July 22, 2025 by Comms Team 98 Featured , Press Release , Report , Statement JOINT STATEMENT: Statement on the Aftermath of the Saba Saba demonstrations and Ngong Investigative Findings.",,{'Kikuyu': None},https://fidakenya.org/category/press-release,FIDA Kenya,2026-07-26,"{'target_language': 'Kikuyu', 'scrape_method': 'requests/bs4'}"
PSA_00289,Governance,"July 15, 2025 by Comms Team 3 Blog , Featured , Press Release , Statement PRESS STATEMENT: FIDA-Kenya Call for Accountability and Justice Following Recent Protest Killings and Sexual Violence in Kenya.",,{'Kikuyu': None},https://fidakenya.org/category/press-release,FIDA Kenya,2026-07-26,"{'target_language': 'Kikuyu', 'scrape_method': 'requests/bs4'}"
PSA_00290,Governance,Membership Registration | FIDA Kenya Membership Registration Membership Registration Please enable JavaScript in your browser to complete this form.,,{'Kikuyu': None},https://fidakenya.org/membership-registration/,FIDA Kenya,2026-07-26,"{'target_language': 'Kikuyu', 'scrape_method': 'requests/bs4'}"
PSA_00291,Governance,Please enable JavaScript in your browser to complete this form.,,{'Kikuyu': None},https://fidakenya.org/membership-registration/,FIDA Kenya,2026-07-26,"{'target_language': 'Kikuyu', 'scrape_method': 'requests/bs4'}"
PSA_00292,Governance,"Through a thorough analysis of key policy informing instruments, we invest in capturing ways in which these national and regional priorities must promote women’s right to be fully and meaningfully realised.",,{'Kikuyu': None},https://fidakenya.org/knowledge-management/,FIDA Kenya,2026-07-26,"{'target_language': 'Kikuyu', 'scrape_method': 'requests/bs4'}"
PSA_00293,Governance,"Public relations and communications FIDA-Kenya continuously engages varied media outlets to ensure prime placement of the organizations’ activities, and its position on key gender-related social and national issues.",,{'Kikuyu': None},https://fidakenya.org/knowledge-management/,FIDA Kenya,2026-07-26,"{'target_language': 'Kikuyu', 'scrape_method': 'requests/bs4'}"
PSA_00294,Governance,"Both men and women are equal and must be treated with utmost dignity, equality, and respect.",,{'Kikuyu': None},https://fidakenya.org/women-and-governance/,FIDA Kenya,2026-07-26,"{'target_language': 'Kikuyu', 'scrape_method': 'requests/bs4'}"
PSA_00295,Governance,"Going forward, FIDA-Kenya endeavours to remain vigilant in this space to ensure that the women workers remain empowered both at the individual and collective level.",,{'Kikuyu': None},https://fidakenya.org/women-and-governance/,FIDA Kenya,2026-07-26,"{'target_language': 'Kikuyu', 'scrape_method': 'requests/bs4'}"
PSA_00296,Governance,There was optimism that there would be sufficient mobilizations to ensure the Bill was passed.,,{'Kikuyu': None},https://fidakenya.org/women-and-governance/,FIDA Kenya,2026-07-26,"{'target_language': 'Kikuyu', 'scrape_method': 'requests/bs4'}"
PSA_00297,Health,"Statement Archives | FIDA Kenya Statement Statement 97 Blog , Featured , Press Release , Statement , Story OPINION: What Can We Do to Ensure Women Thrive in the Police Service?",,{'Kikuyu': None},https://fidakenya.org/category/statement/,FIDA Kenya,2026-07-26,"{'target_language': 'Kikuyu', 'scrape_method': 'requests/bs4'}"
PSA_00298,Governance,"July 23, 2025 by Comms Team 98 Featured , Press Release , Report , Statement JOINT STATEMENT: Statement on the Aftermath of the Saba Saba demonstrations and Ngong Investigative Findings.",,{'Kikuyu': None},https://fidakenya.org/category/statement/,FIDA Kenya,2026-07-26,"{'target_language': 'Kikuyu', 'scrape_method': 'requests/bs4'}"
PSA_00299,Governance,"July 15, 2025 by Comms Team 3 Blog , Featured , Press Release , Statement PRESS STATEMENT: FIDA-Kenya Call for Accountability and Justice Following Recent Protest Killings and Sexual Violence in Kenya.",,{'Kikuyu': None},https://fidakenya.org/category/statement/,FIDA Kenya,2026-07-26,"{'target_language': 'Kikuyu', 'scrape_method': 'requests/bs4'}"
PSA_00300,Education,"Similarly, the organization conducts education and advocacy programs that positively impact on structural, institutional, and legal reforms within Kenya to ensure gender sensitivity and responsiveness.",,{'Kikuyu': None},https://fidakenya.org/how-we-work/,FIDA Kenya,2026-07-26,"{'target_language': 'Kikuyu', 'scrape_method': 'requests/bs4'}"
PSA_00301,Governance,"Alice Wahome, Seeks Support for the Mediation Centre April 20, 2026 by Comms Team 97 Blog , Featured , Press Release , Statement , Story OPINION: What Can We Do to Ensure Women Thrive in the Police Service?",,{'Kikuyu': None},https://fidakenya.org/category/story,FIDA Kenya,2026-07-26,"{'target_language': 'Kikuyu', 'scrape_method': 'requests/bs4'}"
PSA_00302,Governance,"Alice Wahome, Seeks Support for the Mediation Centre April 20, 2026 by Comms Team 97 Blog , Featured , Press Release , Statement , Story OPINION: What Can We Do to Ensure Women Thrive in the Police Service?",,{'Kikuyu': None},https://fidakenya.org/category/story,FIDA Kenya,2026-07-26,"{'target_language': 'Kikuyu', 'scrape_method': 'requests/bs4'}"
PSA_00303,Health,"Mental health interventions must be rooted in dignity, consent, and patient autonomy.",,{'Kikuyu': None},https://fidakenya.org/2025/07/23/press-statement-statement-on-the-tragic-death-of-susan-njoki-the-ceo-and-founder-of-toto-touch,FIDA Kenya,2026-07-26,"{'target_language': 'Kikuyu', 'scrape_method': 'requests/bs4'}"
PSA_00304,Governance,Njoki should have been protected from physical and mental abuse and any form of exploitation.,,{'Kikuyu': None},https://fidakenya.org/2025/07/23/press-statement-statement-on-the-tragic-death-of-susan-njoki-the-ceo-and-founder-of-toto-touch,FIDA Kenya,2026-07-26,"{'target_language': 'Kikuyu', 'scrape_method': 'requests/bs4'}"
PSA_00305,Health,The law requires that a health care provider must obtain written consent from a person with mental illness before administering any treatment.,,{'Kikuyu': None},https://fidakenya.org/2025/07/23/press-statement-statement-on-the-tragic-death-of-susan-njoki-the-ceo-and-founder-of-toto-touch,FIDA Kenya,2026-07-26,"{'target_language': 'Kikuyu', 'scrape_method': 'requests/bs4'}"
PSA_00306,Governance,"The Office of the Director of Public Prosecutions (ODPP) must also ensure that all individuals and institutions involved, including any medical professionals who may have violated their duty of care, are successfully prosecuted.",,{'Kikuyu': None},https://fidakenya.org/2025/07/23/press-statement-statement-on-the-tragic-death-of-susan-njoki-the-ceo-and-founder-of-toto-touch,FIDA Kenya,2026-07-26,"{'target_language': 'Kikuyu', 'scrape_method': 'requests/bs4'}"
PSA_00307,Governance,The Kenya Medical Practitioners and Dentists Council (KMPDC) must also step in and conduct a comprehensive investigation on liability on the part of Chiromo Hospital Group.,,{'Kikuyu': None},https://fidakenya.org/2025/07/23/press-statement-statement-on-the-tragic-death-of-susan-njoki-the-ceo-and-founder-of-toto-touch,FIDA Kenya,2026-07-26,"{'target_language': 'Kikuyu', 'scrape_method': 'requests/bs4'}"
PSA_00308,Governance,"Her life and legacy as a passionate advocate for women and children must not be forgotten, and justice must prevail.",,{'Kikuyu': None},https://fidakenya.org/2025/07/23/press-statement-statement-on-the-tragic-death-of-susan-njoki-the-ceo-and-founder-of-toto-touch,FIDA Kenya,2026-07-26,"{'target_language': 'Kikuyu', 'scrape_method': 'requests/bs4'}"
PSA_00309,Governance,Christine Kungu FIDA-Kenya Chairperson FIDA-Kenya Media Contact: Mark Owuor Otieno – owuorm@fidakenya.org Share: Comments (4) Leave A Comment Your Comment All comments are held for moderation.,,{'Kikuyu': None},https://fidakenya.org/2025/07/23/press-statement-statement-on-the-tragic-death-of-susan-njoki-the-ceo-and-founder-of-toto-touch,FIDA Kenya,2026-07-26,"{'target_language': 'Kikuyu', 'scrape_method': 'requests/bs4'}"
PSA_00310,Governance,"https://www.binance.com/register?ref=IHJUI7TF binance anm""alningsbonus July 25, 2026 Thanks for sharing.",,{'Kikuyu': None},https://fidakenya.org/2025/07/23/press-statement-statement-on-the-tragic-death-of-susan-njoki-the-ceo-and-founder-of-toto-touch,FIDA Kenya,2026-07-26,"{'target_language': 'Kikuyu', 'scrape_method': 'requests/bs4'}"
PSA_00311,Health,"Mental health interventions must be rooted in dignity, consent, and patient autonomy.",,{'Kikuyu': None},https://fidakenya.org/2025/07/23/press-statement-statement-on-the-tragic-death-of-susan-njoki-the-ceo-and-founder-of-toto-touch,FIDA Kenya,2026-07-26,"{'target_language': 'Kikuyu', 'scrape_method': 'requests/bs4'}"
PSA_00312,Governance,Njoki should have been protected from physical and mental abuse and any form of exploitation.,,{'Kikuyu': None},https://fidakenya.org/2025/07/23/press-statement-statement-on-the-tragic-death-of-susan-njoki-the-ceo-and-founder-of-toto-touch,FIDA Kenya,2026-07-26,"{'target_language': 'Kikuyu', 'scrape_method': 'requests/bs4'}"
PSA_00313,Health,The law requires that a health care provider must obtain written consent from a person with mental illness before administering any treatment.,,{'Kikuyu': None},https://fidakenya.org/2025/07/23/press-statement-statement-on-the-tragic-death-of-susan-njoki-the-ceo-and-founder-of-toto-touch,FIDA Kenya,2026-07-26,"{'target_language': 'Kikuyu', 'scrape_method': 'requests/bs4'}"
PSA_00314,Governance,"The Office of the Director of Public Prosecutions (ODPP) must also ensure that all individuals and institutions involved, including any medical professionals who may have violated their duty of care, are successfully prosecuted.",,{'Kikuyu': None},https://fidakenya.org/2025/07/23/press-statement-statement-on-the-tragic-death-of-susan-njoki-the-ceo-and-founder-of-toto-touch,FIDA Kenya,2026-07-26,"{'target_language': 'Kikuyu', 'scrape_method': 'requests/bs4'}"
PSA_00315,Governance,The Kenya Medical Practitioners and Dentists Council (KMPDC) must also step in and conduct a comprehensive investigation on liability on the part of Chiromo Hospital Group.,,{'Kikuyu': None},https://fidakenya.org/2025/07/23/press-statement-statement-on-the-tragic-death-of-susan-njoki-the-ceo-and-founder-of-toto-touch,FIDA Kenya,2026-07-26,"{'target_language': 'Kikuyu', 'scrape_method': 'requests/bs4'}"
PSA_00316,Governance,"Her life and legacy as a passionate advocate for women and children must not be forgotten, and justice must prevail.",,{'Kikuyu': None},https://fidakenya.org/2025/07/23/press-statement-statement-on-the-tragic-death-of-susan-njoki-the-ceo-and-founder-of-toto-touch,FIDA Kenya,2026-07-26,"{'target_language': 'Kikuyu', 'scrape_method': 'requests/bs4'}"
PSA_00317,Governance,Christine Kungu FIDA-Kenya Chairperson FIDA-Kenya Media Contact: Mark Owuor Otieno – owuorm@fidakenya.org Share: Comments (4) Leave A Comment Your Comment All comments are held for moderation.,,{'Kikuyu': None},https://fidakenya.org/2025/07/23/press-statement-statement-on-the-tragic-death-of-susan-njoki-the-ceo-and-founder-of-toto-touch,FIDA Kenya,2026-07-26,"{'target_language': 'Kikuyu', 'scrape_method': 'requests/bs4'}"
PSA_00318,Governance,"https://www.binance.com/register?ref=IHJUI7TF binance anm""alningsbonus July 25, 2026 Thanks for sharing.",,{'Kikuyu': None},https://fidakenya.org/2025/07/23/press-statement-statement-on-the-tragic-death-of-susan-njoki-the-ceo-and-founder-of-toto-touch,FIDA Kenya,2026-07-26,"{'target_language': 'Kikuyu', 'scrape_method': 'requests/bs4'}"
PSA_00319,Security,Cash transfers Emergencies Monitoring Social Protection Grenada 24 July 2026 Asset Impact Monitoring from Space: Report WFPs Asset Impact Monitoring from Space report for Pakistan summarizes 2025 satellite checks of Food Assistance for Assets.,,{'Kikuyu': None},https://www.wfp.org/publications,World Food Programme Kenya,2026-07-26,"{'target_language': 'Kikuyu', 'scrape_method': 'requests/bs4'}"
PSA_00320,Health,"Emergencies Ukraine 21 July 2026 The State of Food Security and Nutrition in the World (SOFI) Report Global hunger declined for a third consecutive year in 2025, demonstrating that progress is possible.",,{'Kikuyu': None},https://www.wfp.org/publications,World Food Programme Kenya,2026-07-26,"{'target_language': 'Kikuyu', 'scrape_method': 'requests/bs4'}"
PSA_00321,Health,"However, the improvements remain fragile, unevenly distributed and insufficient to achieve the Sustainable Development Goals by 2030, according to The State of Food Security and Nutrition in the World 2026 (SOFI 2026) report, released by five UN agencies including WFP.",,{'Kikuyu': None},https://www.wfp.org/publications,World Food Programme Kenya,2026-07-26,"{'target_language': 'Kikuyu', 'scrape_method': 'requests/bs4'}"
PSA_00322,Security,Cash transfers Anticipatory Action Climate services Country strategic planning Partnerships 9 July 2026 Annual Report: Strategic Advisory Panel on Impact Evaluation 2025 This annual report outlines progress made towards implementing WFP's Impact Evaluation Strategy in 2025.,,{'Kikuyu': None},https://www.wfp.org/publications,World Food Programme Kenya,2026-07-26,"{'target_language': 'Kikuyu', 'scrape_method': 'requests/bs4'}"
PSA_00323,Security,"The Strategic Advisory Panel (SAP) plays a key role in providing external experience as WFP implements the Impact Evaluation Strategy, fine-tuning its progress in light of evolving external contexts and emerging lessons.",,{'Kikuyu': None},https://www.wfp.org/publications,World Food Programme Kenya,2026-07-26,"{'target_language': 'Kikuyu', 'scrape_method': 'requests/bs4'}"
PSA_00324,Security,Learn more Contribution and funding reports Publications WFP Annual Review 2025 24 June 2026 WFP Global Outlook 7 July 2026 WFP Annual Report on Flexible Funding 2024 26 June 2025 Show more Related topics Search Advanced search,,{'Kikuyu': None},https://www.wfp.org/funding-and-donors,World Food Programme Kenya,2026-07-26,"{'target_language': 'Kikuyu', 'scrape_method': 'requests/bs4'}"
PSA_00325,Security,It sets out a clear structure to measure and report on the organization’s achievements.,,{'Kikuyu': None},https://www.wfp.org/performance-management-accountability,World Food Programme Kenya,2026-07-26,"{'target_language': 'Kikuyu', 'scrape_method': 'requests/bs4'}"
PSA_00326,Security,"Our performance management and accountability work Planning To ensure our initiatives meet the needs of the countries we work in, each country office designs a multi-year country strategic plan.",,{'Kikuyu': None},https://www.wfp.org/performance-management-accountability,World Food Programme Kenya,2026-07-26,"{'target_language': 'Kikuyu', 'scrape_method': 'requests/bs4'}"
PSA_00327,Security,"Each country office produces an annual country report, which links resources to results and assesses progress against the country strategic outcomes.",,{'Kikuyu': None},https://www.wfp.org/performance-management-accountability,World Food Programme Kenya,2026-07-26,"{'target_language': 'Kikuyu', 'scrape_method': 'requests/bs4'}"
PSA_00328,Security,"At the corporate level, WFP reports on its performance in its annual performance report.",,{'Kikuyu': None},https://www.wfp.org/performance-management-accountability,World Food Programme Kenya,2026-07-26,"{'target_language': 'Kikuyu', 'scrape_method': 'requests/bs4'}"
PSA_00329,Security,The annual performance report is approved by WFP’s Executive Board and guides senior-management decision making.,,{'Kikuyu': None},https://www.wfp.org/performance-management-accountability,World Food Programme Kenya,2026-07-26,"{'target_language': 'Kikuyu', 'scrape_method': 'requests/bs4'}"
PSA_00330,Security,"Our work | World Food Programme Skip to main content We prevent and fight hunger Our early-warning systems, ready-to-deploy emergency workforce and global footprint enable WFP to be a first responder when disaster strikes.",,{'Kikuyu': None},https://www.wfp.org/our-work,World Food Programme Kenya,2026-07-26,"{'target_language': 'Kikuyu', 'scrape_method': 'requests/bs4'}"
PSA_00331,Security,"With women representing more than half of the people we serve, WFP works to ensure that food assistance policies and programmes create conditions that advance gender equality and women’s empowerment.",,{'Kikuyu': None},https://www.wfp.org/our-work,World Food Programme Kenya,2026-07-26,"{'target_language': 'Kikuyu', 'scrape_method': 'requests/bs4'}"
PSA_00332,Security,"We enhance economies and food systems WFP is the largest provider of cash assistance in the humanitarian community, working with wholesalers and retailers to increase food availability and ensure fair prices.",,{'Kikuyu': None},https://www.wfp.org/our-work,World Food Programme Kenya,2026-07-26,"{'target_language': 'Kikuyu', 'scrape_method': 'requests/bs4'}"
PSA_00333,Security,"We do this by helping countries secure money from donors, promoting South–South and triangular cooperation , investing in early-warning and preparedness systems for climate change and other threats, and providing technical advice and operational support to strengthen social protection systems.",,{'Kikuyu': None},https://www.wfp.org/our-work,World Food Programme Kenya,2026-07-26,"{'target_language': 'Kikuyu', 'scrape_method': 'requests/bs4'}"
PSA_00334,Security,"We ensure the right person receives the right benefit via our cloud-based platform, SCOPE, while using blockchain and real-time data to improve the coordination and delivery of assistance across the humanitarian sector.",,{'Kikuyu': None},https://www.wfp.org/our-work,World Food Programme Kenya,2026-07-26,"{'target_language': 'Kikuyu', 'scrape_method': 'requests/bs4'}"
PSA_00335,Security,All system-wide responses to sudden and significant changes to a humanitarian situation (a Level 3 emergency) should trigger an inter-agency evaluation within the first year.,,{'Kikuyu': None},https://www.wfp.org/independent-evaluation,World Food Programme Kenya,2026-07-26,"{'target_language': 'Kikuyu', 'scrape_method': 'requests/bs4'}"
PSA_00336,Security,"To ensure that we remain fit for purpose, we carry out periodic independent evaluations.",,{'Kikuyu': None},https://www.wfp.org/who-we-are,World Food Programme Kenya,2026-07-26,"{'target_language': 'Kikuyu', 'scrape_method': 'requests/bs4'}"
PSA_00337,Security,The ACRs fulfil a contractual agreement with donors and contribute to WFP’s annual corporate statistics and Annual Performance Report.,,{'Kikuyu': None},https://www.wfp.org/annual-country-reports-2025,World Food Programme Kenya,2026-07-26,"{'target_language': 'Kikuyu', 'scrape_method': 'requests/bs4'}"
PSA_00338,Security,"For previous years' Annual Country Reports and Standard Project Reports, please visit the Operations Database or select the year from the links below.",,{'Kikuyu': None},https://www.wfp.org/annual-country-reports-2025,World Food Programme Kenya,2026-07-26,"{'target_language': 'Kikuyu', 'scrape_method': 'requests/bs4'}"
PSA_00339,Security,"Get involved | World Food Programme Skip to main content You can help end hunger There should be no room for hunger in our world, and we all can play a part.",,{'Kikuyu': None},https://www.wfp.org/get-involved,World Food Programme Kenya,2026-07-26,"{'target_language': 'Kikuyu', 'scrape_method': 'requests/bs4'}"
PSA_00340,Security,"The support is designed to help families meet immediate needs, protect livelihoods and avoid deeper crisis as rains continue.",,{'Kikuyu': None},https://www.wfp.org/news,World Food Programme Kenya,2026-07-26,"{'target_language': 'Kikuyu', 'scrape_method': 'requests/bs4'}"
PSA_00341,Security,Cash transfers Emergencies Monitoring Social Protection Grenada 24 July 2026 Asset Impact Monitoring from Space: Report WFPs Asset Impact Monitoring from Space report for Pakistan summarizes 2025 satellite checks of Food Assistance for Assets.,,{'Kikuyu': None},https://www.wfp.org/publications,World Food Programme Kenya,2026-07-26,"{'target_language': 'Kikuyu', 'scrape_method': 'requests/bs4'}"
PSA_00342,Health,"Emergencies Ukraine 21 July 2026 The State of Food Security and Nutrition in the World (SOFI) Report Global hunger declined for a third consecutive year in 2025, demonstrating that progress is possible.",,{'Kikuyu': None},https://www.wfp.org/publications,World Food Programme Kenya,2026-07-26,"{'target_language': 'Kikuyu', 'scrape_method': 'requests/bs4'}"
PSA_00343,Health,"However, the improvements remain fragile, unevenly distributed and insufficient to achieve the Sustainable Development Goals by 2030, according to The State of Food Security and Nutrition in the World 2026 (SOFI 2026) report, released by five UN agencies including WFP.",,{'Kikuyu': None},https://www.wfp.org/publications,World Food Programme Kenya,2026-07-26,"{'target_language': 'Kikuyu', 'scrape_method': 'requests/bs4'}"
PSA_00344,Security,Cash transfers Anticipatory Action Climate services Country strategic planning Partnerships 9 July 2026 Annual Report: Strategic Advisory Panel on Impact Evaluation 2025 This annual report outlines progress made towards implementing WFP's Impact Evaluation Strategy in 2025.,,{'Kikuyu': None},https://www.wfp.org/publications,World Food Programme Kenya,2026-07-26,"{'target_language': 'Kikuyu', 'scrape_method': 'requests/bs4'}"
PSA_00345,Security,"The Strategic Advisory Panel (SAP) plays a key role in providing external experience as WFP implements the Impact Evaluation Strategy, fine-tuning its progress in light of evolving external contexts and emerging lessons.",,{'Kikuyu': None},https://www.wfp.org/publications,World Food Programme Kenya,2026-07-26,"{'target_language': 'Kikuyu', 'scrape_method': 'requests/bs4'}"
PSA_00346,Security,"Report misconduct or wrongdoing WFP supports employees, contractors and others to confidentially report abuse, fraud, waste or mismanagement.",,{'Kikuyu': None},https://www.wfp.org/internal-audit-investigations,World Food Programme Kenya,2026-07-26,"{'target_language': 'Kikuyu', 'scrape_method': 'requests/bs4'}"
PSA_00347,Security,File a report Our work Investigations The Office of Inspections and Investigations conducts investigations into alleged misconduct or wrongdoing involving WFP employees or WFP partners.,,{'Kikuyu': None},https://www.wfp.org/internal-audit-investigations,World Food Programme Kenya,2026-07-26,"{'target_language': 'Kikuyu', 'scrape_method': 'requests/bs4'}"
PSA_00348,Security,"Advisory services are consulting activities aimed at improving the management of risks, add value and strengthen WFP’s operations.",,{'Kikuyu': None},https://www.wfp.org/internal-audit-investigations,World Food Programme Kenya,2026-07-26,"{'target_language': 'Kikuyu', 'scrape_method': 'requests/bs4'}"
PSA_00349,Security,Related WFP policies Code of Conduct Anti-Fraud and Anti-Corruption Protection from Sexual Exploitation and Abuse Protection against Retaliation Reports and publications Audit reports Inspector General's Annual Report Related topics Search Advanced search,,{'Kikuyu': None},https://www.wfp.org/internal-audit-investigations,World Food Programme Kenya,2026-07-26,"{'target_language': 'Kikuyu', 'scrape_method': 'requests/bs4'}"
PSA_00350,Security,"The Ethics Office guides employees to think through the different ethical dilemmas they may face and encourages them to report potential issues, without fear of retaliation.",,{'Kikuyu': None},https://www.wfp.org/ethical-culture,World Food Programme Kenya,2026-07-26,"{'target_language': 'Kikuyu', 'scrape_method': 'requests/bs4'}"
PSA_00351,Security,"Our aim is to empower them to make ethical decisions that do not harm themselves, the people we serve or WFP.",,{'Kikuyu': None},https://www.wfp.org/ethical-culture,World Food Programme Kenya,2026-07-26,"{'target_language': 'Kikuyu', 'scrape_method': 'requests/bs4'}"
PSA_00352,Security,"Climate extremes WFP employs anticipatory action programmes, using early-warning systems to preemptively respond to extreme weather events and safeguard communities.",,{'Kikuyu': None},https://www.wfp.org/ending-hunger,World Food Programme Kenya,2026-07-26,"{'target_language': 'Kikuyu', 'scrape_method': 'requests/bs4'}"
PSA_00353,Governance,"In this role, he leads WFP’s work in assessment and analysis, programme and policy design, and supply chain to ensure WFP delivers on its mandate of saving lives and changing lives.",,{'Kikuyu': None},https://www.wfp.org/governance-and-leadership,World Food Programme Kenya,2026-07-26,"{'target_language': 'Kikuyu', 'scrape_method': 'requests/bs4'}"
PSA_00354,Security,WFP is deploying artificial intelligence to help ensure food assistance reaches the right people and in the right amounts.,,{'Kikuyu': None},https://www.wfp.org/stories,World Food Programme Kenya,2026-07-26,"{'target_language': 'Kikuyu', 'scrape_method': 'requests/bs4'}"
PSA_00355,Security,Submit Close Close Close Facebook This field is for validation purposes and should be left unchanged.,,{'Kikuyu': None},https://www.actionagainsthunger.org/global-impact/where-we-work/asia,Action Against Hunger Kenya,2026-07-26,"{'target_language': 'Kikuyu', 'scrape_method': 'requests/bs4'}"
PSA_00356,Security,Submit Close Close Close Instagram This field is for validation purposes and should be left unchanged.,,{'Kikuyu': None},https://www.actionagainsthunger.org/the-hunger-crisis/the-causes-of-hunger/inequity/,Action Against Hunger Kenya,2026-07-26,"{'target_language': 'Kikuyu', 'scrape_method': 'requests/bs4'}"
PSA_00357,Security,Meet our Board Our Advisory Council Action Against Hunger’s Advisory Council is a group of leaders who are lending their expertise to help us save more lives and end global hunger.,,{'Kikuyu': None},https://www.actionagainsthunger.org/who-we-are/leadership/,Action Against Hunger Kenya,2026-07-26,"{'target_language': 'Kikuyu', 'scrape_method': 'requests/bs4'}"
PSA_00358,Security,Meet our Advisory Council Where we work Action Against Hunger reaches 26.5 million people a year in more than 55 countries.,,{'Kikuyu': None},https://www.actionagainsthunger.org/who-we-are/leadership/,Action Against Hunger Kenya,2026-07-26,"{'target_language': 'Kikuyu', 'scrape_method': 'requests/bs4'}"
PSA_00359,Security,"We do not have enough food - just a bit of rice, wheat, and flour, nothing else.",,{'Kikuyu': None},https://www.actionagainsthunger.org/the-hunger-crisis/world-hunger-facts/,Action Against Hunger Kenya,2026-07-26,"{'target_language': 'Kikuyu', 'scrape_method': 'requests/bs4'}"
PSA_00360,Security,"Action Against Hunger experts are available for comment on the report’s key findings, what they mean for vulnerable communities, and the urgent actions needed to strengthen food security in the years ahead.",,{'Kikuyu': None},https://www.actionagainsthunger.org/global-impact/story/,Action Against Hunger Kenya,2026-07-26,"{'target_language': 'Kikuyu', 'scrape_method': 'requests/bs4'}"
PSA_00361,Security,"For Action Against Hunger, these forecasts serve as a warning: the humanitarian consequences could be severe in contexts already weakened by conflict, economic crises and climate change.",,{'Kikuyu': None},https://www.actionagainsthunger.org/global-impact/story/,Action Against Hunger Kenya,2026-07-26,"{'target_language': 'Kikuyu', 'scrape_method': 'requests/bs4'}"
PSA_00362,Security,Close Close Close X/Twitter This field is for validation purposes and should be left unchanged.,,{'Kikuyu': None},https://www.actionagainsthunger.org/global-impact/story/,Action Against Hunger Kenya,2026-07-26,"{'target_language': 'Kikuyu', 'scrape_method': 'requests/bs4'}"
PSA_00363,Security,X/Twitter This field is for validation purposes and should be left unchanged.,,{'Kikuyu': None},https://www.actionagainsthunger.org/location/europe/ukraine/,Action Against Hunger Kenya,2026-07-26,"{'target_language': 'Kikuyu', 'scrape_method': 'requests/bs4'}"
PSA_00364,Security,"Food Insecurity Defined Food insecurity exists when people do not have adequate physical, social, or economic access to nutritious food.",,{'Kikuyu': None},https://www.actionagainsthunger.org/the-hunger-crisis/world-hunger-facts/what-is-food-insecurity/,Action Against Hunger Kenya,2026-07-26,"{'target_language': 'Kikuyu', 'scrape_method': 'requests/bs4'}"
PSA_00365,Security,Submit X/Twitter This field is for validation purposes and should be left unchanged.,,{'Kikuyu': None},https://www.actionagainsthunger.org/the-hunger-crisis/world-hunger-facts/what-is-food-insecurity/,Action Against Hunger Kenya,2026-07-26,"{'target_language': 'Kikuyu', 'scrape_method': 'requests/bs4'}"
PSA_00366,Security,Submit Close Close Close Email This field is for validation purposes and should be left unchanged.,,{'Kikuyu': None},https://www.actionagainsthunger.org/the-hunger-crisis/world-hunger-facts/what-is-food-insecurity/,Action Against Hunger Kenya,2026-07-26,"{'target_language': 'Kikuyu', 'scrape_method': 'requests/bs4'}"
PSA_00367,Security,Submit Close Close Close URL This field is for validation purposes and should be left unchanged.,,{'Kikuyu': None},https://www.actionagainsthunger.org/who-we-are/about/,Action Against Hunger Kenya,2026-07-26,"{'target_language': 'Kikuyu', 'scrape_method': 'requests/bs4'}"
PSA_00368,Security,Contact Us | Action Against Hunger Skip to main content Venezuela Earthquake Help Now Have a question?,,{'Kikuyu': None},https://www.actionagainsthunger.org/who-we-are/contact/,Action Against Hunger Kenya,2026-07-26,"{'target_language': 'Kikuyu', 'scrape_method': 'requests/bs4'}"
PSA_00369,Security,"Before you contact us, please review our Frequently Asked Questions page.",,{'Kikuyu': None},https://www.actionagainsthunger.org/who-we-are/contact/,Action Against Hunger Kenya,2026-07-26,"{'target_language': 'Kikuyu', 'scrape_method': 'requests/bs4'}"
PSA_00370,Security,Follow Us on Social Media Facebook X Instagram TikTok LinkedIn YouTube Contact Us Name This field is for validation purposes and should be left unchanged.,,{'Kikuyu': None},https://www.actionagainsthunger.org/who-we-are/contact/,Action Against Hunger Kenya,2026-07-26,"{'target_language': 'Kikuyu', 'scrape_method': 'requests/bs4'}"
PSA_00371,Security,Submit Close Close Close URL This field is for validation purposes and should be left unchanged.,,{'Kikuyu': None},https://www.actionagainsthunger.org/who-we-are/contact/,Action Against Hunger Kenya,2026-07-26,"{'target_language': 'Kikuyu', 'scrape_method': 'requests/bs4'}"
PSA_00372,Security,"Previous Photo Pause Video Next Photo Let's take action Together, we can end hunger.",,{'Kikuyu': None},https://www.actionagainsthunger.org/,Action Against Hunger Kenya,2026-07-26,"{'target_language': 'Kikuyu', 'scrape_method': 'requests/bs4'}"
PSA_00373,Security,Submit Close Company This field is for validation purposes and should be left unchanged.,,{'Kikuyu': None},https://www.actionagainsthunger.org/,Action Against Hunger Kenya,2026-07-26,"{'target_language': 'Kikuyu', 'scrape_method': 'requests/bs4'}"
PSA_00374,Governance,"We urgently call for de-escalation, the protection of civilians, and full respect of international humanitarian law.” In the Occupied Palestinian Territory, communities in Gaza and the West Bank, including East Jerusalem, face escalating risks and disruption.",,{'Kikuyu': None},https://www.actionagainsthunger.org/location/middle-east/west-bank-gaza/,Action Against Hunger Kenya,2026-07-26,"{'target_language': 'Kikuyu', 'scrape_method': 'requests/bs4'}"
PSA_00375,Security,"Access to safety, food, water, and essential services is critical, and civilians must be protected at all times.",,{'Kikuyu': None},https://www.actionagainsthunger.org/location/middle-east/west-bank-gaza/,Action Against Hunger Kenya,2026-07-26,"{'target_language': 'Kikuyu', 'scrape_method': 'requests/bs4'}"
PSA_00376,Security,"Help Now Urgent Call for Ceasefire Action Against Hunger joins the call for a permanent ceasefire that allows a full-scale humanitarian response, protects civilians, and preserves critical infrastructure.",,{'Kikuyu': None},https://www.actionagainsthunger.org/location/middle-east/west-bank-gaza/,Action Against Hunger Kenya,2026-07-26,"{'target_language': 'Kikuyu', 'scrape_method': 'requests/bs4'}"
PSA_00377,Security,Name This field is for validation purposes and should be left unchanged.,,{'Kikuyu': None},https://www.actionagainsthunger.org/location/middle-east/west-bank-gaza/,Action Against Hunger Kenya,2026-07-26,"{'target_language': 'Kikuyu', 'scrape_method': 'requests/bs4'}"
PSA_00378,Security,"We ensure that key financial information is publicly available, with guarantees of good management.",,{'Kikuyu': None},https://www.actionagainsthunger.org/who-we-are/financials-reports/,Action Against Hunger Kenya,2026-07-26,"{'target_language': 'Kikuyu', 'scrape_method': 'requests/bs4'}"
PSA_00379,Security,Name This field is for validation purposes and should be left unchanged.,,{'Kikuyu': None},https://www.actionagainsthunger.org/the-hunger-crisis/world-hunger-facts/who-does-hunger-affect/,Action Against Hunger Kenya,2026-07-26,"{'target_language': 'Kikuyu', 'scrape_method': 'requests/bs4'}"
PSA_00380,Security,Previous Photo Next Photo Close Close Close URL This field is for validation purposes and should be left unchanged.,,{'Kikuyu': None},https://www.actionagainsthunger.org/the-hunger-crisis/world-hunger-facts/who-does-hunger-affect/,Action Against Hunger Kenya,2026-07-26,"{'target_language': 'Kikuyu', 'scrape_method': 'requests/bs4'}"
PSA_00381,Security,"According to the FAO-WFP report on Hunger Hotspots , these are the world’s most concerning hunger hotspots—places where conflict, climate disasters, and economic instability have pushed families to the brink.",,{'Kikuyu': None},https://www.actionagainsthunger.org/the-hunger-crisis/world-hunger-facts/the-worlds-hungriest-countries/,Action Against Hunger Kenya,2026-07-26,"{'target_language': 'Kikuyu', 'scrape_method': 'requests/bs4'}"
PSA_00382,Security,Company This field is for validation purposes and should be left unchanged.,,{'Kikuyu': None},https://www.actionagainsthunger.org/location/africa/sudan/,Action Against Hunger Kenya,2026-07-26,"{'target_language': 'Kikuyu', 'scrape_method': 'requests/bs4'}"
PSA_00383,Security,Name This field is for validation purposes and should be left unchanged.,,{'Kikuyu': None},https://www.actionagainsthunger.org/location/africa/somalia/,Action Against Hunger Kenya,2026-07-26,"{'target_language': 'Kikuyu', 'scrape_method': 'requests/bs4'}"
PSA_00384,Health,"This can occur when children do not have access to diverse nutrients, drink dirty or contaminated water, or lack proper healthcare.",,{'Kikuyu': None},https://www.actionagainsthunger.org/the-hunger-crisis/world-hunger-facts/what-is-hunger/,Action Against Hunger Kenya,2026-07-26,"{'target_language': 'Kikuyu', 'scrape_method': 'requests/bs4'}"
PSA_00385,Security,"We can create a world free from hunger, for everyone, for good – first, we must tackle its root causes.",,{'Kikuyu': None},https://www.actionagainsthunger.org/the-hunger-crisis/the-causes-of-hunger/,Action Against Hunger Kenya,2026-07-26,"{'target_language': 'Kikuyu', 'scrape_method': 'requests/bs4'}"
PSA_00386,Security,Previous Photo Next Photo Close Close Close Phone This field is for validation purposes and should be left unchanged.,,{'Kikuyu': None},https://www.actionagainsthunger.org/the-hunger-crisis/the-causes-of-hunger/,Action Against Hunger Kenya,2026-07-26,"{'target_language': 'Kikuyu', 'scrape_method': 'requests/bs4'}"
PSA_00387,Health,"We ensure everyone can access clean water, food, training, and healthcare.",,{'Kikuyu': None},https://www.actionagainsthunger.org/careers/,Action Against Hunger Kenya,2026-07-26,"{'target_language': 'Kikuyu', 'scrape_method': 'requests/bs4'}"
PSA_00388,Health,"Our team works across the world to ensure everyone can access clean water, food, training, and healthcare.",,{'Kikuyu': None},https://www.actionagainsthunger.org/careers/,Action Against Hunger Kenya,2026-07-26,"{'target_language': 'Kikuyu', 'scrape_method': 'requests/bs4'}"
PSA_00389,Security,What We Look For We seek talented and passionate professionals to join our workforce.,,{'Kikuyu': None},https://www.actionagainsthunger.org/careers/,Action Against Hunger Kenya,2026-07-26,"{'target_language': 'Kikuyu', 'scrape_method': 'requests/bs4'}"
PSA_00390,Security,Previous Photo Next Photo Close Close Close Name This field is for validation purposes and should be left unchanged.,,{'Kikuyu': None},https://www.actionagainsthunger.org/careers/,Action Against Hunger Kenya,2026-07-26,"{'target_language': 'Kikuyu', 'scrape_method': 'requests/bs4'}"
PSA_00391,Security,"If a country, or part of a country, meets famine criteria, then each member of the country’s IPC Technical Working Group must reach a consensus on these findings before famine is declared.",,{'Kikuyu': None},https://www.actionagainsthunger.org/the-hunger-crisis/world-hunger-facts/what-is-famine/,Action Against Hunger Kenya,2026-07-26,"{'target_language': 'Kikuyu', 'scrape_method': 'requests/bs4'}"
PSA_00392,Security,"The planet produces enough food to feed everyone on earth, and yet more than 231 million people are expected to face high levels of acute food insecurity this year, according to the 2025 Global Report on Food Crises .",,{'Kikuyu': None},https://www.actionagainsthunger.org/the-hunger-crisis/world-hunger-facts/what-is-famine/,Action Against Hunger Kenya,2026-07-26,"{'target_language': 'Kikuyu', 'scrape_method': 'requests/bs4'}"
PSA_00393,Security,Political decisions — there must be informed decision-making and political will to act before a hunger crisis reaches the stage of famine.,,{'Kikuyu': None},https://www.actionagainsthunger.org/the-hunger-crisis/world-hunger-facts/what-is-famine/,Action Against Hunger Kenya,2026-07-26,"{'target_language': 'Kikuyu', 'scrape_method': 'requests/bs4'}"
PSA_00394,Security,"Our teams also research better ways to understand, prevent, and address hunger crises, advocate for greater humanitarian access to communities in need, and push world leaders to take action to create a world free from hunger.",,{'Kikuyu': None},https://www.actionagainsthunger.org/the-hunger-crisis/world-hunger-facts/what-is-famine/,Action Against Hunger Kenya,2026-07-26,"{'target_language': 'Kikuyu', 'scrape_method': 'requests/bs4'}"
PSA_00395,Security,"For months before a famine is declared, the United Nations, humanitarian organizations, and other actors warn of deteriorating humanitarian crises.",,{'Kikuyu': None},https://www.actionagainsthunger.org/the-hunger-crisis/world-hunger-facts/what-is-famine/,Action Against Hunger Kenya,2026-07-26,"{'target_language': 'Kikuyu', 'scrape_method': 'requests/bs4'}"
PSA_00396,Security,"With early warning systems, proactive response, and political will, famine can always be avoided.",,{'Kikuyu': None},https://www.actionagainsthunger.org/the-hunger-crisis/world-hunger-facts/what-is-famine/,Action Against Hunger Kenya,2026-07-26,"{'target_language': 'Kikuyu', 'scrape_method': 'requests/bs4'}"
PSA_00397,Security,"All three famine thresholds must be met with a reasonable degree of evidence for famine to be declared, signaling the most extreme level of hunger.",,{'Kikuyu': None},https://www.actionagainsthunger.org/the-hunger-crisis/world-hunger-facts/what-is-famine/,Action Against Hunger Kenya,2026-07-26,"{'target_language': 'Kikuyu', 'scrape_method': 'requests/bs4'}"
PSA_00398,Security,"Mortality still occurs at Emergency (Phase 4), and urgent action must be taken to alleviate hunger before famine is reached.",,{'Kikuyu': None},https://www.actionagainsthunger.org/the-hunger-crisis/world-hunger-facts/what-is-famine/,Action Against Hunger Kenya,2026-07-26,"{'target_language': 'Kikuyu', 'scrape_method': 'requests/bs4'}"
PSA_00399,Security,Previous Photo Next Photo Close Close Close Company This field is for validation purposes and should be left unchanged.,,{'Kikuyu': None},https://www.actionagainsthunger.org/the-hunger-crisis/world-hunger-facts/what-is-famine/,Action Against Hunger Kenya,2026-07-26,"{'target_language': 'Kikuyu', 'scrape_method': 'requests/bs4'}"
PSA_00400,Security,Instagram This field is for validation purposes and should be left unchanged.,,{'Kikuyu': None},https://www.actionagainsthunger.org/global-impact/where-we-work/middle-east,Action Against Hunger Kenya,2026-07-26,"{'target_language': 'Kikuyu', 'scrape_method': 'requests/bs4'}"
PSA_00401,Security,Submit Close Close Close X/Twitter This field is for validation purposes and should be left unchanged.,,{'Kikuyu': None},https://www.actionagainsthunger.org/global-impact/where-we-work/middle-east,Action Against Hunger Kenya,2026-07-26,"{'target_language': 'Kikuyu', 'scrape_method': 'requests/bs4'}"
PSA_00402,Security,Submit Close Close Close Phone This field is for validation purposes and should be left unchanged.,,{'Kikuyu': None},https://www.actionagainsthunger.org/global-impact/where-we-work/americas,Action Against Hunger Kenya,2026-07-26,"{'target_language': 'Kikuyu', 'scrape_method': 'requests/bs4'}"
PSA_00403,Security,Submit Close Close Close Instagram This field is for validation purposes and should be left unchanged.,,{'Kikuyu': None},https://www.actionagainsthunger.org/story/growing-equity-in-kenya,Action Against Hunger Kenya,2026-07-26,"{'target_language': 'Kikuyu', 'scrape_method': 'requests/bs4'}"
PSA_00404,Security,Learn More The nurse and Patrick had a brief informational session with Nolntulan on how and when she should give RUTF to Rashaei.,,{'Kikuyu': None},https://www.actionagainsthunger.org/story/from-the-brink-rashaeis-recovery,Action Against Hunger Kenya,2026-07-26,"{'target_language': 'Kikuyu', 'scrape_method': 'requests/bs4'}"
PSA_00405,Health,"“Through our outreach clinics and working with community health workers, we want to ensure all children under 5 years are screened and treated for malnutrition,” says Mwangi.",,{'Kikuyu': None},https://www.actionagainsthunger.org/story/from-the-brink-rashaeis-recovery,Action Against Hunger Kenya,2026-07-26,"{'target_language': 'Kikuyu', 'scrape_method': 'requests/bs4'}"
PSA_00406,Security,Submit Close Close Close Phone This field is for validation purposes and should be left unchanged.,,{'Kikuyu': None},https://www.actionagainsthunger.org/story/from-the-brink-rashaeis-recovery,Action Against Hunger Kenya,2026-07-26,"{'target_language': 'Kikuyu', 'scrape_method': 'requests/bs4'}"
